<?xml version="1.0" encoding="utf-8"?>
<COLLADA xmlns="http://www.collada.org/2005/11/COLLADASchema" version="1.4.1" xmlns:xsi="http://www.w3.org/2001/XMLSchema-instance">
  <asset>
    <contributor>
      <author>Blender User</author>
      <authoring_tool>Blender 4.5.8 LTS commit date:2026-03-16, commit time:16:54, hash:d7359176d0d3</authoring_tool>
    </contributor>
    <created>2026-06-19T15:01:14</created>
    <modified>2026-06-19T15:01:14</modified>
    <unit name="meter" meter="1"/>
    <up_axis>Z_UP</up_axis>
  </asset>
  <library_cameras>
    <camera id="Camera-camera" name="Camera">
      <optics>
        <technique_common>
          <perspective>
            <xfov sid="xfov">39.59775</xfov>
            <aspect_ratio>1.777778</aspect_ratio>
            <znear sid="znear">0.1</znear>
            <zfar sid="zfar">100</zfar>
          </perspective>
        </technique_common>
      </optics>
      <extra>
        <technique profile="blender">
          <shiftx sid="shiftx" type="float">0</shiftx>
          <shifty sid="shifty" type="float">0</shifty>
          <dof_distance sid="dof_distance" type="float">10</dof_distance>
        </technique>
      </extra>
    </camera>
  </library_cameras>
  <library_lights>
    <light id="Light-light" name="Light">
      <technique_common>
        <point>
          <color sid="color">1000 1000 1000</color>
          <constant_attenuation>1</constant_attenuation>
          <linear_attenuation>0</linear_attenuation>
          <quadratic_attenuation>0</quadratic_attenuation>
        </point>
      </technique_common>
      <extra>
        <technique profile="blender">
          <type sid="type" type="int">0</type>
          <flag sid="flag" type="int">0</flag>
          <mode sid="mode" type="int">2097153</mode>
          <red sid="red" type="float">1</red>
          <green sid="green" type="float">1</green>
          <blue sid="blue" type="float">1</blue>
          <energy sid="blender_energy" type="float">1000</energy>
          <spotsize sid="spotsize" type="float">75</spotsize>
          <spotblend sid="spotblend" type="float">0.15</spotblend>
          <clipsta sid="clipsta" type="float">0.04999995</clipsta>
          <clipend sid="clipend" type="float">40</clipend>
          <radius sid="radius" type="float">0.1</radius>
          <area_shape sid="area_shape" type="int">1</area_shape>
          <area_size sid="area_size" type="float">0.1</area_size>
          <area_sizey sid="area_sizey" type="float">0.1</area_sizey>
          <area_sizez sid="area_sizez" type="float">1</area_sizez>
        </technique>
      </extra>
    </light>
  </library_lights>
  <library_effects>
    <effect id="Material_001-effect">
      <profile_COMMON>
        <technique sid="common">
          <lambert>
            <emission>
              <color sid="emission">0 0 0 1</color>
            </emission>
            <diffuse>
              <color sid="diffuse">0 0 0 1</color>
            </diffuse>
            <index_of_refraction>
              <float sid="ior">1.5</float>
            </index_of_refraction>
          </lambert>
        </technique>
      </profile_COMMON>
    </effect>
  </library_effects>
  <library_images/>
  <library_materials>
    <material id="Material_001-material" name="Material.001">
      <instance_effect url="#Material_001-effect"/>
    </material>
  </library_materials>
  <library_geometries>
    <geometry id="soporte_v4_20x20__IMPRESIÓN_3D_-mesh" name="soporte_v4_20x20 [IMPRESIÓN 3D]">
      <mesh>
        <source id="soporte_v4_20x20__IMPRESIÓN_3D_-mesh-positions">
          <float_array id="soporte_v4_20x20__IMPRESIÓN_3D_-mesh-positions-array" count="7044">-6.137054 51.18282 21.6 -6.25 50 21.6 -2 50 17.35 -6.137054 48.81718 21.6 -1.931852 49.48236 17.35 -5.802299 47.67711 21.6 -1.732051 49 17.35 -5.257834 46.62099 21.6 -1.414214 48.58578 17.35 -4.523338 45.68701 21.6 -3.625356 44.9089 21.6 -1 48.26795 17.35 -2.596344 44.3148 21.6 -0.5176381 48.06815 17.35 -1.473493 43.92618 21.6 -0.297387 43.75708 21.6 0 48 17.35 0.8894677 43.81362 21.6 0.5176381 48.06815 17.35 2.044175 44.09375 21.6 1 48.26795 17.35 3.125 44.58734 21.6 4.09288 45.27656 21.6 1.414214 48.58578 17.35 4.912832 46.1365 21.6 1.732051 49 17.35 5.555222 47.13608 21.6 1.931852 49.48236 17.35 5.996831 48.23917 21.6 6.2217 49.4059 21.6 2 50 17.35 6.2217 50.5941 21.6 1.931852 50.51764 17.35 5.996831 51.76083 21.6 5.555222 52.86391 21.6 1.732051 51 17.35 4.912832 53.86349 21.6 1.414214 51.41421 17.35 4.09288 54.72343 21.6 1 51.73205 17.35 3.125 55.41266 21.6 2.044175 55.90625 21.6 0.5176381 51.93185 17.35 0.8894677 56.18638 21.6 0 52 17.35 -0.297387 56.24292 21.6 -0.5176381 51.93185 17.35 -1.473493 56.07382 21.6 -2.596344 55.6852 21.6 -1 51.73205 17.35 -3.625356 55.0911 21.6 -1.414214 51.41421 17.35 -4.523338 54.31299 21.6 -5.257834 53.379 21.6 -1.732051 51 17.35 -5.802299 52.32289 21.6 -1.931852 50.51764 17.35 -9.548193 15 3.961353 -9.548193 38.33333 3.961353 -10.15 15 5.075472 -9.548193 61.66667 3.961353 -10.15 85 5.075472 -9.548193 85 3.961353 -9.146667 85 2.760432 -9.146667 61.66667 2.760432 -8.957352 85 1.508396 -8.957352 61.66667 1.508396 -8.985875 85 0.2424499 -8.985875 61.66667 0.2424499 -9.231388 85 -0.9997889 -9.231388 61.66667 -0.9997889 -9.686594 85 -2.181407 -9.686594 61.66667 -2.181407 -10.33797 85 -3.267291 -10.33797 61.66667 -3.267291 -11.16615 85 -4.225175 -11.16615 61.66667 -4.225175 -12.14654 85 -5.026594 -12.14654 61.66667 -5.026594 -13.25 85 -5.647735 -12.14654 38.33333 -5.026594 -13.25 15 -5.647735 -12.14654 15 -5.026594 -11.16615 15 -4.225175 -11.16615 38.33333 -4.225175 -10.33797 15 -3.267291 -10.33797 38.33333 -3.267291 -9.686594 15 -2.181407 -9.686594 38.33333 -2.181407 -9.231388 15 -0.9997889 -9.231388 38.33333 -0.9997889 -8.985875 15 0.2424499 -8.985875 38.33333 0.2424499 -8.957352 15 1.508396 -8.957352 38.33333 1.508396 -9.146667 15 2.760432 -9.146667 38.33333 2.760432 12.14654 15 -5.026594 12.14654 38.33333 -5.026594 13.25 15 -5.647735 12.14654 61.66667 -5.026594 13.25 85 -5.647735 12.14654 85 -5.026594 11.16615 85 -4.225175 11.16615 61.66667 -4.225175 10.33797 85 -3.267291 10.33797 61.66667 -3.267291 9.686594 85 -2.181407 9.686594 61.66667 -2.181407 9.231388 85 -0.9997889 9.231388 61.66667 -0.9997889 8.985875 85 0.2424499 8.985875 61.66667 0.2424499 8.957352 85 1.508396 8.957352 61.66667 1.508396 9.146667 85 2.760432 9.146667 61.66667 2.760432 9.548193 85 3.961353 9.548193 61.66667 3.961353 10.15 85 5.075472 9.548193 38.33333 3.961353 10.15 15 5.075472 9.548193 15 3.961353 9.146667 15 2.760432 9.146667 38.33333 2.760432 8.957352 15 1.508396 8.957352 38.33333 1.508396 8.985875 15 0.2424499 8.985875 38.33333 0.2424499 9.231388 15 -0.9997889 9.231388 38.33333 -0.9997889 9.686594 15 -2.181407 9.686594 38.33333 -2.181407 10.33797 15 -3.267291 10.33797 38.33333 -3.267291 11.16615 15 -4.225175 11.16615 38.33333 -4.225175 -13.76764 15 -5.579586 -14.25 15 -5.379785 -14.66421 15 -5.061948 -14.98205 15 -4.647735 -15.18185 15 -4.165372 -15.25 15 -3.647734 -11.01603 15 10.1 -11.11593 15 10.34118 -10.15 15 9.600001 -10.40882 15 9.634075 -10.65 15 9.733975 -10.85711 15 9.892893 -11.15 15 10.6 -15.25 15 37.65108 -11.11593 15 10.85882 -11.01603 15 11.1 -10.85711 15 11.30711 -10.65 15 11.46603 -10.40882 15 11.56593 -10.15 15 11.6 -9.891181 15 11.56593 -9.65 15 11.46603 -3.1 15 10.6 -9.442893 15 11.30711 -9.283975 15 11.1 -9.184075 15 10.85882 -9.15 15 10.6 -3.1 15 5.6 3.1 15 5.6 3.1 15 10.6 -14.66421 15 39.06529 -14.98205 15 38.65108 9.15 15 10.6 9.184075 15 10.85882 9.283975 15 11.1 9.442893 15 11.30711 9.65 15 11.46603 9.891181 15 11.56593 15.25 15 45.65665 10.15 15 11.6 10.40882 15 11.56593 10.65 15 11.46603 10.85711 15 11.30711 11.01603 15 11.1 11.11593 15 10.85882 15.25 15 -3.647734 11.15 15 10.6 11.11593 15 10.34118 11.01603 15 10.1 10.85711 15 9.892893 10.65 15 9.733975 10.40882 15 9.634075 10.15 15 9.600001 15.18185 15 -4.165372 14.98205 15 -4.647735 14.66421 15 -5.061948 14.25 15 -5.379785 13.76764 15 -5.579586 15.34124 15 46.39088 1.158268 15 52.19187 -5.948747 15 47.78076 15.6094 15 47.08044 16.03817 15 47.68341 16.60147 15 48.16311 17.26505 15 48.49035 17.98853 15 48.64523 34.28174 15 55.0898 34.71752 15 50.10882 -5.676177 15 48.12037 0.6366605 15 52.21464 -5.483575 15 48.51093 0.1387203 15 52.37164 -5.380071 15 48.93392 -0.3016183 15 52.65217 -5.370571 15 49.36928 -0.6543473 15 53.0371 -0.8954284 15 53.50022 -5.783935 15 54.09406 -1.008432 15 54.00995 -3.965857 15 56.26076 -2.222517 15 56.41328 -1.139166 15 55.50424 -1.961713 15 56.40189 -1.712743 15 56.32339 -1.492573 15 56.18313 -1.316209 15 55.99066 -1.195668 15 55.7591 -4.475586 15 56.14775 -4.938699 15 55.90667 -5.323635 15 55.55394 -5.604161 15 55.1136 -5.761161 15 54.61566 -15.18185 15 38.16872 13.76764 45 -5.579586 13.76764 35 -5.579586 13.76764 25 -5.579586 14.25 25 -5.379785 14.66421 25 -5.061948 14.98205 25 -4.647735 15.18185 25 -4.165372 15.18185 35 -4.165372 15.18185 45 -4.165372 14.98205 45 -4.647735 14.98205 55 -4.647735 14.66421 55 -5.061948 14.66421 65 -5.061948 14.25 65 -5.379785 14.25 75 -5.379785 13.76764 75 -5.579586 13.76764 85 -5.579586 13.76764 65 -5.579586 13.76764 55 -5.579586 14.25 55 -5.379785 14.25 45 -5.379785 14.66421 45 -5.061948 14.66421 35 -5.061948 14.98205 35 -4.647735 14.25 85 -5.379785 14.66421 75 -5.061948 14.98205 65 -4.647735 15.18185 55 -4.165372 14.66421 85 -5.061948 14.98205 75 -4.647735 15.18185 65 -4.165372 15.25 85 -3.647734 14.98205 85 -4.647735 15.18185 75 -4.165372 15.18185 85 -4.165372 14.25 35 -5.379785 -3.131938 78.11764 46.72902 7.431267 78.11764 47.65318 -3.137878 77.6 46.79691 17.58489 77.93249 48.58158 17.98853 77.6 48.64523 -3.114524 78.6 46.52998 7.448715 78.60068 47.45375 17.17424 78.27239 48.45708 16.77595 78.6011 48.26912 16.40694 78.90134 48.02353 7.476382 79.01422 47.13751 16.07472 79.16313 47.72213 7.512483 79.33206 46.72487 15.76777 79.38871 47.34132 7.554524 79.53186 46.24435 15.51715 79.54357 46.89298 15.42036 79.58544 46.6522 -3.008681 79.53186 45.32019 -2.963566 79.6 44.80452 -3.086823 79.01422 46.21335 -3.050722 79.33206 45.80071 15.34518 79.6 46.40633 -5.304579 77.6 48.61499 -5.321242 77.85813 48.61353 -5.191575 77.6 48.10525 -5.370954 78.11194 48.60918 -5.297715 78.11764 48.21057 -5.452884 78.35718 48.60201 -5.489533 78.6 48.15466 -5.630178 78.7901 48.19618 -5.323884 78.6 47.74207 -5.77021 79.01444 47.98512 -5.60581 79.01422 47.59531 -5.948747 79.2169 47.78076 -5.973222 79.33206 47.40405 -6.157163 79.38231 47.57234 -6.369547 79.49874 47.35996 -6.401082 79.53186 47.18132 -6.603136 79.57321 47.12637 -6.028029 79.53186 46.6096 -6.834961 79.6 46.89455 -6.302494 79.6 46.13259 -5.550608 79.53186 46.12165 -5.608532 79.6 45.51412 -4.987166 79.53186 45.73622 -4.790555 79.6 45.07252 -4.359355 79.53186 45.46811 -3.892737 79.6 44.83165 -3.691303 79.53186 45.32763 -3.63879 79.33206 45.80713 -4.214306 79.33206 45.92815 -4.755156 79.33206 46.15911 -5.240552 79.33206 46.49116 -5.651843 79.33206 46.91152 -3.593696 79.01422 46.21888 -4.08975 79.01422 46.32319 -4.555923 79.01422 46.52227 -4.974301 79.01422 46.80847 -5.328804 79.01422 47.17079 -3.559094 78.6 46.53483 -3.994175 78.6 46.62631 -4.403047 78.6 46.80093 -4.769999 78.6 47.05195 -5.080927 78.6 47.36973 -3.537342 78.11764 46.73344 -3.934093 78.11764 46.81687 -4.306945 78.11764 46.9761 -4.641569 78.11764 47.205 -4.925106 78.11764 47.49479 -5.146659 78.11764 47.83433 -3.659486 77.6 46.81968 -4.157426 77.6 46.97668 -4.597764 77.6 47.25721 -4.950493 77.6 47.64214 17.88405 68.77646 48.63609 17.78221 68 48.62718 6.191549 60 47.61312 17.88405 67.22354 48.63609 18.18261 66.5 48.66221 18.65755 65.87868 48.70376 6.191549 40 47.61312 18.65755 34.12132 48.70376 18.18261 33.5 48.66221 19.2765 65.40193 48.75791 19.2765 34.59807 48.75791 19.99729 65.10223 48.82097 19.99729 34.89778 48.82097 20.7708 65 48.88864 20.7708 35 48.88864 21.5443 34.89778 48.95632 21.5443 65.10223 48.95632 22.26509 34.59807 49.01938 22.26509 65.40193 49.01938 22.88404 34.12132 49.07353 22.88404 65.87868 49.07353 23.35898 33.5 49.11508 23.35898 66.5 49.11508 23.65755 67.22354 49.1412 23.75938 68 49.15011 34.71752 85 50.10882 23.65755 32.77646 49.1412 23.75938 32 49.15011 23.65755 31.22354 49.1412 23.35898 30.5 49.11508 22.88404 29.87868 49.07353 22.26509 29.40192 49.01938 17.98853 22.4 48.64523 21.5443 29.10222 48.95632 20.7708 29 48.88864 19.99729 29.10222 48.82097 19.2765 29.40192 48.75791 18.65755 29.87868 48.70376 18.18261 30.5 48.66221 17.88405 31.22354 48.63609 17.78221 32 48.62718 17.88405 32.77646 48.63609 23.65755 68.77646 49.1412 23.35898 69.5 49.11508 22.88404 70.12133 49.07353 17.98853 85 48.64523 22.26509 70.59808 49.01938 21.5443 70.89778 48.95632 20.7708 71 48.88864 19.99729 70.89778 48.82097 19.2765 70.59808 48.75791 18.65755 70.12133 48.70376 18.18261 69.5 48.66221 -3.137878 69.32943 46.79691 -3.137878 22.4 46.79691 -3.137878 30.67057 46.79691 -3.008681 20.46815 45.32019 7.554524 20.46815 46.24435 -2.963566 20.4 44.80452 15.42065 20.41469 46.65303 15.34518 20.4 46.40633 7.512483 20.66795 46.72487 -3.050722 20.66795 45.80071 7.476382 20.98579 47.13751 -3.086823 20.98579 46.21335 -3.114524 21.4 46.52998 7.448624 21.40114 47.45479 -3.131938 21.88236 46.72902 7.431267 21.88236 47.65318 17.5862 22.06858 48.58185 17.17759 21.73038 48.45828 16.78006 21.40227 48.27156 16.40892 21.10025 48.02486 16.07677 20.83847 47.72463 15.77157 20.61393 47.34669 15.5183 20.45703 46.89575 -5.370954 21.88807 48.60918 -5.297715 21.88236 48.21057 -5.452884 21.64282 48.60201 -5.489533 21.4 48.15466 -5.616467 21.23626 48.22011 -5.758314 21.00182 48.00117 -5.323884 21.4 47.74207 -5.60581 20.98579 47.59531 -5.328804 20.98579 47.17079 -5.651843 20.66795 46.91152 -5.240552 20.66795 46.49116 -5.550608 20.46815 46.12165 -4.987166 20.46815 45.73622 -5.608532 20.4 45.51412 -4.790555 20.4 45.07252 -4.359355 20.46815 45.46811 -3.892737 20.4 44.83165 -3.691303 20.46815 45.32763 -3.63879 20.66795 45.80713 -3.593696 20.98579 46.21888 -3.559094 21.4 46.53483 -3.537342 21.88236 46.73344 -3.659486 22.4 46.81968 -3.934093 21.88236 46.81687 -4.157426 22.4 46.97668 -4.306945 21.88236 46.9761 -4.597764 22.4 47.25721 -4.641569 21.88236 47.205 -4.925106 21.88236 47.49479 -4.769999 21.4 47.05195 -5.080927 21.4 47.36973 -4.974301 20.98579 46.80847 -5.321242 22.14188 48.61353 -5.304579 22.4 48.61499 -5.191575 22.4 48.10525 -5.146659 21.88236 47.83433 -4.950493 22.4 47.64214 -6.302494 20.4 46.13259 -6.028029 20.46815 46.6096 -5.973222 20.66795 47.40405 -5.948747 20.7831 47.78076 -6.834961 20.4 46.89455 -6.603136 20.4268 47.12637 -6.401082 20.46815 47.18132 -6.369547 20.50127 47.35996 -6.157163 20.61769 47.57234 -4.403047 21.4 46.80093 -3.994175 21.4 46.62631 -4.555923 20.98579 46.52227 -4.08975 20.98579 46.32319 -4.755156 20.66795 46.15911 -4.214306 20.66795 45.92815 -14.66421 20.4 39.06529 -15.25 20.4 37.65108 -15.18185 20.4 38.16872 15.25 20.4 17.6 -15.25 20.4 17.6 15.29243 20.4 46.1594 15.26063 20.4 45.90892 15.25 20.4 45.65665 -14.98205 20.4 38.65108 -9.184075 52.69231 10.85882 -9.15 85 10.6 -9.184075 58.07692 10.85882 -9.184075 63.46154 10.85882 -9.283975 63.46154 11.1 -9.283975 68.84616 11.1 -9.442893 68.84616 11.30711 -9.442893 74.23077 11.30711 -9.65 74.23077 11.46603 -9.65 79.61539 11.46603 -9.891181 79.61539 11.56593 -9.891181 85 11.56593 -10.15 85 11.6 -10.15 79.61539 11.6 -10.40882 85 11.56593 -10.40882 79.61539 11.56593 -10.65 85 11.46603 -10.65 79.61539 11.46603 -10.85711 85 11.30711 -10.85711 79.61539 11.30711 -11.01603 85 11.1 -11.01603 79.61539 11.1 -11.11593 85 10.85882 -11.11593 79.61539 10.85882 -11.15 85 10.6 -11.15 79.61539 10.6 -11.11593 85 10.34118 -11.11593 79.61539 10.34118 -11.01603 85 10.1 -11.01603 79.61539 10.1 -10.85711 85 9.892893 -10.85711 79.61539 9.892893 -10.65 85 9.733975 -10.65 79.61539 9.733975 -10.40882 85 9.634075 -10.40882 79.61539 9.634075 -10.15 85 9.600001 -10.40882 74.23077 9.634075 -10.40882 68.84616 9.634075 -10.65 68.84616 9.733975 -10.65 63.46154 9.733975 -10.85711 63.46154 9.892893 -10.85711 58.07692 9.892893 -11.01603 58.07692 10.1 -11.01603 52.69231 10.1 -11.11593 52.69231 10.34118 -11.11593 47.30769 10.34118 -11.15 47.30769 10.6 -11.15 41.92308 10.6 -11.11593 41.92308 10.85882 -11.11593 36.53846 10.85882 -11.01603 36.53846 11.1 -11.01603 31.15385 11.1 -10.85711 31.15385 11.30711 -10.85711 25.76923 11.30711 -10.65 25.76923 11.46603 -10.65 20.38462 11.46603 -10.40882 20.38462 11.56593 -10.15 20.38462 11.6 -9.891181 20.38462 11.56593 -9.65 20.38462 11.46603 -9.442893 20.38462 11.30711 -9.283975 20.38462 11.1 -9.184075 20.38462 10.85882 -9.184075 25.76923 10.85882 -9.184075 31.15385 10.85882 -9.283975 31.15385 11.1 -9.283975 36.53846 11.1 -9.442893 36.53846 11.30711 -9.442893 41.92308 11.30711 -9.65 41.92308 11.46603 -9.65 47.30769 11.46603 -9.891181 47.30769 11.56593 -9.891181 52.69231 11.56593 -10.15 52.69231 11.6 -10.15 58.07692 11.6 -10.40882 58.07692 11.56593 -10.40882 63.46154 11.56593 -10.65 63.46154 11.46603 -10.65 68.84616 11.46603 -10.85711 68.84616 11.30711 -10.85711 74.23077 11.30711 -11.01603 74.23077 11.1 -10.85711 20.38462 11.30711 -11.01603 25.76923 11.1 -11.11593 31.15385 10.85882 -11.15 36.53846 10.6 -11.11593 41.92308 10.34118 -11.01603 47.30769 10.1 -10.85711 52.69231 9.892893 -10.65 58.07692 9.733975 -10.40882 63.46154 9.634075 -11.01603 20.38462 11.1 -11.11593 25.76923 10.85882 -11.15 31.15385 10.6 -11.11593 36.53846 10.34118 -11.01603 41.92308 10.1 -10.85711 47.30769 9.892893 -10.65 52.69231 9.733975 -10.40882 58.07692 9.634075 -11.11593 20.38462 10.85882 -11.15 25.76923 10.6 -11.11593 31.15385 10.34118 -11.01603 36.53846 10.1 -10.85711 41.92308 9.892893 -10.65 47.30769 9.733975 -10.40882 52.69231 9.634075 -11.15 20.38462 10.6 -11.11593 25.76923 10.34118 -11.01603 31.15385 10.1 -10.85711 36.53846 9.892893 -10.65 41.92308 9.733975 -10.40882 47.30769 9.634075 -11.11593 20.38462 10.34118 -11.01603 25.76923 10.1 -10.85711 31.15385 9.892893 -10.65 36.53846 9.733975 -10.40882 41.92308 9.634075 -11.01603 20.38462 10.1 -10.85711 25.76923 9.892893 -10.65 31.15385 9.733975 -10.40882 36.53846 9.634075 -10.85711 20.38462 9.892893 -10.65 25.76923 9.733975 -10.40882 31.15385 9.634075 -10.65 20.38462 9.733975 -10.40882 25.76923 9.634075 -10.40882 20.38462 9.634075 -9.65 85 11.46603 -9.442893 79.61539 11.30711 -9.283975 74.23077 11.1 -9.184075 68.84616 10.85882 -9.442893 85 11.30711 -9.283975 79.61539 11.1 -9.184075 74.23077 10.85882 -9.283975 85 11.1 -9.184075 79.61539 10.85882 -9.184075 85 10.85882 -9.283975 25.76923 11.1 -9.442893 25.76923 11.30711 -9.65 25.76923 11.46603 -9.891181 25.76923 11.56593 -10.15 25.76923 11.6 -10.40882 25.76923 11.56593 -9.184075 36.53846 10.85882 -9.184075 41.92308 10.85882 -9.184075 47.30769 10.85882 -9.283975 47.30769 11.1 -9.283975 52.69231 11.1 -9.442893 52.69231 11.30711 -9.442893 58.07692 11.30711 -9.65 58.07692 11.46603 -9.65 63.46154 11.46603 -9.891181 63.46154 11.56593 -9.891181 68.84616 11.56593 -10.15 68.84616 11.6 -10.15 74.23077 11.6 -10.40882 74.23077 11.56593 -9.283975 41.92308 11.1 -9.283975 58.07692 11.1 -9.442893 31.15385 11.30711 -9.65 36.53846 11.46603 -9.891181 41.92308 11.56593 -10.15 47.30769 11.6 -10.40882 52.69231 11.56593 -10.65 58.07692 11.46603 -10.85711 63.46154 11.30711 -11.01603 68.84616 11.1 -11.11593 74.23077 10.85882 -9.442893 47.30769 11.30711 -9.442893 63.46154 11.30711 -9.65 31.15385 11.46603 -9.891181 31.15385 11.56593 -10.15 31.15385 11.6 -10.40882 31.15385 11.56593 -10.65 31.15385 11.46603 -9.65 52.69231 11.46603 -9.65 68.84616 11.46603 -9.891181 36.53846 11.56593 -10.15 41.92308 11.6 -10.40882 47.30769 11.56593 -10.65 52.69231 11.46603 -10.85711 58.07692 11.30711 -11.01603 63.46154 11.1 -11.11593 68.84616 10.85882 -11.15 74.23077 10.6 -9.891181 58.07692 11.56593 -9.891181 74.23077 11.56593 -10.15 36.53846 11.6 -10.40882 36.53846 11.56593 -10.65 36.53846 11.46603 -10.85711 36.53846 11.30711 -10.15 63.46154 11.6 -10.40882 41.92308 11.56593 -10.65 47.30769 11.46603 -10.85711 52.69231 11.30711 -11.01603 58.07692 11.1 -11.11593 63.46154 10.85882 -11.15 68.84616 10.6 -11.11593 74.23077 10.34118 -10.40882 68.84616 11.56593 -10.65 41.92308 11.46603 -10.85711 41.92308 11.30711 -11.01603 41.92308 11.1 -10.65 74.23077 11.46603 -10.85711 47.30769 11.30711 -11.01603 52.69231 11.1 -11.11593 58.07692 10.85882 -11.15 63.46154 10.6 -11.11593 68.84616 10.34118 -11.01603 74.23077 10.1 -11.01603 47.30769 11.1 -11.11593 47.30769 10.85882 -11.11593 52.69231 10.85882 -11.15 58.07692 10.6 -11.11593 63.46154 10.34118 -11.01603 68.84616 10.1 -10.85711 74.23077 9.892893 -11.15 52.69231 10.6 -11.11593 58.07692 10.34118 -11.01603 63.46154 10.1 -10.85711 68.84616 9.892893 -10.65 74.23077 9.733975 9.15 85 10.6 9.184075 47.30769 10.85882 9.184075 41.92308 10.85882 9.184075 36.53846 10.85882 9.283975 36.53846 11.1 9.283975 31.15385 11.1 9.442893 31.15385 11.30711 9.442893 25.76923 11.30711 9.65 25.76923 11.46603 9.65 20.38462 11.46603 9.891181 20.38462 11.56593 10.15 20.38462 11.6 10.40882 20.38462 11.56593 10.65 20.38462 11.46603 10.85711 20.38462 11.30711 11.01603 20.38462 11.1 11.11593 20.38462 10.85882 11.15 20.38462 10.6 11.11593 20.38462 10.34118 11.01603 20.38462 10.1 10.85711 20.38462 9.892893 10.65 20.38462 9.733975 10.40882 20.38462 9.634075 10.40882 25.76923 9.634075 10.40882 31.15385 9.634075 10.65 31.15385 9.733975 10.65 36.53846 9.733975 10.85711 36.53846 9.892893 10.85711 41.92308 9.892893 11.01603 41.92308 10.1 11.01603 47.30769 10.1 11.11593 47.30769 10.34118 11.11593 52.69231 10.34118 11.15 52.69231 10.6 11.15 58.07692 10.6 11.11593 58.07692 10.85882 11.11593 63.46154 10.85882 11.01603 63.46154 11.1 11.01603 68.84616 11.1 10.85711 68.84616 11.30711 10.85711 74.23077 11.30711 10.65 74.23077 11.46603 10.65 79.61539 11.46603 10.40882 79.61539 11.56593 10.40882 85 11.56593 10.15 85 11.6 10.15 79.61539 11.6 9.891181 85 11.56593 9.891181 79.61539 11.56593 9.65 85 11.46603 9.65 79.61539 11.46603 9.442893 85 11.30711 9.442893 79.61539 11.30711 9.283975 85 11.1 9.283975 79.61539 11.1 9.184075 85 10.85882 9.184075 79.61539 10.85882 9.184075 74.23077 10.85882 9.184075 68.84616 10.85882 9.283975 68.84616 11.1 9.283975 63.46154 11.1 9.442893 63.46154 11.30711 9.442893 58.07692 11.30711 9.65 58.07692 11.46603 9.65 52.69231 11.46603 9.891181 52.69231 11.56593 9.891181 47.30769 11.56593 10.15 47.30769 11.6 10.15 41.92308 11.6 10.40882 41.92308 11.56593 10.40882 36.53846 11.56593 10.65 36.53846 11.46603 10.65 31.15385 11.46603 10.85711 31.15385 11.30711 10.85711 25.76923 11.30711 11.01603 25.76923 11.1 10.65 85 11.46603 10.85711 79.61539 11.30711 11.01603 74.23077 11.1 11.11593 68.84616 10.85882 11.15 63.46154 10.6 11.11593 58.07692 10.34118 11.01603 52.69231 10.1 10.85711 47.30769 9.892893 10.65 41.92308 9.733975 10.40882 36.53846 9.634075 10.85711 85 11.30711 11.01603 79.61539 11.1 11.11593 74.23077 10.85882 11.15 68.84616 10.6 11.11593 63.46154 10.34118 11.01603 58.07692 10.1 10.85711 52.69231 9.892893 10.65 47.30769 9.733975 10.40882 41.92308 9.634075 11.01603 85 11.1 11.11593 79.61539 10.85882 11.15 74.23077 10.6 11.11593 68.84616 10.34118 11.01603 63.46154 10.1 10.85711 58.07692 9.892893 10.65 52.69231 9.733975 10.40882 47.30769 9.634075 11.11593 85 10.85882 11.15 79.61539 10.6 11.11593 74.23077 10.34118 11.01603 68.84616 10.1 10.85711 63.46154 9.892893 10.65 58.07692 9.733975 10.40882 52.69231 9.634075 11.15 85 10.6 11.11593 79.61539 10.34118 11.01603 74.23077 10.1 10.85711 68.84616 9.892893 10.65 63.46154 9.733975 10.40882 58.07692 9.634075 10.15 85 9.600001 11.11593 85 10.34118 11.01603 79.61539 10.1 10.85711 74.23077 9.892893 10.65 68.84616 9.733975 10.40882 63.46154 9.634075 11.01603 85 10.1 10.85711 79.61539 9.892893 10.65 74.23077 9.733975 10.40882 68.84616 9.634075 10.85711 85 9.892893 10.65 79.61539 9.733975 10.40882 74.23077 9.634075 10.65 85 9.733975 10.40882 79.61539 9.634075 10.40882 85 9.634075 9.442893 20.38462 11.30711 9.283975 25.76923 11.1 9.184075 31.15385 10.85882 9.283975 20.38462 11.1 9.184075 25.76923 10.85882 9.184075 20.38462 10.85882 9.283975 74.23077 11.1 9.442893 74.23077 11.30711 9.65 74.23077 11.46603 9.891181 74.23077 11.56593 10.15 74.23077 11.6 10.40882 74.23077 11.56593 9.184075 63.46154 10.85882 9.184075 58.07692 10.85882 9.184075 52.69231 10.85882 9.283975 52.69231 11.1 9.283975 47.30769 11.1 9.442893 47.30769 11.30711 9.442893 41.92308 11.30711 9.65 41.92308 11.46603 9.65 36.53846 11.46603 9.891181 36.53846 11.56593 9.891181 31.15385 11.56593 10.15 31.15385 11.6 10.15 25.76923 11.6 10.40882 25.76923 11.56593 9.283975 58.07692 11.1 9.283975 41.92308 11.1 9.442893 68.84616 11.30711 9.65 63.46154 11.46603 9.891181 58.07692 11.56593 10.15 52.69231 11.6 10.40882 47.30769 11.56593 10.65 41.92308 11.46603 10.85711 36.53846 11.30711 11.01603 31.15385 11.1 11.11593 25.76923 10.85882 9.442893 52.69231 11.30711 9.442893 36.53846 11.30711 9.65 68.84616 11.46603 9.891181 68.84616 11.56593 10.15 68.84616 11.6 10.40882 68.84616 11.56593 10.65 68.84616 11.46603 9.65 47.30769 11.46603 9.65 31.15385 11.46603 9.891181 63.46154 11.56593 10.15 58.07692 11.6 10.40882 52.69231 11.56593 10.65 47.30769 11.46603 10.85711 41.92308 11.30711 11.01603 36.53846 11.1 11.11593 31.15385 10.85882 11.15 25.76923 10.6 9.891181 41.92308 11.56593 9.891181 25.76923 11.56593 10.15 63.46154 11.6 10.40882 63.46154 11.56593 10.65 63.46154 11.46603 10.85711 63.46154 11.30711 10.15 36.53846 11.6 10.40882 58.07692 11.56593 10.65 52.69231 11.46603 10.85711 47.30769 11.30711 11.01603 41.92308 11.1 11.11593 36.53846 10.85882 11.15 31.15385 10.6 11.11593 25.76923 10.34118 10.40882 31.15385 11.56593 10.65 58.07692 11.46603 10.85711 58.07692 11.30711 11.01603 58.07692 11.1 10.65 25.76923 11.46603 10.85711 52.69231 11.30711 11.01603 47.30769 11.1 11.11593 41.92308 10.85882 11.15 36.53846 10.6 11.11593 31.15385 10.34118 11.01603 25.76923 10.1 11.01603 52.69231 11.1 11.11593 52.69231 10.85882 11.11593 47.30769 10.85882 11.15 41.92308 10.6 11.11593 36.53846 10.34118 11.01603 31.15385 10.1 10.85711 25.76923 9.892893 11.15 47.30769 10.6 11.11593 41.92308 10.34118 11.01603 36.53846 10.1 10.85711 31.15385 9.892893 10.65 25.76923 9.733975 1.931852 50.51764 10.6 3.1 65 10.6 2 50 10.6 3.1 35 10.6 1.931852 49.48236 10.6 1.732051 49 10.6 1.414214 48.58578 10.6 1 48.26795 10.6 0.5176381 48.06815 10.6 0 48 10.6 -3.1 35 10.6 -0.5176381 48.06815 10.6 -1 48.26795 10.6 -1.414214 48.58578 10.6 -1.732051 49 10.6 -1.931852 49.48236 10.6 -2 50 10.6 -3.1 65 10.6 -1.931852 50.51764 10.6 -1.732051 51 10.6 -1.414214 51.41421 10.6 -1 51.73205 10.6 -0.5176381 51.93185 10.6 0 52 10.6 0.5176381 51.93185 10.6 1 51.73205 10.6 1.414214 51.41421 10.6 1.732051 51 10.6 -3.1 85 10.6 3.1 85 10.6 -15.25 85 -3.647734 -15.18185 85 -4.165372 -14.98205 85 -4.647735 -14.66421 85 -5.061948 -14.25 85 -5.379785 -13.76764 85 -5.579586 -15.25 85 37.65108 -15.18185 85 38.16872 -14.98205 85 38.65108 -14.66421 85 39.06529 -5.948747 85 47.78076 15.25 85 45.65665 1.158268 85 52.19187 15.34124 85 46.39088 15.6094 85 47.08044 16.03817 85 47.68341 16.60147 85 48.16311 17.26505 85 48.49035 34.28174 85 55.0898 -5.676177 85 48.12037 0.6366605 85 52.21464 -5.483575 85 48.51093 0.1387203 85 52.37164 -5.380071 85 48.93392 -0.3016183 85 52.65217 -5.370571 85 49.36928 -0.6543473 85 53.0371 -0.8954284 85 53.50022 -5.783935 85 54.09406 -1.008432 85 54.00995 -3.965857 85 56.26076 -2.222517 85 56.41328 -5.761161 85 54.61566 -5.604161 85 55.1136 -5.323635 85 55.55394 -4.938699 85 55.90667 -4.475586 85 56.14775 -1.139166 85 55.50424 -1.961713 85 56.40189 -1.712743 85 56.32339 -1.492573 85 56.18313 -1.316209 85 55.99066 -1.195668 85 55.7591 3.1 85 5.6 -3.1 85 5.6 19.19669 32.38823 50.25666 19.14577 32 50.2522 19.19669 31.61177 50.25666 19.34597 31.25 50.26972 19.58344 30.93934 50.29049 19.89292 30.70096 50.31757 20.25331 30.55111 50.3491 20.64006 30.5 50.38294 21.02681 30.55111 50.41677 21.38721 30.70096 50.4483 21.69669 30.93934 50.47538 21.93416 31.25 50.49615 22.08344 31.61177 50.50922 22.13435 32 50.51367 22.08344 32.38823 50.50922 21.93416 32.75 50.49615 21.69669 33.06066 50.47538 21.38721 33.29904 50.4483 21.02681 33.44889 50.41677 20.64006 33.5 50.38294 20.25331 33.44889 50.3491 19.89292 33.29904 50.31757 19.58344 33.06066 50.29049 19.34597 32.75 50.26972 21.77839 32.38823 53.9959 21.82931 32 54.00035 21.77839 31.61177 53.9959 21.62911 31.25 53.98284 21.39164 30.93934 53.96206 21.08216 30.70096 53.93498 20.72177 30.55111 53.90345 20.33502 30.5 53.86962 19.94827 30.55111 53.83578 19.58787 30.70096 53.80425 19.27839 30.93934 53.77717 19.04092 31.25 53.7564 18.89164 31.61177 53.74334 18.84073 32 53.73888 18.89164 32.38823 53.74334 19.04092 32.75 53.7564 19.27839 33.06066 53.77717 19.58787 33.29904 53.80425 19.94827 33.44889 53.83578 20.33502 33.5 53.86962 20.72177 33.44889 53.90345 21.08216 33.29904 53.93498 21.39164 33.06066 53.96206 21.62911 32.75 53.98284 19.19669 68.38823 50.25666 19.14577 68 50.2522 19.19669 67.61177 50.25666 19.34597 67.25 50.26972 19.58344 66.93934 50.29049 19.89292 66.70096 50.31757 20.25331 66.55111 50.3491 20.64006 66.5 50.38294 21.02681 66.55111 50.41677 21.38721 66.70096 50.4483 21.69669 66.93934 50.47538 21.93416 67.25 50.49615 22.08344 67.61177 50.50922 22.13435 68 50.51367 22.08344 68.38823 50.50922 21.93416 68.75 50.49615 21.69669 69.06066 50.47538 21.38721 69.29904 50.4483 21.02681 69.44889 50.41677 20.64006 69.5 50.38294 20.25331 69.44889 50.3491 19.89292 69.29904 50.31757 19.58344 69.06066 50.29049 19.34597 68.75 50.26972 21.77839 68.38823 53.9959 21.82931 68 54.00035 21.77839 67.61177 53.9959 21.62911 67.25 53.98284 21.39164 66.93934 53.96206 21.08216 66.70096 53.93498 20.72177 66.55111 53.90345 20.33502 66.5 53.86962 19.94827 66.55111 53.83578 19.58787 66.70096 53.80425 19.27839 66.93934 53.77717 19.04092 67.25 53.7564 18.89164 67.61177 53.74334 18.84073 68 53.73888 18.89164 68.38823 53.74334 19.04092 68.75 53.7564 19.27839 69.06066 53.77717 19.58787 69.29904 53.80425 19.94827 69.44889 53.83578 20.33502 69.5 53.86962 20.72177 69.44889 53.90345 21.08216 69.29904 53.93498 21.39164 69.06066 53.96206 21.62911 68.75 53.98284 -5.304579 28.50387 48.61499 -5.277899 28.53055 48.42053 -5.232289 28.57616 48.22964 -5.086211 28.72224 47.8658 -4.871958 28.93649 47.53745 -4.597764 29.21069 47.25721 -4.274167 29.53429 47.03584 -3.913601 29.89485 46.88186 -3.529923 30.27853 46.80118 -3.529923 69.72148 46.80118 -3.913601 70.10515 46.88186 -4.274167 70.46572 47.03584 -4.597764 70.78932 47.25721 -4.871958 71.06351 47.53745 -5.086211 71.27777 47.8658 -5.232289 71.42384 48.22964 -5.277899 71.46945 48.42053 -5.304579 71.49613 48.61499 -14.66421 79.6 39.06529 -5.374371 77.98584 48.98164 -5.370571 77.6 49.36928 -5.374371 22.01416 48.98164 -5.370571 22.4 49.36928 -5.783935 28.02452 54.09406 -5.783935 71.97549 54.09406 -15.25 79.6 37.65108 15.25 79.6 17.6 15.25 79.6 45.65665 -14.98205 79.6 38.65108 -15.18185 79.6 38.16872 -15.25 79.6 17.6 15.26063 79.6 45.90892 15.29243 79.6 46.1594 0.02197933 66.16957 52.4308 -0.3016183 66.49317 52.65217 1.158268 65.03328 52.19187 0.7662231 65.42533 52.19615 0.3825452 65.80901 52.27682 6.191549 60 52.63222 -0.5758121 66.76737 52.93241 -0.7900648 66.98162 53.26076 -0.9361429 67.1277 53.6246 -0.9817531 67.1733 53.8155 -1.008432 67.19998 54.00995 -5.791427 71.98298 54.29018 -5.779658 71.97121 54.4861 -5.748744 71.94029 54.67992 -5.69898 71.89053 54.86978 -1.139166 67.33071 55.50424 -3.965857 70.15741 56.26076 -2.222517 68.41407 56.41328 -1.152506 67.34406 55.60147 -1.175311 67.36686 55.69691 -1.24835 67.4399 55.87883 -1.355476 67.54703 56.04301 -1.492573 67.68412 56.18313 -1.654372 67.84593 56.29381 -1.834655 68.02621 56.3708 -2.026494 68.21804 56.41114 -4.351204 70.54276 56.18847 -4.715043 70.9066 56.04239 -5.043393 71.23494 55.82814 -5.323635 71.51519 55.55394 -5.544999 71.73655 55.23035 0.02197933 33.83043 52.4308 -0.3016183 33.50683 52.65217 -0.5758121 33.23264 52.93241 -0.7900648 33.01839 53.26076 -0.9361429 32.87231 53.6246 -0.9817531 32.8267 53.8155 -1.008432 32.80002 54.00995 -5.791427 28.01703 54.29018 -5.779658 28.02879 54.4861 -5.748744 28.05971 54.67992 -5.69898 28.10947 54.86978 -1.139166 32.66928 55.50424 -3.965857 29.84259 56.26076 -2.222517 31.58593 56.41328 -5.544999 28.26345 55.23035 -5.323635 28.48482 55.55394 -5.043393 28.76506 55.82814 -4.715043 29.09341 56.04239 -4.351204 29.45725 56.18847 -2.026494 31.78196 56.41114 -1.834655 31.9738 56.3708 -1.654372 32.15408 56.29381 -1.492573 32.31588 56.18313 -1.355476 32.45298 56.04301 -1.24835 32.5601 55.87883 -1.175311 32.63314 55.69691 -1.152506 32.65594 55.60147 0.3825452 34.191 52.27682 0.7662231 34.57467 52.19615 1.158268 34.96672 52.19187 6.191549 40 52.63222 15.25 22.4 15.6 15.25 21.88236 15.66815 15.25 21.4 15.86795 15.25 79.53186 17.08236 15.25 79.33206 16.6 15.25 79.01422 16.18579 15.25 78.6 15.86795 15.25 78.11764 15.66815 15.25 77.6 15.6 15.25 20.98579 16.18579 15.25 20.66795 16.6 15.25 20.46815 17.08236 -13.76764 55 -5.579586 -13.76764 65 -5.579586 -13.76764 75 -5.579586 -14.25 75 -5.379785 -14.66421 75 -5.061948 -14.98205 75 -4.647735 -15.18185 75 -4.165372 -15.18185 65 -4.165372 -15.18185 55 -4.165372 -14.98205 55 -4.647735 -14.98205 45 -4.647735 -14.66421 45 -5.061948 -14.66421 35 -5.061948 -14.25 35 -5.379785 -14.25 25 -5.379785 -13.76764 25 -5.579586 -13.76764 35 -5.579586 -13.76764 45 -5.579586 -14.25 45 -5.379785 -14.25 55 -5.379785 -14.66421 55 -5.061948 -14.66421 65 -5.061948 -14.98205 65 -4.647735 -14.66421 25 -5.061948 -14.98205 35 -4.647735 -15.18185 45 -4.165372 -14.98205 25 -4.647735 -15.18185 35 -4.165372 -15.18185 25 -4.165372 -14.25 65 -5.379785 -15.25 77.6 15.6 -15.25 78.11764 15.66815 -15.25 78.6 15.86795 -15.25 20.46815 17.08236 -15.25 20.66795 16.6 -15.25 20.98579 16.18579 -15.25 21.4 15.86795 -15.25 21.88236 15.66815 -15.25 22.4 15.6 -15.25 79.01422 16.18579 -15.25 79.33206 16.6 -15.25 79.53186 17.08236 -0.8954284 75.01664 53.50022 -0.6543473 75.01664 53.0371 -0.3016183 75.01664 52.65217 0.1387203 75.01664 52.37164 0.6366605 75.01664 52.21464 -1.961713 71.74804 56.40189 -1.961713 76.16536 56.40189 -1.961713 80.58268 56.40189 -1.712743 80.58268 56.32339 -1.492573 80.58268 56.18313 -1.316209 80.58268 55.99066 -1.195668 80.58268 55.7591 -1.195668 76.16536 55.7591 -1.195668 71.74804 55.7591 -1.316209 71.74804 55.99066 -1.492573 71.74804 56.18313 -1.712743 71.74804 56.32339 -1.712743 76.16536 56.32339 -1.492573 76.16536 56.18313 -1.316209 76.16536 55.99066 -5.761161 77.57871 54.61566 -5.604161 77.57871 55.1136 -5.323635 77.57871 55.55394 -4.938699 77.57871 55.90667 -4.475586 77.57871 56.14775 -4.475586 22.4213 56.14775 -4.938699 22.4213 55.90667 -5.323635 22.4213 55.55394 -5.604161 22.4213 55.1136 -5.761161 22.4213 54.61566 -7.97118 50.67845 21.6 -7.97118 49.32155 21.6 -7.741864 47.98418 21.6 -7.289828 46.70479 21.6 -6.628077 45.5202 21.6 -5.775649 44.46449 21.6 -4.757065 43.56802 21.6 -7.741864 52.01582 21.6 -7.289828 53.29521 21.6 -6.628077 54.4798 21.6 -5.775649 55.53551 21.6 -4.757065 56.43198 21.6 -3.60163 57.1434 21.6 -2.342582 57.64933 21.6 -1.016143 57.9352 21.6 0.3395296 57.99279 21.6 1.685434 57.82044 21.6 2.982852 57.42311 21.6 4.194458 56.81223 21.6 5.285398 56.00538 21.6 6.224286 55.02576 21.6 6.984113 53.90156 21.6 7.54302 52.66512 21.6 7.884927 51.352 21.6 8 50 21.6 7.884927 48.64799 21.6 7.54302 47.33488 21.6 6.984113 46.09844 21.6 6.224286 44.97424 21.6 5.285398 43.99462 21.6 4.194458 43.18777 21.6 2.982852 42.57689 21.6 1.685434 42.17956 21.6 0.3395296 42.00721 21.6 -1.016143 42.0648 21.6 -2.342582 42.35066 21.6 -3.60163 42.85659 21.6 -5.083333 79.53186 17.08236 5.083333 79.53186 17.08236 5.083333 79.33206 16.6 5.083333 79.01422 16.18579 5.083333 78.6 15.86795 5.083333 78.11764 15.66815 -5.083333 78.11764 15.66815 -5.083333 78.6 15.86795 -5.083333 79.01422 16.18579 -5.083333 79.33206 16.6 9.882804 48.47351 15.6 10 50 15.6 9.882804 51.52649 15.6 9.533965 53.0172 15.6 8.961656 54.4372 15.6 8.179294 55.75318 15.6 7.205216 56.93432 15.6 6.062254 57.95293 15.6 4.777198 58.78512 15.6 3.380169 59.4114 15.6 1.903911 59.81708 15.6 0.3830273 59.99266 15.6 -1.146834 59.93402 15.6 -2.649815 59.64253 15.6 -4.090686 59.12503 15.6 -5.435676 58.39365 15.6 -6.653257 57.46553 15.6 -7.714892 56.36242 15.6 -8.595697 55.11019 15.6 -9.275025 53.73817 15.6 -9.736955 52.27853 15.6 -9.970659 50.76549 15.6 -9.970659 49.23451 15.6 -9.736955 47.72146 15.6 -9.275025 46.26183 15.6 -8.595697 44.88981 15.6 -7.714892 43.63758 15.6 -6.653257 42.53447 15.6 -5.435676 41.60634 15.6 -4.090686 40.87496 15.6 -2.649815 40.35746 15.6 -1.146834 40.06598 15.6 0.3830273 40.00734 15.6 1.903911 40.18292 15.6 3.380169 40.5886 15.6 4.777198 41.21488 15.6 6.062254 42.04707 15.6 7.205216 43.06567 15.6 8.179294 44.24681 15.6 8.961656 45.5628 15.6 9.533965 46.98279 15.6 -5.083333 21.88236 15.66815 5.083333 21.88236 15.66815 5.083333 21.4 15.86795 5.083333 20.98579 16.18579 5.083333 20.66795 16.6 5.083333 20.46815 17.08236 -5.083333 20.46815 17.08236 -5.083333 20.66795 16.6 -5.083333 20.98579 16.18579 -5.083333 21.4 15.86795 -3.1 70 5.6 3.1 70 5.6 3.1 30 5.6 -3.1 30 5.6 7.884927 48.64799 17.6 7.98963 48.87713 17.08236 8 50 17.6 8.068149 50 17.08236 7.98963 51.12287 17.08236 8.26795 50 16.6 8.187486 51.15068 16.6 8.585787 50 16.18579 8.50223 51.19491 16.18579 9 50 15.86795 8.912413 51.25256 15.86795 9.482362 50 15.66815 9.390081 51.31969 15.66815 7.755602 47.77611 17.08236 7.54302 47.33488 17.6 7.37062 46.71839 17.08236 6.984113 46.09844 17.6 6.842178 45.72453 17.08236 6.224286 44.97424 17.6 6.18056 44.81389 17.08236 5.285398 43.99462 17.6 5.398645 44.00419 17.08236 4.511651 43.3112 17.08236 4.623378 43.14556 16.6 3.62443 42.56882 16.6 3.763761 42.28314 16.18579 2.653154 41.83443 16.18579 2.781153 41.44049 15.86795 1.562834 41.13673 15.86795 1.646595 40.6617 15.66815 0.3309296 40.52341 15.66815 -0.9911767 40.56958 15.66815 -2.293991 40.7993 15.66815 -3.552155 41.20811 15.66815 -4.741181 41.78803 15.66815 -5.837925 42.5278 15.66815 -6.82104 43.413 15.66815 -7.671392 44.42641 15.66815 -8.372429 45.5483 15.66815 -8.910506 46.75684 15.66815 -9.27515 48.02851 15.66815 -9.459264 49.33854 15.66815 -9.459264 50.66146 15.66815 -8.978076 49.37219 15.86795 -8.978076 50.62781 15.86795 -8.564872 49.40108 16.18579 -8.564872 50.59891 16.18579 -8.247809 49.42325 16.6 -8.247809 50.57674 16.6 -8.048495 49.43719 17.08236 -8.048495 50.5628 17.08236 -7.97118 50.67845 17.6 -7.89184 51.67746 17.08236 -7.741864 52.01582 17.6 -7.58158 52.75947 17.08236 -7.289828 53.29521 17.6 -7.123752 53.78776 17.08236 -6.628077 54.4798 17.6 -6.527269 54.74234 17.08236 -5.775649 55.53551 17.6 -5.80374 55.60461 17.08236 -4.967248 56.35779 17.08236 -5.090258 56.51523 16.6 -4.133975 57.16025 16.6 -4.292893 57.43551 16.18579 -3.216292 57.9606 16.18579 -3.371459 58.34465 15.86795 -2.177297 58.73266 15.86795 -2.293991 59.20069 15.66815 -0.9911767 59.43041 15.66815 0.3309296 59.47658 15.66815 1.646595 59.3383 15.66815 0.3140954 58.99452 15.86795 1.562834 58.86327 15.86795 0.2996396 58.58055 16.18579 1.490906 58.45535 16.18579 0.2885473 58.26291 16.6 1.435714 58.14234 16.6 0.2815743 58.06323 17.08236 1.401019 57.94557 17.08236 0.3395296 57.99279 17.6 1.685434 57.82044 17.6 4.194458 43.18777 17.6 3.536844 42.7484 17.08236 2.554937 42.13671 16.6 1.490906 41.54465 16.18579 0.3140954 41.00548 15.86795 2.982852 42.57689 17.6 2.493195 42.32674 17.08236 1.435714 41.85766 16.6 0.2996396 41.41944 16.18579 -0.9407562 41.0493 15.86795 1.685434 42.17956 17.6 1.401019 42.05442 17.08236 0.2885473 41.73709 16.6 -0.8974591 41.46125 16.18579 -2.177297 41.26734 15.86795 0.3395296 42.00721 17.6 0.2815743 41.93677 17.08236 -0.864236 41.77734 16.6 -2.07709 41.66925 16.18579 -3.371459 41.65534 15.86795 -0.8433511 41.97605 17.08236 -1.016143 42.0648 17.6 -1.951862 42.17151 17.08236 -2.342582 42.35066 17.6 -3.022382 42.51934 17.08236 -3.60163 42.85659 17.6 -4.034074 43.01278 17.08236 -4.757065 43.56802 17.6 -4.967248 43.64221 17.08236 -5.775649 44.46449 17.6 -5.80374 44.39539 17.08236 -6.527269 45.25766 17.08236 -6.688911 45.14022 16.6 -7.300166 46.11843 16.6 -7.5808 45.96922 16.18579 -8.068 47.06349 16.18579 -8.457234 46.92182 15.86795 -8.803329 48.12879 15.86795 -6.628077 45.5202 17.6 -7.123752 46.21223 17.08236 -7.769331 47.17219 16.6 -8.398167 48.21492 16.18579 -7.289828 46.70479 17.6 -7.58158 47.24053 17.08236 -8.087275 48.281 16.6 -7.741864 47.98418 17.6 -7.89184 48.32254 17.08236 -7.97118 49.32155 17.6 -4.757065 56.43198 17.6 -4.034074 56.98722 17.08236 -3.097228 57.66591 16.6 -2.07709 58.33075 16.18579 -0.9407562 58.9507 15.86795 -3.60163 57.1434 17.6 -3.022382 57.48065 17.08236 -2.000198 58.02235 16.6 -0.8974591 58.53875 16.18579 -2.342582 57.64933 17.6 -1.951862 57.82849 17.08236 -0.864236 58.22266 16.6 -1.016143 57.9352 17.6 -0.8433511 58.02395 17.08236 2.493195 57.67326 17.08236 2.982852 57.42311 17.6 3.536844 57.2516 17.08236 4.194458 56.81223 17.6 4.511651 56.6888 17.08236 5.285398 56.00538 17.6 5.398645 55.9958 17.08236 6.18056 55.18611 17.08236 6.333617 55.31454 16.6 7.011619 54.38134 16.6 7.28116 54.54977 16.18579 7.843506 53.49215 16.18579 8.22191 53.66063 15.86795 8.651355 52.48073 15.86795 9.115032 52.61369 15.66815 6.224286 55.02576 17.6 6.842178 54.27547 17.08236 7.553147 53.36288 16.6 8.253188 52.36656 16.18579 6.984113 53.90156 17.6 7.37062 53.28161 17.08236 7.947663 52.27896 16.6 7.54302 52.66512 17.6 7.755602 52.22388 17.08236 7.884927 51.352 17.6 8.662569 53.85682 15.66815 7.632433 54.76927 15.86795 6.577094 55.51884 16.18579 5.532338 56.14428 16.6 8.0415 55.02489 15.66815 6.8944 55.78509 15.86795 5.745012 56.38048 16.18579 4.623378 56.85444 16.6 7.263911 56.09514 15.66815 6.022175 56.6883 15.86795 4.801111 57.11794 16.18579 3.62443 57.43118 16.6 6.344939 57.04677 15.66815 5.032736 57.46134 15.86795 3.763761 57.71685 16.18579 2.554937 57.86328 16.6 5.302469 57.86123 15.66815 3.94534 58.08914 15.86795 2.653154 58.16557 16.18579 4.156794 58.52269 15.66815 2.781153 58.55951 15.86795 2.930211 59.01826 15.66815 -3.552155 58.79189 15.66815 -4.5 57.79423 15.86795 -5.285938 56.76569 16.18579 -5.947465 55.7434 16.6 -4.741181 58.21197 15.66815 -5.540953 57.0921 15.86795 -6.176098 55.96419 16.18579 -6.688911 54.85978 16.6 -5.837925 57.4722 15.66815 -6.474058 56.25193 15.86795 -6.946047 55.0466 16.18579 -7.300166 53.88157 16.6 -6.82104 56.587 15.66815 -7.281153 55.29006 15.86795 -7.5808 54.03078 16.18579 -7.769331 52.8278 16.6 -7.671392 55.57359 15.66815 -7.946528 54.22524 15.86795 -8.068 52.93651 16.18579 -8.087275 51.719 16.6 -8.372429 54.4517 15.66815 -8.457234 53.07818 15.86795 -8.398167 51.78508 16.18579 -8.910506 53.24316 15.66815 -8.803329 51.8712 15.86795 -9.27515 51.97149 15.66815 2.930211 40.98174 15.66815 3.94534 41.91085 15.86795 4.801111 42.88206 16.18579 5.532338 43.85572 16.6 4.156794 41.47731 15.66815 5.032736 42.53866 15.86795 5.745012 43.61952 16.18579 6.333617 44.68546 16.6 5.302469 42.13877 15.66815 6.022175 43.31169 15.86795 6.577094 44.48116 16.18579 7.011619 45.61865 16.6 6.344939 42.95323 15.66815 6.8944 44.21491 15.86795 7.28116 45.45022 16.18579 7.553147 46.63712 16.6 7.263911 43.90485 15.66815 7.632433 45.23073 15.86795 7.843506 46.50785 16.18579 7.947663 47.72104 16.6 8.0415 44.97511 15.66815 8.22191 46.33937 15.86795 8.253188 47.63344 16.18579 8.187486 48.84932 16.6 8.662569 46.14318 15.66815 8.651355 47.51926 15.86795 8.50223 48.80509 16.18579 9.115032 47.38631 15.66815 8.912413 48.74744 15.86795 9.390081 48.68031 15.66815 -2.000198 41.97764 16.6 -3.216292 42.0394 16.18579 -4.5 42.20577 15.86795 -3.097228 42.33409 16.6 -4.133975 42.83974 16.6 -5.090258 43.48477 16.6 -5.947465 44.2566 16.6 -4.292893 42.56449 16.18579 -5.540953 42.9079 15.86795 -5.285938 43.23431 16.18579 -6.176098 44.03581 16.18579 -6.946047 44.9534 16.18579 -6.474058 43.74807 15.86795 -7.281153 44.70993 15.86795 -7.946528 45.77476 15.86795 0.6366605 24.98336 52.21464 0.1387203 24.98336 52.37164 -0.3016183 24.98336 52.65217 -0.6543473 24.98336 53.0371 -0.8954284 24.98336 53.50022 -1.195668 28.25197 55.7591 -1.195668 23.83464 55.7591 -1.195668 19.41732 55.7591 -1.316209 19.41732 55.99066 -1.492573 19.41732 56.18313 -1.712743 19.41732 56.32339 -1.961713 19.41732 56.40189 -1.961713 23.83464 56.40189 -1.961713 28.25197 56.40189 -1.712743 28.25197 56.32339 -1.492573 28.25197 56.18313 -1.316209 28.25197 55.99066 -1.316209 23.83464 55.99066 -1.492573 23.83464 56.18313 -1.712743 23.83464 56.32339 18.36893 67.62122 60.12251 18.6016 67.68942 60.38333 18.31925 68 60.11816 18.56087 68 60.37976 18.36893 68.37879 60.12251 18.6016 68.31059 60.38333 18.51457 68.73175 60.13525 18.72103 68.6 60.39377 18.74627 69.03485 60.15552 18.911 68.84853 60.4104 19.04821 69.26743 60.18194 19.15859 69.03923 60.43206 19.39984 69.41364 60.2127 19.4469 69.15911 60.45728 19.77718 69.4635 60.24571 19.7563 69.2 60.48435 20.15452 69.41364 60.27873 20.0657 69.15911 60.51142 20.50615 69.26743 60.30949 20.35402 69.03923 60.53664 20.80809 69.03485 60.33591 20.6016 68.84853 60.55831 21.03979 68.73175 60.35618 20.79158 68.6 60.57493 21.18543 68.37879 60.36892 20.911 68.31059 60.58538 21.23511 68 60.37327 20.95174 68 60.58894 21.18543 67.62122 60.36892 20.911 67.68942 60.58538 21.03979 67.26825 60.35618 20.79158 67.4 60.57493 20.80809 66.96515 60.33591 20.6016 67.15148 60.55831 20.50615 66.73258 60.30949 20.35402 66.96077 60.53664 20.15452 66.58637 60.27873 20.0657 66.84089 60.51142 19.77718 66.5365 60.24571 19.7563 66.80001 60.48435 19.39984 66.58637 60.2127 19.4469 66.84089 60.45728 19.04821 66.73258 60.18194 19.15859 66.96077 60.43206 18.74627 66.96515 60.15552 18.911 67.15148 60.4104 18.51457 67.26825 60.13525 18.72103 67.4 60.39377 19.16455 67.60227 50.21698 19.19827 67.61255 50.27191 19.11239 68 50.21242 19.14745 68 50.26746 19.16455 68.39774 50.21698 19.19827 68.38745 50.27191 19.31749 68.76837 50.23036 19.34725 68.7485 50.28494 19.56077 69.08663 50.25165 19.58424 69.05854 50.30567 19.87783 69.33084 50.27939 19.8931 69.29644 50.3327 20.24704 69.48436 50.31169 20.25277 69.44599 50.36417 20.64326 69.53672 50.34635 20.63875 69.497 50.39793 21.03948 69.48436 50.38102 21.02473 69.44599 50.4317 21.4087 69.33084 50.41332 21.3844 69.29644 50.46317 21.72575 69.08663 50.44106 21.69326 69.05854 50.49019 21.96904 68.76837 50.46234 21.93025 68.7485 50.51092 22.12198 68.39774 50.47572 22.07923 68.38745 50.52396 22.17414 68 50.48029 22.13005 68 50.5284 22.12198 67.60227 50.47572 22.07923 67.61255 50.52396 21.96904 67.23164 50.46234 21.93025 67.25151 50.51092 21.72575 66.91338 50.44106 21.69326 66.94147 50.49019 21.4087 66.66916 50.41332 21.3844 66.70357 50.46317 21.03948 66.51564 50.38102 21.02473 66.55402 50.4317 20.64326 66.46328 50.34635 20.63875 66.50301 50.39793 20.24704 66.51564 50.31169 20.25277 66.55402 50.36417 19.87783 66.66916 50.27939 19.8931 66.70357 50.3327 19.56077 66.91338 50.25165 19.58424 66.94147 50.30567 19.31749 67.23164 50.23036 19.34725 67.25151 50.28494 19.2196 68.37879 50.39925 19.21705 68.38099 50.33407 19.16992 68 50.3949 19.16708 68 50.3297 19.2196 67.62122 50.39925 19.21705 67.61901 50.33407 19.36525 67.26825 50.41199 19.36354 67.26399 50.34689 19.59694 66.96515 50.43227 19.59658 66.95913 50.36728 19.89889 66.73258 50.45868 19.90029 66.7252 50.39385 20.25052 66.58637 50.48944 20.25396 66.57814 50.42479 20.62786 66.5365 50.52246 20.6335 66.52799 50.458 21.0052 66.58637 50.55547 21.01303 66.57814 50.4912 21.35682 66.73258 50.58623 21.3667 66.7252 50.52215 21.65877 66.96515 50.61265 21.67041 66.95913 50.54872 21.89046 67.26825 50.63292 21.90345 67.26399 50.56911 22.03611 67.62122 50.64566 22.04994 67.61901 50.58192 22.08579 68 50.65001 22.09991 68 50.58629 22.03611 68.37879 50.64566 22.04994 68.38099 50.58192 21.89046 68.73175 50.63292 21.90345 68.73601 50.56911 21.65877 69.03485 50.61265 21.67041 69.04087 50.54872 21.35682 69.26743 50.58623 21.3667 69.27481 50.52215 21.0052 69.41364 50.55547 21.01303 69.42186 50.4912 20.62786 69.4635 50.52246 20.6335 69.47202 50.458 20.25052 69.41364 50.48944 20.25396 69.42186 50.42479 19.89889 69.26743 50.45868 19.90029 69.27481 50.39385 19.59694 69.03485 50.43227 19.59658 69.04087 50.36728 19.36525 68.73175 50.41199 19.36354 68.73601 50.34689 23.31649 68.69235 49.43761 23.40729 68 49.44555 23.31649 67.30766 49.43761 23.05027 66.6625 49.41431 22.62678 66.10849 49.37726 22.07488 65.68338 49.32898 21.43218 65.41615 49.27275 20.74247 65.325 49.21241 20.05276 65.41615 49.15206 19.41006 65.68338 49.09584 18.85816 66.10849 49.04755 18.43467 66.6625 49.0105 18.16845 67.30766 48.98721 18.07765 68 48.97927 18.16845 68.69235 48.98721 18.43467 69.3375 49.0105 18.85816 69.89151 49.04755 19.41006 70.31662 49.09584 20.05276 70.58386 49.15206 20.74247 70.67501 49.21241 21.43218 70.58386 49.27275 22.07488 70.31662 49.32898 22.62678 69.89151 49.37726 23.05027 69.3375 49.41431 18.79426 68.37879 55.26088 18.74459 68 55.25653 18.79426 67.62122 55.26088 18.93991 67.26825 55.27362 19.1716 66.96515 55.29389 19.47355 66.73258 55.32031 19.82518 66.58637 55.35107 20.20252 66.5365 55.38409 20.57986 66.58637 55.4171 20.93148 66.73258 55.44786 21.23343 66.96515 55.47428 21.46512 67.26825 55.49455 21.61077 67.62122 55.50729 21.66045 68 55.51164 21.61077 68.37879 55.50729 21.46512 68.73175 55.49455 21.23343 69.03485 55.47428 20.93148 69.26743 55.44786 20.57986 69.41364 55.4171 20.20252 69.4635 55.38409 19.82518 69.41364 55.35107 19.47355 69.26743 55.32031 19.1716 69.03485 55.29389 18.93991 68.73175 55.27362 20.65598 68 50.20098 19.71011 68.57735 49.53867 20.7063 69.1547 49.62583 21.70249 68.57735 49.71298 21.70249 67.42266 49.71298 20.7063 66.8453 49.62583 19.71011 67.42266 49.53867 19.80598 68.57735 48.44286 20.80217 69.1547 48.53001 21.79837 68.57735 48.61717 21.79837 67.42266 48.61717 20.80217 66.8453 48.53001 19.80598 67.42266 48.44286 19.46976 70.31662 48.41344 20.11247 70.58386 48.46967 20.80217 70.67501 48.53001 18.13735 68 48.29687 18.22815 68.69235 48.30482 18.49437 69.3375 48.32811 19.46976 65.68338 48.41344 18.91786 66.10849 48.36516 18.49437 66.6625 48.32811 22.13458 65.68338 48.64659 21.49188 65.41615 48.59035 20.80217 65.325 48.53001 23.46699 68 48.76316 23.37619 67.30766 48.75521 23.10997 66.6625 48.73192 22.13458 70.31662 48.64659 22.68648 69.89151 48.69487 23.10997 69.3375 48.73192 22.68648 66.10849 48.69487 20.11247 65.41615 48.46967 18.22815 67.30766 48.30482 18.91786 69.89151 48.36516 21.49188 70.58386 48.59035 23.37619 68.69235 48.75521 18.36893 31.62122 60.12251 18.6016 31.68942 60.38333 18.31925 32 60.11816 18.56087 32 60.37976 18.36893 32.37878 60.12251 18.6016 32.31058 60.38333 18.51457 32.73175 60.13525 18.72103 32.6 60.39377 18.74627 33.03485 60.15552 18.911 32.84853 60.4104 19.04821 33.26743 60.18194 19.15859 33.03923 60.43206 19.39984 33.41363 60.2127 19.4469 33.15911 60.45728 19.77718 33.4635 60.24571 19.7563 33.2 60.48435 20.15452 33.41363 60.27873 20.0657 33.15911 60.51142 20.50615 33.26743 60.30949 20.35402 33.03923 60.53664 20.80809 33.03485 60.33591 20.6016 32.84853 60.55831 21.03979 32.73175 60.35618 20.79158 32.6 60.57493 21.18543 32.37878 60.36892 20.911 32.31058 60.58538 21.23511 32 60.37327 20.95174 32 60.58894 21.18543 31.62122 60.36892 20.911 31.68942 60.58538 21.03979 31.26825 60.35618 20.79158 31.4 60.57493 20.80809 30.96515 60.33591 20.6016 31.15147 60.55831 20.50615 30.73257 60.30949 20.35402 30.96077 60.53664 20.15452 30.58637 60.27873 20.0657 30.84089 60.51142 19.77718 30.5365 60.24571 19.7563 30.8 60.48435 19.39984 30.58637 60.2127 19.4469 30.84089 60.45728 19.04821 30.73257 60.18194 19.15859 30.96077 60.43206 18.74627 30.96515 60.15552 18.911 31.15147 60.4104 18.51457 31.26825 60.13525 18.72103 31.4 60.39377 19.16455 31.60227 50.21698 19.19827 31.61255 50.27191 19.11239 32 50.21242 19.14745 32 50.26746 19.16455 32.39773 50.21698 19.19827 32.38745 50.27191 19.31749 32.76836 50.23036 19.34725 32.7485 50.28494 19.56077 33.08663 50.25165 19.58424 33.05853 50.30567 19.87783 33.33084 50.27939 19.8931 33.29644 50.3327 20.24704 33.48436 50.31169 20.25277 33.44598 50.36417 20.64326 33.53672 50.34635 20.63875 33.49699 50.39793 21.03948 33.48436 50.38102 21.02473 33.44598 50.4317 21.4087 33.33084 50.41332 21.3844 33.29644 50.46317 21.72575 33.08663 50.44106 21.69326 33.05853 50.49019 21.96904 32.76836 50.46234 21.93025 32.7485 50.51092 22.12198 32.39773 50.47572 22.07923 32.38745 50.52396 22.17414 32 50.48029 22.13005 32 50.5284 22.12198 31.60227 50.47572 22.07923 31.61255 50.52396 21.96904 31.23164 50.46234 21.93025 31.2515 50.51092 21.72575 30.91337 50.44106 21.69326 30.94147 50.49019 21.4087 30.66916 50.41332 21.3844 30.70357 50.46317 21.03948 30.51564 50.38102 21.02473 30.55402 50.4317 20.64326 30.46328 50.34635 20.63875 30.50301 50.39793 20.24704 30.51564 50.31169 20.25277 30.55402 50.36417 19.87783 30.66916 50.27939 19.8931 30.70357 50.3327 19.56077 30.91337 50.25165 19.58424 30.94147 50.30567 19.31749 31.23164 50.23036 19.34725 31.2515 50.28494 19.2196 32.37878 50.39925 19.21705 32.38098 50.33407 19.16992 32 50.3949 19.16708 32 50.3297 19.2196 31.62122 50.39925 19.21705 31.61901 50.33407 19.36525 31.26825 50.41199 19.36354 31.26399 50.34689 19.59694 30.96515 50.43227 19.59658 30.95913 50.36728 19.89889 30.73257 50.45868 19.90029 30.7252 50.39385 20.25052 30.58637 50.48944 20.25396 30.57814 50.42479 20.62786 30.5365 50.52246 20.6335 30.52798 50.458 21.0052 30.58637 50.55547 21.01303 30.57814 50.4912 21.35682 30.73257 50.58623 21.3667 30.7252 50.52215 21.65877 30.96515 50.61265 21.67041 30.95913 50.54872 21.89046 31.26825 50.63292 21.90345 31.26399 50.56911 22.03611 31.62122 50.64566 22.04994 31.61901 50.58192 22.08579 32 50.65001 22.09991 32 50.58629 22.03611 32.37878 50.64566 22.04994 32.38098 50.58192 21.89046 32.73175 50.63292 21.90345 32.73601 50.56911 21.65877 33.03485 50.61265 21.67041 33.04087 50.54872 21.35682 33.26743 50.58623 21.3667 33.27481 50.52215 21.0052 33.41363 50.55547 21.01303 33.42186 50.4912 20.62786 33.4635 50.52246 20.6335 33.47202 50.458 20.25052 33.41363 50.48944 20.25396 33.42186 50.42479 19.89889 33.26743 50.45868 19.90029 33.27481 50.39385 19.59694 33.03485 50.43227 19.59658 33.04087 50.36728 19.36525 32.73175 50.41199 19.36354 32.73601 50.34689 23.31649 32.69234 49.43761 23.40729 32 49.44555 23.31649 31.30766 49.43761 23.05027 30.6625 49.41431 22.62678 30.10849 49.37726 22.07488 29.68338 49.32898 21.43218 29.41615 49.27275 20.74247 29.325 49.21241 20.05276 29.41615 49.15206 19.41006 29.68338 49.09584 18.85816 30.10849 49.04755 18.43467 30.6625 49.0105 18.16845 31.30766 48.98721 18.07765 32 48.97927 18.16845 32.69234 48.98721 18.43467 33.3375 49.0105 18.85816 33.89151 49.04755 19.41006 34.31661 49.09584 20.05276 34.58385 49.15206 20.74247 34.675 49.21241 21.43218 34.58385 49.27275 22.07488 34.31661 49.32898 22.62678 33.89151 49.37726 23.05027 33.3375 49.41431 18.79426 32.37878 55.26088 18.74459 32 55.25653 18.79426 31.62122 55.26088 18.93991 31.26825 55.27362 19.1716 30.96515 55.29389 19.47355 30.73257 55.32031 19.82518 30.58637 55.35107 20.20252 30.5365 55.38409 20.57986 30.58637 55.4171 20.93148 30.73257 55.44786 21.23343 30.96515 55.47428 21.46512 31.26825 55.49455 21.61077 31.62122 55.50729 21.66045 32 55.51164 21.61077 32.37878 55.50729 21.46512 32.73175 55.49455 21.23343 33.03485 55.47428 20.93148 33.26743 55.44786 20.57986 33.41363 55.4171 20.20252 33.4635 55.38409 19.82518 33.41363 55.35107 19.47355 33.26743 55.32031 19.1716 33.03485 55.29389 18.93991 32.73175 55.27362 20.65598 32 50.20098 19.71011 32.57735 49.53867 20.7063 33.1547 49.62583 21.70249 32.57735 49.71298 21.70249 31.42265 49.71298 20.7063 30.8453 49.62583 19.71011 31.42265 49.53867 19.80598 32.57735 48.44286 20.80217 33.1547 48.53001 21.79837 32.57735 48.61717 21.79837 31.42265 48.61717 20.80217 30.8453 48.53001 19.80598 31.42265 48.44286 19.46976 34.31661 48.41344 20.11247 34.58385 48.46967 20.80217 34.675 48.53001 18.13735 32 48.29687 18.22815 32.69234 48.30482 18.49437 33.3375 48.32811 19.46976 29.68338 48.41344 18.91786 30.10849 48.36516 18.49437 30.6625 48.32811 22.13458 29.68338 48.64659 21.49188 29.41615 48.59035 20.80217 29.325 48.53001 23.46699 32 48.76316 23.37619 31.30766 48.75521 23.10997 30.6625 48.73192 22.13458 34.31661 48.64659 22.68648 33.89151 48.69487 23.10997 33.3375 48.73192 22.68648 30.10849 48.69487 20.11247 29.41615 48.46967 18.22815 31.30766 48.30482 18.91786 33.89151 48.36516 21.49188 34.58385 48.59035 23.37619 32.69234 48.75521 1.887419 49.49427 3.901818 1.545481 49.58589 3.58 1.954 50 3.901818 1.6 50 3.58 1.887419 50.50573 3.901818 1.545481 50.41411 3.58 1.692214 50.977 3.901818 1.385641 50.8 3.58 1.381687 51.38169 3.901818 1.131371 51.13137 3.58 0.977 51.69221 3.901818 0.8 51.38564 3.58 0.5057324 51.88742 3.901818 0.4141105 51.54548 3.58 0 51.954 3.901818 0 51.6 3.58 -0.5057324 51.88742 3.901818 -0.4141105 51.54548 3.58 -0.977 51.69221 3.901818 -0.8 51.38564 3.58 -1.381687 51.38169 3.901818 -1.131371 51.13137 3.58 -1.692214 50.977 3.901818 -1.385641 50.8 3.58 -1.887419 50.50573 3.901818 -1.545481 50.41411 3.58 -1.954 50 3.901818 -1.6 50 3.58 -1.887419 49.49427 3.901818 -1.545481 49.58589 3.58 -1.692214 49.023 3.901818 -1.385641 49.2 3.58 -1.381687 48.61831 3.901818 -1.131371 48.86863 3.58 -0.977 48.30778 3.901818 -0.8 48.61436 3.58 -0.5057324 48.11258 3.901818 -0.4141105 48.45452 3.58 0 48.046 3.901818 0 48.4 3.58 0.5057324 48.11258 3.901818 0.4141105 48.45452 3.58 0.977 48.30778 3.901818 0.8 48.61436 3.58 1.381687 48.61831 3.901818 1.131371 48.86863 3.58 1.692214 49.023 3.901818 1.385641 49.2 3.58 1.986439 49.46773 17.15651 1.932712 49.48213 17.08403 2.056513 50 17.15651 2.000891 50 17.08403 1.986439 50.53226 17.15651 1.932712 50.51787 17.08403 1.780992 51.02825 17.15651 1.732823 51.00045 17.08403 1.454174 51.45417 17.15651 1.414844 51.41484 17.08403 1.028256 51.78099 17.15651 1.000446 51.73282 17.08403 0.5322647 51.98644 17.15651 0.5178687 51.93271 17.08403 0 52.05651 17.15651 0 52.00089 17.08403 -0.5322647 51.98644 17.15651 -0.5178687 51.93271 17.08403 -1.028256 51.78099 17.15651 -1.000446 51.73282 17.08403 -1.454174 51.45417 17.15651 -1.414844 51.41484 17.08403 -1.780992 51.02825 17.15651 -1.732823 51.00045 17.08403 -1.986439 50.53226 17.15651 -1.932712 50.51787 17.08403 -2.056513 50 17.15651 -2.000891 50 17.08403 -1.986439 49.46773 17.15651 -1.932712 49.48213 17.08403 -1.780992 48.97174 17.15651 -1.732823 48.99955 17.08403 -1.454174 48.54582 17.15651 -1.414844 48.58515 17.08403 -1.028256 48.21901 17.15651 -1.000446 48.26718 17.08403 -0.5322647 48.01356 17.15651 -0.5178687 48.06729 17.08403 0 47.94349 17.15651 0 47.99911 17.08403 0.5322647 48.01356 17.15651 0.5178687 48.06729 17.08403 1.028256 48.21901 17.15651 1.000446 48.26718 17.08403 1.454174 48.54582 17.15651 1.414844 48.58515 17.08403 1.780992 48.97174 17.15651 1.732823 48.99955 17.08403 1.887419 50.50573 16.90903 1.898939 50.50882 16.99961 1.954 50 16.90903 1.965926 50 16.99961 1.887419 49.49427 16.90903 1.898939 49.49118 16.99961 1.692214 49.023 16.90903 1.702542 49.01704 16.99961 1.381687 48.61831 16.90903 1.39012 48.60988 16.99961 0.977 48.30778 16.90903 0.982963 48.29746 16.99961 0.5057324 48.11258 16.90903 0.5088191 48.10106 16.99961 0 48.046 16.90903 0 48.03407 16.99961 -0.5057324 48.11258 16.90903 -0.5088191 48.10106 16.99961 -0.977 48.30778 16.90903 -0.982963 48.29746 16.99961 -1.381687 48.61831 16.90903 -1.39012 48.60988 16.99961 -1.692214 49.023 16.90903 -1.702542 49.01704 16.99961 -1.887419 49.49427 16.90903 -1.898939 49.49118 16.99961 -1.954 50 16.90903 -1.965926 50 16.99961 -1.887419 50.50573 16.90903 -1.898939 50.50882 16.99961 -1.692214 50.977 16.90903 -1.702542 50.98296 16.99961 -1.381687 51.38169 16.90903 -1.39012 51.39012 16.99961 -0.977 51.69221 16.90903 -0.982963 51.70254 16.99961 -0.5057324 51.88742 16.90903 -0.5088191 51.89894 16.99961 0 51.954 16.90903 0 51.96593 16.99961 0.5057324 51.88742 16.90903 0.5088191 51.89894 16.99961 0.977 51.69221 16.90903 0.982963 51.70254 16.99961 1.381687 51.38169 16.90903 1.39012 51.39012 16.99961 1.692214 50.977 16.90903 1.702542 50.98296 16.99961 -3.786673 49.06667 19 -3.9 50 19 -3.786673 50.93333 19 -3.453279 51.81242 19 -2.919192 52.58618 19 -2.215452 53.20964 19 -1.382959 53.64656 19 -0.470093 53.87156 19 0.470093 53.87156 19 1.382959 53.64656 19 2.215452 53.20964 19 2.919192 52.58618 19 3.453279 51.81242 19 3.786673 50.93333 19 3.9 50 19 3.786673 49.06667 19 3.453279 48.18758 19 2.919192 47.41382 19 2.215452 46.79036 19 1.382959 46.35343 19 0.470093 46.12844 19 -0.470093 46.12844 19 -1.382959 46.35343 19 -2.215452 46.79036 19 -2.919192 47.41382 19 -3.453279 48.18758 19 1.887419 50.50573 10.40542 1.954 50 10.40542 1.887419 49.49427 10.40542 1.692214 49.023 10.40542 1.381687 48.61831 10.40542 0.977 48.30778 10.40542 0.5057324 48.11258 10.40542 0 48.046 10.40542 -0.5057324 48.11258 10.40542 -0.977 48.30778 10.40542 -1.381687 48.61831 10.40542 -1.692214 49.023 10.40542 -1.887419 49.49427 10.40542 -1.954 50 10.40542 -1.887419 50.50573 10.40542 -1.692214 50.977 10.40542 -1.381687 51.38169 10.40542 -0.977 51.69221 10.40542 -0.5057324 51.88742 10.40542 0 51.954 10.40542 0.5057324 51.88742 10.40542 0.977 51.69221 10.40542 1.381687 51.38169 10.40542 1.692214 50.977 10.40542 0 50 17.35831 1.25 50.72169 18.08 0 51.44337 18.08 -1.25 50.72169 18.08 -1.25 49.27831 18.08 0 48.55662 18.08 1.25 49.27831 18.08 1.25 50.72169 19.58 0 51.44337 19.58 -1.25 50.72169 19.58 -1.25 49.27831 19.58 0 48.55662 19.58 1.25 49.27831 19.58 2.215452 53.20964 19.58 1.382959 53.64656 19.58 0.470093 53.87156 19.58 3.9 50 19.58 3.786673 50.93333 19.58 3.453279 51.81242 19.58 2.215452 46.79036 19.58 2.919192 47.41382 19.58 3.453279 48.18758 19.58 -2.215452 46.79036 19.58 -1.382959 46.35343 19.58 -0.470093 46.12844 19.58 -3.9 50 19.58 -3.786673 49.06667 19.58 -3.453279 48.18758 19.58 -2.215452 53.20964 19.58 -2.919192 52.58618 19.58 -3.453279 51.81242 19.58 -2.919192 47.41382 19.58 0.470093 46.12844 19.58 1.382959 46.35343 19.58 3.786673 49.06667 19.58 2.919192 52.58618 19.58 -0.470093 53.87156 19.58 -1.382959 53.64656 19.58 -3.786673 50.93333 19.58</float_array>
          <technique_common>
            <accessor source="#soporte_v4_20x20__IMPRESIÓN_3D_-mesh-positions-array" count="2348" stride="3">
              <param name="X" type="float"/>
              <param name="Y" type="float"/>
              <param name="Z" type="float"/>
            </accessor>
          </technique_common>
        </source>
        <source id="soporte_v4_20x20__IMPRESIÓN_3D_-mesh-normals">
          <float_array id="soporte_v4_20x20__IMPRESIÓN_3D_-mesh-normals-array" count="14088">0.7055004 -0.06736707 0.7055004 0.7055004 0.06736707 0.7055004 0.7005586 0.0922302 0.7076096 0.6806814 0.1998658 0.7047883 0.6520016 0.2700685 0.7084892 0.6304295 0.3250092 0.704931 0.5612874 0.4306893 0.706727 0.5567497 0.4378336 0.705926 0.4643227 0.5358564 0.7051683 0.4297947 0.5601202 0.7081964 0.3547328 0.6144146 0.7047406 0.2701779 0.6522745 0.7081963 0.2319042 0.6700431 0.7051686 0.1007991 0.701076 0.7059262 0.09234684 0.7014337 0.706727 -0.03374916 0.7084727 0.7049308 -0.09211647 0.6996839 0.7084893 -0.1672513 0.6894205 0.7047883 -0.2704029 0.6528177 0.7076095 -0.294408 0.6446653 0.7055003 -0.411092 0.5772978 0.7055003 -0.4301527 0.5605869 0.7076094 -0.5134294 0.4895547 0.7047883 -0.5598873 0.429615 0.7084894 -0.5966813 0.3834629 0.704931 -0.653632 0.2707438 0.706727 -0.6575493 0.2632436 0.7059262 -0.6962265 0.1341868 0.7051685 -0.6999754 0.09215342 0.7081964 -0.709465 0 0.7047407 -0.6999754 -0.09215342 0.7081964 -0.6962265 -0.1341868 0.7051685 -0.6575493 -0.2632436 0.7059262 -0.653632 -0.2707438 0.706727 -0.5966814 -0.3834629 0.704931 -0.5598873 -0.429615 0.7084894 -0.5134294 -0.4895547 0.7047883 -0.4301527 -0.5605869 0.7076094 -0.411092 -0.5772978 0.7055003 -0.294408 -0.6446653 0.7055003 -0.2704029 -0.6528177 0.7076095 -0.1672513 -0.6894205 0.7047883 -0.09211647 -0.6996839 0.7084893 -0.03374916 -0.7084727 0.7049308 0.09234684 -0.7014337 0.706727 0.1007991 -0.701076 0.7059263 0.2319042 -0.6700431 0.7051686 0.2701779 -0.6522745 0.7081963 0.3547328 -0.6144146 0.7047406 0.4297947 -0.5601202 0.7081964 0.4643227 -0.5358564 0.7051683 0.5567497 -0.4378336 0.705926 0.5612874 -0.4306893 0.706727 0.6304295 -0.3250092 0.7049309 0.6520016 -0.2700685 0.7084892 0.6806814 -0.1998658 0.7047883 0.7005586 -0.0922302 0.7076096 0.8798453 0 0.4752603 0.8798453 0 0.4752603 0.8798453 0 0.4752603 0.8798453 0 0.4752603 0.948394 0 0.3170945 0.948394 0 0.3170945 0.9887608 0 0.1495062 0.9887608 0 0.1495062 0.9997463 0 -0.02252483 0.9997463 0 -0.02252483 0.9810239 0 -0.1938871 0.9810239 0 -0.1938871 0.9331501 0 -0.3594871 0.9331501 0 -0.3594871 0.8575476 0 -0.5144047 0.8575476 0 -0.5144047 0.7564624 0 -0.6540372 0.7564624 0 -0.6540372 0.6328986 0 -0.7742348 0.6328986 0 -0.7742348 0.4905285 0 -0.8714251 0.4905286 0 -0.8714251 0.4905286 0 -0.871425 0.4905285 0 -0.8714251 0.6328986 0 -0.7742348 0.6328986 0 -0.7742348 0.7564624 0 -0.6540372 0.7564624 0 -0.6540372 0.8575476 0 -0.5144047 0.8575476 0 -0.5144047 0.9331501 0 -0.3594871 0.9331501 0 -0.3594871 0.9810239 0 -0.1938871 0.9810239 0 -0.1938871 0.9997463 0 -0.02252483 0.9997463 0 -0.02252483 0.9887608 0 0.1495062 0.9887608 0 0.1495062 0.948394 0 0.3170945 0.948394 0 0.3170945 0.948394 0 0.3170945 0.948394 0 0.3170945 0.9887608 0 0.1495062 0.9887608 0 0.1495062 0.9997463 0 -0.02252483 0.9997463 0 -0.02252483 0.9810239 0 -0.1938871 0.9810239 0 -0.1938871 0.9331501 0 -0.3594871 0.9331501 0 -0.3594871 0.8575475 0 -0.5144047 0.8575475 0 -0.5144047 0.7564623 0 -0.6540372 0.7564623 0 -0.6540372 0.6328986 0 -0.7742347 0.6328986 0 -0.7742347 -0.4905285 0 -0.8714251 -0.4905286 0 -0.8714251 -0.4905286 0 -0.871425 -0.4905285 0 -0.8714251 -0.6328986 0 -0.7742348 -0.6328986 0 -0.7742348 -0.7564624 0 -0.6540372 -0.7564624 0 -0.6540372 -0.8575476 0 -0.5144047 -0.8575476 0 -0.5144047 -0.9331501 0 -0.3594871 -0.9331501 0 -0.3594871 -0.9810239 0 -0.1938871 -0.9810239 0 -0.1938871 -0.9997463 0 -0.02252483 -0.9997463 0 -0.02252483 -0.9887608 0 0.1495062 -0.9887608 0 0.1495062 -0.948394 0 0.3170945 -0.948394 0 0.3170945 -0.8798453 0 0.4752603 -0.8798453 0 0.4752603 -0.8798453 0 0.4752603 -0.8798453 0 0.4752603 -0.948394 0 0.3170945 -0.948394 0 0.3170945 -0.9887608 0 0.1495062 -0.9887608 0 0.1495062 -0.9997463 0 -0.02252483 -0.9997463 0 -0.02252483 -0.9810239 0 -0.1938871 -0.9810239 0 -0.1938871 -0.9331501 0 -0.3594871 -0.9331501 0 -0.3594871 -0.8575476 0 -0.5144047 -0.8575476 0 -0.5144047 -0.7564624 0 -0.6540372 -0.7564624 0 -0.6540372 -0.6328986 0 -0.7742348 -0.6328986 0 -0.7742348 -0.6328986 0 -0.7742347 -0.6328986 0 -0.7742347 -0.7564623 0 -0.6540372 -0.7564623 0 -0.6540372 -0.8575475 0 -0.5144047 -0.8575475 0 -0.5144047 -0.9331501 0 -0.3594871 -0.9331501 0 -0.3594871 -0.9810239 0 -0.1938871 -0.9810239 0 -0.1938871 -0.9997463 0 -0.02252483 -0.9997463 0 -0.02252483 -0.9887608 0 0.1495062 -0.9887608 0 0.1495062 -0.948394 0 0.3170945 -0.948394 0 0.3170945 0 -1 0 0 -1 0 0 -1 0 0 -1 0 0 -1 0 0 -1 0 0 -1 0 0 -1 0 0 -1 0 0 -1 0 0 -1 0 0 -1 0 0 -1 0 0 -1 0 0 -1 0 0 -1 0 0 -1 0 0 -1 0 0 -1 0 0 -1 0 0 -1 0 0 -1 0 0 -1 0 0 -1 0 0 -1 0 0 -1 0 0 -1 0 0 -1 0 0 -1 0 0 -1 0 0 -1 0 0 -1 0 0 -1 0 0 -1 0 0 -1 0 0 -1 0 0 -1 0 0 -1 0 0 -1 0 0 -1 0 0 -1 0 0 -1 0 0 -1 0 0 -1 0 0 -1 0 0 -1 0 0 -1 0 0 -1 0 0 -1 0 0 -1 0 0 -1 0 0 -1 0 0 -1 0 0 -1 0 0 -1 0 0 -1 0 0 -1 0 0 -1 0 0 -1 0 0 -1 0 0 -1 0 0 -1 0 0 -1 0 0 -1 0 0 -1 0 0 -1 0 0 -1 0 0 -1 0 0 -1 0 0 -1 0 0 -1 0 0 -1 0 0 -1 0 0 -1 0 0 -1 0 0 -1 0 0 -1 0 0 -1 0 0 -1 0 0 -1 0 0 -1 0 0 -1 0 0 -1 0 0 -1 0 0 -1 0 0 -1 0 0 -1 0 0 -1 0 0 -1 0 0 -1 0 0 -1 0 0 -1 0 0 -1 0 0 -1 0 0 -1 0 0 -1 0 0 -1 0 0 -1 0 0 -1 0 0 -1 0 0 -1 0 0 -1 0 0 -1 0 0 -1 0 0 -1 0 0 -1 0 0 -1 0 0 -1 0 0 -1 0 0 -1 0 0 -1 0 0 -1 0 0 -1 0 0.1305266 0 -0.9914448 0.1305266 0 -0.9914448 0.1305266 0 -0.9914448 0.3826837 0 -0.9238795 0.3826837 0 -0.9238795 0.6087618 0 -0.7933531 0.6087618 0 -0.7933531 0.7933527 0 -0.6087624 0.7933527 0 -0.6087624 0.9238799 0 -0.3826826 0.9238799 0 -0.3826826 0.9914448 0 -0.1305267 0.9914448 0 -0.1305267 0.9914448 0 -0.1305267 0.9238799 0 -0.3826826 0.9238799 0 -0.3826826 0.7933527 0 -0.6087624 0.7933527 0 -0.6087624 0.6087618 0 -0.7933531 0.6087618 0 -0.7933531 0.3826837 0 -0.9238795 0.3826837 0 -0.9238795 0.1305266 0 -0.9914448 0.1305266 0 -0.9914448 0.1305266 0 -0.9914448 0.3826837 0 -0.9238795 0.3826837 0 -0.9238795 0.6087618 0 -0.7933531 0.6087618 0 -0.7933531 0.7933527 0 -0.6087624 0.7933527 0 -0.6087624 0.9238799 0 -0.3826826 0.3826837 0 -0.9238795 0.6087618 0 -0.7933531 0.6087618 0 -0.7933531 0.7933527 0 -0.6087624 0.7933527 0 -0.6087624 0.9238799 0 -0.3826826 0.9238799 0 -0.3826826 0.9914448 0 -0.1305267 0.6087618 0 -0.7933531 0.7933527 0 -0.6087624 0.7933527 0 -0.6087624 0.9238799 0 -0.3826826 0.9238799 0 -0.3826826 0.9914448 0 -0.1305267 0.9914448 0 -0.1305267 0.7933527 0 -0.6087624 0.9238799 0 -0.3826826 0.9238799 0 -0.3826826 0.9914448 0 -0.1305267 0.9238799 0 -0.3826826 0.9914448 0 -0.1305267 0.3826837 0 -0.9238795 0.1305266 0 -0.9914448 0.1305266 0 -0.9914448 0.3826837 0 -0.9238795 0.3826837 0 -0.9238795 0.3826837 0 -0.9238795 0.3826837 0 -0.9238795 0.3826837 0 -0.9238795 0.3826837 0 -0.9238795 0.6087618 0 -0.7933531 0.6087618 0 -0.7933531 0.6087618 0 -0.7933531 0.6087618 0 -0.7933531 0.6087618 0 -0.7933531 0.7933527 0 -0.6087624 0.7933527 0 -0.6087624 0.7933527 0 -0.6087624 0.9238799 0 -0.3826826 0.9238799 0 -0.3826826 0.08640998 -0.130528 -0.9876719 0.08722907 -0.1526176 -0.9844283 0.08684337 -0.08457875 -0.9926251 0.08052134 -0.3826824 -0.9203644 0.08050543 -0.3828607 -0.9202916 0.08200454 -0.3828604 -0.9201593 0.07901191 -0.4209774 -0.9036234 0.0711084 -0.5777192 -0.8131324 0.07068914 -0.6089164 -0.7900784 0.05946618 -0.7202671 -0.6911434 0.05496174 -0.7933504 -0.6062791 0.04582369 -0.8428428 -0.5362054 0.03479737 -0.9238801 -0.381097 0.02914845 -0.9396614 -0.3408619 0.01590913 -0.9839858 -0.1775356 0.01642554 -0.9820803 -0.1877455 0.01227515 -0.9914451 -0.1299462 0.06915473 -0.6087642 -0.7903314 0.06913506 -0.6089173 -0.7902153 0.05305737 -0.7933518 -0.6064469 0.05305749 -0.7933492 -0.6064503 0.03335273 -0.9238809 -0.3812238 0.03335273 -0.9238809 -0.3812237 0.005312204 -0.9981407 -0.06071919 0.08355176 -0.2521806 -0.9640664 -0.9742875 -0.06411552 -0.2159934 -0.9698166 -0.1925146 -0.1496458 -0.9701002 -0.1621805 -0.1805634 -0.9321444 -0.3165477 -0.1757966 -0.9159241 -0.3794046 -0.1309019 -0.8056757 -0.5457794 -0.2302423 -0.7939297 -0.517756 -0.3187543 -0.7248147 -0.6545839 -0.214857 -0.7320185 -0.607493 -0.3083847 -0.5887516 -0.7693712 -0.2478698 -0.5775377 -0.7904362 -0.20411 -0.4497913 -0.8618681 -0.2342461 -0.3717742 -0.9188986 -0.1319448 -0.3756614 -0.9208568 -0.1044092 -0.1580447 -0.9755129 -0.1529583 -0.1701841 -0.9791352 -0.1110476 -0.09215605 -0.9954812 -0.0229023 -0.1110827 -0.9907749 -0.07762646 -0.09119033 -0.9918284 -0.08922266 -0.09126597 -0.9905471 -0.1024055 -0.07145363 -0.9919597 -0.1044529 -0.06535637 -0.9904912 -0.1210607 -0.0497936 -0.9919302 -0.1165982 -0.03542309 -0.9906119 -0.1320352 -0.026398 -0.9917374 -0.125539 -0.003928542 -0.9908991 -0.1345493 -0.001430451 -0.9913635 -0.1311345 -0.004191339 -0.9232254 -0.3842359 -0.004192292 -0.9232258 -0.3842348 -0.0790714 -0.9232258 -0.3760343 -0.07907116 -0.9232257 -0.3760347 -0.1509132 -0.9232257 -0.353383 -0.1509125 -0.9232249 -0.3533854 -0.2169562 -0.9232249 -0.3171525 -0.2169564 -0.9232256 -0.3171504 -0.2746587 -0.9232255 -0.2687324 -0.2746587 -0.9232255 -0.2687326 -0.3218089 -0.9232255 -0.2099848 -0.3218085 -0.9232259 -0.2099835 -0.006661951 -0.7919269 -0.6105796 -0.006662964 -0.7919276 -0.6105787 -0.12565 -0.7919275 -0.5975474 -0.1256505 -0.7919279 -0.5975467 -0.2398098 -0.7919281 -0.5615526 -0.2398118 -0.7919303 -0.5615485 -0.3447583 -0.7919299 -0.5039731 -0.3447561 -0.7919259 -0.5039809 -0.4364541 -0.7919263 -0.4270369 -0.4364543 -0.7919279 -0.4270336 -0.5113785 -0.7919279 -0.3336799 -0.5113785 -0.7919277 -0.3336803 -0.008672416 -0.6069142 -0.7947201 -0.00866723 -0.6069104 -0.794723 -0.1635456 -0.6069105 -0.7777612 -0.1635459 -0.6069107 -0.777761 -0.3121384 -0.6069106 -0.7309098 -0.3121376 -0.6069098 -0.7309108 -0.4487295 -0.60691 -0.6559742 -0.4487318 -0.6069133 -0.6559696 -0.5680837 -0.6069128 -0.5558218 -0.5680835 -0.6069123 -0.5558225 -0.6656042 -0.6069118 -0.4343143 -0.6656039 -0.6069088 -0.4343191 -0.0100823 -0.3811079 -0.9244756 -0.01008206 -0.3811077 -0.9244757 -0.1902477 -0.3811079 -0.9047445 -0.1902465 -0.3811069 -0.9047452 -0.3630995 -0.381107 -0.8502448 -0.3631026 -0.3811098 -0.8502422 -0.5219963 -0.3811096 -0.7630697 -0.5219929 -0.3811057 -0.763074 -0.6608347 -0.3811066 -0.6465719 -0.6608344 -0.3811061 -0.6465725 -0.7742748 -0.3811069 -0.5052288 -0.7742758 -0.3811098 -0.505225 -0.8579632 -0.3811094 -0.344463 -0.8579631 -0.3811084 -0.3444644 -0.01081264 -0.1299102 -0.9914668 -0.04309678 -0.1542868 -0.9870858 -0.2044407 -0.1137436 -0.9722481 -0.2967041 -0.1625196 -0.9410389 -0.3901944 -0.1137374 -0.9136806 -0.5308698 -0.1542806 -0.8332915 -0.5598178 -0.1299127 -0.8183683 -0.7087204 -0.129912 -0.6934251 -0.7284474 -0.1542841 -0.6675034 -0.8320459 -0.1137397 -0.5429208 -0.8752184 -0.1625168 -0.4556107 -0.9219767 -0.113739 -0.3701653 0.08715409 2.61524e-6 -0.9961948 0.08715736 -2.18106e-6 -0.9961946 0.08715498 1.72541e-6 -0.9961948 0.08715444 2.69914e-6 -0.9961948 0.08715569 0 -0.9961947 0.08715569 0 -0.9961947 0.08715444 -2.69915e-6 -0.9961948 0.08715867 0 -0.9961945 0.08715867 0 -0.9961945 0.08715534 0 -0.9961947 0.08715534 0 -0.9961947 0.08715575 0 -0.9961947 0.08715575 0 -0.9961947 0.08715575 0 -0.9961947 0.08715575 0 -0.9961947 0.08715558 0 -0.9961948 0.08715558 0 -0.9961947 0.08715867 0 -0.9961945 0.08715867 0 -0.9961945 0.08715093 0 -0.9961951 0.08715093 0 -0.9961951 0.08716344 0 -0.9961941 0.0871607 -3.08394e-6 -0.9961943 0.08715558 0 -0.9961947 0.08715558 0 -0.9961947 0.0871607 3.08394e-6 -0.9961943 0.08715254 -2.04117e-6 -0.996195 0.08715862 2.07077e-6 -0.9961944 0.08715331 -1.779e-6 -0.9961949 0.08715569 0 -0.9961947 0.08715963 -1.19183e-6 -0.9961943 0.08715558 0 -0.9961947 0.08715558 0 -0.9961947 0.08715575 -1.23172e-7 -0.9961947 0.08715575 0 -0.9961947 0.08715534 0 -0.9961947 0.08715826 -5.26524e-7 -0.9961945 0.08715111 0 -0.9961951 0.08715111 0 -0.9961951 0.08715617 1.78493e-7 -0.9961946 0.08715409 -2.55358e-6 -0.9961948 0.08715736 2.12964e-6 -0.9961946 0.08715498 -1.78972e-6 -0.9961948 0.08715254 2.07596e-6 -0.996195 0.08715856 -2.04304e-6 -0.9961944 0.08715331 1.81812e-6 -0.9961949 0.08715569 0 -0.9961947 0.08715957 1.20478e-6 -0.9961944 0.08715558 0 -0.9961947 0.08715558 0 -0.9961948 0.08715581 1.23173e-7 -0.9961947 0.08715575 0 -0.9961947 0.08715534 0 -0.9961947 0.08715826 5.26524e-7 -0.9961945 0.08715111 0 -0.9961951 0.08715111 0 -0.9961951 0.08715617 -1.7842e-7 -0.9961946 0.08716344 0 -0.996194 0.08715534 0 -0.9961947 0.08715564 1.68636e-7 -0.9961947 0.08715564 -1.68636e-7 -0.9961947 0.08715534 0 -0.9961947 0.01137632 0.9914445 -0.1300321 0.01473611 0.9878973 -0.1544078 0.005342841 0.9981192 -0.06106907 0.03335297 0.9238797 -0.3812268 0.03335297 0.9238797 -0.3812269 0.05305677 0.7933553 -0.6064424 0.05305731 0.7933527 -0.6064458 0.0691452 0.608766 -0.7903308 0.06914657 0.6084963 -0.7905384 0.08053725 0.3826811 -0.9203635 0.08053219 0.382382 -0.9204882 0.08640998 0.1305285 -0.9876719 0.08640998 0.1305285 -0.9876719 0.0892868 0.08143645 -0.9926711 0.08357471 0.2513509 -0.9642811 0.08198982 0.3823819 -0.9203596 0.07912456 0.4189207 -0.9045688 0.07114011 0.5771041 -0.8135662 0.07072037 0.6084957 -0.7903997 0.05959838 0.7187911 -0.6926668 0.05497783 0.7933539 -0.6062731 0.04596805 0.8420729 -0.5374013 0.03473585 0.9238789 -0.3811054 0.02937895 0.9388211 -0.3431501 0.01593697 0.9838932 -0.1780455 -0.9321467 0.3165388 -0.1757999 -0.915925 0.3794031 -0.1308995 -0.8115549 0.5388082 -0.2259743 -0.8056192 0.5834458 -0.1028047 -0.7352628 0.6101192 -0.2952001 -0.7356286 0.6071276 -0.300411 -0.6656051 0.6069108 -0.4343148 -0.5113745 0.7919315 -0.3336777 -0.4364494 0.7919314 -0.4270324 -0.274661 0.9232243 -0.2687347 -0.2169572 0.9232242 -0.3171539 -0.07145756 0.9919587 -0.1044586 -0.06535995 0.9904901 -0.1210674 -0.04979634 0.9919293 -0.1166046 -0.03542506 0.9906109 -0.1320425 -0.02639943 0.9917365 -0.1255459 -0.00392878 0.9908981 -0.1345567 -0.001430511 0.9913626 -0.1311417 -0.004191398 0.9232246 -0.3842381 -0.004192352 0.9232241 -0.3842391 -0.006661832 0.7919311 -0.6105742 -0.006662964 0.7919304 -0.610575 -0.008672475 0.6069124 -0.7947215 -0.008667171 0.6069162 -0.7947186 -0.0100823 0.3811064 -0.9244762 -0.01008206 0.3811067 -0.9244762 -0.01081264 0.1299107 -0.9914667 -0.04309678 0.1542873 -0.9870856 -0.2044407 0.113744 -0.972248 -0.2967041 0.1625202 -0.9410387 -0.3901944 0.1137377 -0.9136804 -0.5308697 0.1542811 -0.8332914 -0.5598178 0.1299132 -0.8183683 -0.7087204 0.1299124 -0.693425 -0.6608347 0.3811053 -0.6465727 -0.6608353 0.3811048 -0.6465724 -0.5680822 0.6069145 -0.5558213 -0.5680829 0.6069141 -0.5558211 -0.4364526 0.7919299 -0.4270319 -0.9647365 0.1920446 -0.1800067 -0.9929227 0.0646615 -0.09961628 -0.9646068 0.1542832 -0.2138472 -0.9219767 0.1137394 -0.3701653 -0.8752182 0.1625174 -0.4556106 -0.8320459 0.1137402 -0.5429208 -0.7284474 0.1542847 -0.6675034 -0.09127098 0.9905461 -0.1024111 -0.09119534 0.9918275 -0.08922761 -0.2746611 0.9232242 -0.2687347 -0.3218121 0.9232242 -0.2099859 -0.5113748 0.7919312 -0.3336775 -0.5775377 0.790439 -0.2040989 -0.5897248 0.7673091 -0.2519154 -0.1110888 0.9907739 -0.07763075 -0.09216582 0.99548 -0.02291697 -0.1701766 0.9791371 -0.1110426 -0.1580415 0.9755166 -0.1529387 -0.3756758 0.9208536 -0.1043864 -0.3717865 0.9188944 -0.1319386 -0.4497971 0.8618686 -0.2342327 -0.857964 0.3811072 -0.3444634 -0.8579632 0.3811082 -0.3444644 -0.7742742 0.3811083 -0.5052285 -0.6656008 0.6069138 -0.4343171 -0.7742773 0.3811054 -0.505226 -0.3218107 0.9232246 -0.209986 -0.5219975 0.3811046 -0.7630714 -0.5219922 0.3811085 -0.763073 -0.3630993 0.3811085 -0.8502442 -0.3631032 0.3811056 -0.8502438 -0.1902478 0.3811056 -0.9047454 -0.1902465 0.3811066 -0.9047453 -0.4487274 0.6069148 -0.6559711 -0.4487326 0.6069115 -0.6559706 -0.3121381 0.6069115 -0.7309092 -0.3121368 0.6069124 -0.7309091 -0.1635453 0.6069125 -0.7777598 -0.1635456 0.6069122 -0.7777599 -0.3447584 0.7919297 -0.5039733 -0.3447503 0.7919337 -0.5039724 -0.2398069 0.7919337 -0.5615459 -0.2398113 0.7919315 -0.5615472 -0.125649 0.7919315 -0.5975424 -0.1256498 0.7919311 -0.5975428 -0.1509152 0.9232236 -0.3533875 -0.2169591 0.9232236 -0.3171544 -0.1509129 0.9232244 -0.3533864 -0.07907217 0.9232244 -0.3760377 -0.0790717 0.9232246 -0.3760374 0 1 0 0 1 0 0 1 0 0 1 0 0 1 0 0 1 0 0 1 0 0 1 0 0 1 0 0 1 0 0 1 0 0 1 0 0 1 0 0 1 0 -0.9914445 0 -0.1305286 -0.9914446 0 -0.1305287 -0.9914446 0 -0.1305287 -0.92388 0 -0.3826823 -0.9238801 0 -0.3826823 -0.7933535 0 -0.6087612 -0.7933535 0 -0.6087612 -0.6087612 0 -0.7933535 -0.6087612 0 -0.7933535 -0.3826823 0 -0.92388 -0.3826823 0 -0.9238801 -0.1305287 0 -0.9914446 -0.1305287 0 -0.9914446 0.1305282 0 -0.9914446 0.1305282 0 -0.9914446 0.3826835 0 -0.9238795 0.3826835 0 -0.9238795 0.6087595 0 -0.7933549 0.6087595 0 -0.7933549 0.7933535 0 -0.6087612 0.7933535 0 -0.6087612 0.9238801 0 -0.3826823 0.9238801 0 -0.3826823 0.991445 0 -0.1305251 0.991445 0 -0.1305251 0.9914451 0 0.1305246 0.9914451 0 0.1305246 0.9238795 0 0.3826835 0.9238795 0 0.3826835 0.7933549 0 0.6087595 0.7933549 0 0.6087595 0.6087595 0 0.7933549 0.6087595 0 0.7933549 0.3826835 0 0.9238795 0.3826835 0 0.9238795 0.1305246 0 0.9914451 0.1305246 0 0.9914451 0.1305246 0 0.9914451 0.3826835 0 0.9238795 0.3826835 0 0.9238795 0.6087595 0 0.7933549 0.6087595 0 0.7933549 0.7933549 0 0.6087595 0.7933549 0 0.6087595 0.9238795 0 0.3826835 0.9238795 0 0.3826835 0.9914451 0 0.1305246 0.9914451 0 0.1305246 0.991445 0 -0.1305251 0.991445 0 -0.1305251 0.92388 0 -0.3826823 0.9238801 0 -0.3826823 0.7933535 0 -0.6087612 0.7933535 0 -0.6087612 0.6087595 0 -0.7933549 0.6087595 0 -0.7933549 0.3826835 0 -0.9238795 0.3826835 0 -0.9238795 0.1305282 0 -0.9914446 0.1305282 0 -0.9914446 -0.1305287 0 -0.9914446 -0.1305287 0 -0.9914446 -0.3826823 0 -0.92388 -0.3826823 0 -0.92388 -0.6087612 0 -0.7933535 -0.6087612 0 -0.7933535 -0.7933535 0 -0.6087612 -0.7933535 0 -0.6087612 -0.92388 0 -0.3826823 -0.92388 0 -0.3826823 -0.9914446 0 -0.1305287 -0.9914446 0 -0.1305287 -0.9914446 0 -0.1305287 -0.92388 0 -0.3826823 -0.9238801 0 -0.3826823 -0.7933535 0 -0.6087612 -0.7933535 0 -0.6087612 -0.6087612 0 -0.7933535 -0.6087612 0 -0.7933535 -0.3826823 0 -0.92388 -0.3826823 0 -0.9238801 -0.1305287 0 -0.9914446 -0.1305287 0 -0.9914446 0.1305282 0 -0.9914446 0.1305282 0 -0.9914446 0.3826835 0 -0.9238795 0.3826835 0 -0.9238795 0.6087595 0 -0.7933549 0.6087595 0 -0.7933549 0.7933535 0 -0.6087612 0.7933535 0 -0.6087612 0.92388 0 -0.3826823 0.3826835 0 -0.9238795 0.6087595 0 -0.7933549 0.6087595 0 -0.7933549 0.7933535 0 -0.6087612 0.7933535 0 -0.6087612 0.92388 0 -0.3826823 0.9238801 0 -0.3826823 0.991445 0 -0.1305251 0.991445 0 -0.1305251 0.9914451 0 0.1305246 0.9914451 0 0.1305246 0.9238795 0 0.3826835 0.9238795 0 0.3826835 0.7933549 0 0.6087595 0.7933549 0 0.6087595 0.6087595 0 0.7933549 0.6087595 0 0.7933549 0.3826835 0 0.9238795 0.3826835 0 0.9238795 0.1305246 0 0.9914451 0.6087595 0 -0.7933549 0.7933535 0 -0.6087612 0.7933535 0 -0.6087612 0.92388 0 -0.3826823 0.92388 0 -0.3826823 0.991445 0 -0.1305251 0.991445 0 -0.1305251 0.9914451 0 0.1305246 0.9914451 0 0.1305246 0.9238795 0 0.3826835 0.9238795 0 0.3826835 0.7933549 0 0.6087595 0.7933549 0 0.6087595 0.6087595 0 0.7933549 0.6087595 0 0.7933549 0.3826835 0 0.9238795 0.3826835 0 0.9238795 0.1305246 0 0.9914451 0.7933535 0 -0.6087612 0.92388 0 -0.3826823 0.92388 0 -0.3826823 0.991445 0 -0.1305251 0.991445 0 -0.1305251 0.9914451 0 0.1305246 0.9914451 0 0.1305246 0.9238795 0 0.3826835 0.9238795 0 0.3826835 0.7933549 0 0.6087595 0.7933549 0 0.6087595 0.6087595 0 0.7933549 0.6087595 0 0.7933549 0.3826835 0 0.9238795 0.3826835 0 0.9238795 0.1305246 0 0.9914451 0.92388 0 -0.3826823 0.991445 0 -0.1305251 0.991445 0 -0.1305251 0.991445 0 0.1305246 0.9914451 0 0.1305246 0.9238795 0 0.3826835 0.9238795 0 0.3826835 0.7933549 0 0.6087595 0.7933549 0 0.6087595 0.6087595 0 0.7933549 0.6087595 0 0.7933549 0.3826835 0 0.9238795 0.3826835 0 0.9238795 0.1305246 0 0.9914451 0.991445 0 -0.1305251 0.991445 0 0.1305246 0.991445 0 0.1305246 0.9238795 0 0.3826835 0.9238795 0 0.3826835 0.7933549 0 0.6087595 0.7933549 0 0.6087595 0.6087595 0 0.7933549 0.6087595 0 0.7933549 0.3826835 0 0.9238795 0.3826835 0 0.9238795 0.1305246 0 0.9914451 0.1305246 0 0.9914451 0.991445 0 0.1305246 0.9238795 0 0.3826835 0.9238795 0 0.3826835 0.7933549 0 0.6087595 0.7933549 0 0.6087595 0.6087595 0 0.7933549 0.6087595 0 0.7933549 0.3826835 0 0.9238795 0.3826835 0 0.9238795 0.1305246 0 0.9914451 0.9238795 0 0.3826835 0.7933549 0 0.6087595 0.7933549 0 0.6087595 0.6087595 0 0.7933549 0.6087595 0 0.7933549 0.3826835 0 0.9238795 0.3826835 0 0.9238795 0.1305246 0 0.9914451 0.7933549 0 0.6087595 0.6087595 0 0.7933549 0.6087595 0 0.7933549 0.3826835 0 0.9238795 0.3826835 0 0.9238795 0.1305246 0 0.9914451 0.6087595 0 0.7933549 0.3826835 0 0.9238795 0.3826835 0 0.9238795 0.1305246 0 0.991445 0.3826835 0 0.9238795 0.1305246 0 0.991445 -0.3826823 0 -0.9238801 -0.6087612 0 -0.7933535 -0.6087612 0 -0.7933535 -0.7933535 0 -0.6087612 -0.7933535 0 -0.6087612 -0.9238801 0 -0.3826823 -0.9238801 0 -0.3826823 -0.9914446 0 -0.1305287 -0.6087612 0 -0.7933535 -0.7933535 0 -0.6087612 -0.7933535 0 -0.6087612 -0.92388 0 -0.3826823 -0.9238801 0 -0.3826823 -0.9914446 0 -0.1305287 -0.7933535 0 -0.6087612 -0.9238801 0 -0.3826823 -0.92388 0 -0.3826823 -0.9914446 0 -0.1305287 -0.9238801 0 -0.3826823 -0.9914446 0 -0.1305287 -0.92388 0 -0.3826823 -0.92388 0 -0.3826823 -0.7933535 0 -0.6087612 -0.7933535 0 -0.6087612 -0.6087612 0 -0.7933535 -0.6087612 0 -0.7933535 -0.3826823 0 -0.92388 -0.3826823 0 -0.92388 -0.1305287 0 -0.9914446 -0.1305287 0 -0.9914446 0.1305282 0 -0.9914446 0.1305282 0 -0.9914446 0.3826835 0 -0.9238795 -0.9914446 0 -0.1305287 -0.9914446 0 -0.1305287 -0.9914446 0 -0.1305287 -0.92388 0 -0.3826823 -0.9238801 0 -0.3826823 -0.7933535 0 -0.6087612 -0.7933535 0 -0.6087612 -0.6087612 0 -0.7933535 -0.6087612 0 -0.7933535 -0.3826823 0 -0.92388 -0.3826823 0 -0.9238801 -0.1305287 0 -0.9914446 -0.1305287 0 -0.9914446 0.1305282 0 -0.9914446 0.1305282 0 -0.9914446 0.3826836 0 -0.9238795 -0.9238801 0 -0.3826823 -0.92388 0 -0.3826823 -0.92388 0 -0.3826823 -0.92388 0 -0.3826823 -0.9914446 0 -0.1305286 -0.9238801 0 -0.3826823 -0.92388 0 -0.3826823 -0.92388 0 -0.3826823 -0.92388 0 -0.3826823 -0.92388 0 -0.3826823 -0.7933535 0 -0.6087612 -0.7933535 0 -0.6087612 -0.6087612 0 -0.7933535 -0.6087612 0 -0.7933535 -0.3826823 0 -0.92388 -0.3826823 0 -0.92388 -0.1305287 0 -0.9914446 -0.1305287 0 -0.9914446 0.1305282 0 -0.9914446 0.1305282 0 -0.9914446 0.3826835 0 -0.9238795 0.3826835 0 -0.9238795 0.6087595 0 -0.7933549 0.6087595 0 -0.7933549 0.7933535 0 -0.6087612 0.7933535 0 -0.6087612 0.9238801 0 -0.3826823 0.92388 0 -0.3826823 0.991445 0 -0.1305251 -0.7933535 0 -0.6087612 -0.7933535 0 -0.6087612 -0.7933535 0 -0.6087612 -0.7933535 0 -0.6087612 -0.7933535 0 -0.6087612 -0.7933535 0 -0.6087612 -0.7933535 0 -0.6087612 -0.7933535 0 -0.6087612 -0.7933535 0 -0.6087612 -0.6087612 0 -0.7933535 -0.6087612 0 -0.7933535 -0.3826823 0 -0.92388 -0.3826823 0 -0.92388 -0.1305287 0 -0.9914446 -0.1305287 0 -0.9914446 0.1305282 0 -0.9914446 0.1305282 0 -0.9914446 0.3826835 0 -0.9238795 0.3826835 0 -0.9238795 0.6087595 0 -0.7933549 -0.6087612 0 -0.7933535 -0.6087612 0 -0.7933535 -0.6087612 0 -0.7933535 -0.6087612 0 -0.7933535 -0.6087612 0 -0.7933535 -0.6087612 0 -0.7933535 -0.6087612 0 -0.7933535 -0.6087612 0 -0.7933535 -0.6087612 0 -0.7933535 -0.3826823 0 -0.9238801 -0.3826823 0 -0.92388 -0.1305287 0 -0.9914446 -0.1305287 0 -0.9914446 0.1305282 0 -0.9914446 0.1305282 0 -0.9914446 0.3826835 0 -0.9238795 0.3826835 0 -0.9238795 0.6087595 0 -0.7933549 0.6087595 0 -0.7933549 0.7933535 0 -0.6087612 0.7933535 0 -0.6087612 0.9238801 0 -0.3826823 0.9238801 0 -0.3826823 0.991445 0 -0.1305251 0.991445 0 -0.1305251 0.9914451 0 0.1305246 -0.3826823 0 -0.9238801 -0.3826823 0 -0.9238801 -0.3826823 0 -0.92388 -0.3826823 0 -0.92388 -0.3826823 0 -0.92388 -0.3826823 0 -0.9238801 -0.3826823 0 -0.9238801 -0.3826823 0 -0.9238801 -0.3826823 0 -0.92388 -0.1305287 0 -0.9914446 -0.1305287 0 -0.9914446 0.1305282 0 -0.9914446 0.1305282 0 -0.9914446 0.3826835 0 -0.9238795 0.3826835 0 -0.9238795 0.6087595 0 -0.7933549 0.6087595 0 -0.7933549 0.7933535 0 -0.6087612 -0.1305287 0 -0.9914446 -0.1305287 0 -0.9914446 -0.1305287 0 -0.9914446 -0.1305287 0 -0.9914446 -0.1305287 0 -0.9914446 -0.1305287 0 -0.9914446 -0.1305287 0 -0.9914446 -0.1305287 0 -0.9914446 0.1305282 0 -0.9914446 0.1305282 0 -0.9914446 0.3826835 0 -0.9238795 0.3826835 0 -0.9238795 0.6087595 0 -0.7933549 0.6087595 0 -0.7933549 0.7933535 0 -0.6087612 0.7933535 0 -0.6087612 0.92388 0 -0.3826823 0.9238801 0 -0.3826823 0.991445 0 -0.1305251 0.991445 0 -0.1305251 0.9914451 0 0.1305246 0.9914451 0 0.1305246 0.9238795 0 0.3826836 0.1305282 0 -0.9914446 0.1305282 0 -0.9914446 0.1305282 0 -0.9914446 0.1305282 0 -0.9914446 0.1305282 0 -0.9914446 0.1305282 0 -0.9914446 0.3826835 0 -0.9238795 0.3826835 0 -0.9238795 0.6087595 0 -0.7933549 0.6087595 0 -0.7933549 0.7933535 0 -0.6087612 0.7933535 0 -0.6087612 0.92388 0 -0.3826823 0.3826835 0 -0.9238795 0.3826835 0 -0.9238795 0.3826835 0 -0.9238795 0.3826836 0 -0.9238795 0.3826835 0 -0.9238795 0.6087595 0 -0.7933549 0.6087595 0 -0.7933549 0.7933535 0 -0.6087612 0.7933535 0 -0.6087612 0.92388 0 -0.3826823 0.92388 0 -0.3826823 0.991445 0 -0.1305251 0.991445 0 -0.1305251 0.9914451 0 0.1305246 0.9914451 0 0.1305246 0.9238795 0 0.3826835 0.9238795 0 0.3826836 0.7933549 0 0.6087595 0.6087595 0 -0.7933549 0.6087595 0 -0.7933549 0.6087595 0 -0.7933549 0.6087595 0 -0.7933549 0.7933535 0 -0.6087612 0.7933535 0 -0.6087612 0.92388 0 -0.3826823 0.92388 0 -0.3826823 0.991445 0 -0.1305251 0.7933535 0 -0.6087612 0.7933535 0 -0.6087612 0.9238801 0 -0.3826823 0.92388 0 -0.3826823 0.991445 0 -0.1305251 0.991445 0 -0.1305251 0.9914451 0 0.1305246 0.9914451 0 0.1305246 0.9238795 0 0.3826835 0.9238795 0 0.3826835 0.7933549 0 0.6087595 0.7933549 0 0.6087595 0.6087595 0 0.7933549 0.9238801 0 -0.3826823 0.991445 0 -0.1305251 0.991445 0 -0.1305251 0.9914451 0 0.1305246 0.991445 0 -0.1305251 0.9914451 0 0.1305246 0.9914451 0 0.1305246 0.9238795 0 0.3826835 0.9238795 0 0.3826835 0.7933549 0 0.6087595 0.7933549 0 0.6087595 0.6087595 0 0.7933549 0.6087595 0 0.7933549 0.3826836 0 0.9238795 0.9914451 0 0.1305246 0.9238795 0 0.3826835 0.9238795 0 0.3826835 0.7933549 0 0.6087595 0.7933549 0 0.6087595 0.6087595 0 0.7933549 0.6087595 0 0.7933549 0.3826836 0 0.9238795 0.3826835 0 0.9238795 0.9914445 0 -0.1305286 0.9914446 0 -0.1305287 0.9914446 0 -0.1305287 0.92388 0 -0.3826823 0.9238801 0 -0.3826823 0.7933535 0 -0.6087612 0.7933535 0 -0.6087612 0.6087612 0 -0.7933535 0.6087612 0 -0.7933535 0.3826823 0 -0.92388 0.3826823 0 -0.92388 0.1305287 0 -0.9914446 0.1305287 0 -0.9914446 -0.1305282 0 -0.9914446 -0.1305282 0 -0.9914446 -0.3826835 0 -0.9238795 -0.3826835 0 -0.9238795 -0.6087595 0 -0.7933549 -0.6087595 0 -0.7933549 -0.7933535 0 -0.6087612 -0.7933535 0 -0.6087612 -0.92388 0 -0.3826823 -0.92388 0 -0.3826823 -0.991445 0 -0.1305251 -0.991445 0 -0.1305251 -0.991445 0 0.1305246 -0.991445 0 0.1305246 -0.9238795 0 0.3826835 -0.9238795 0 0.3826835 -0.7933549 0 0.6087595 -0.7933549 0 0.6087595 -0.6087595 0 0.7933549 -0.6087595 0 0.7933549 -0.3826835 0 0.9238795 -0.3826835 0 0.9238795 -0.1305246 0 0.991445 -0.1305246 0 0.991445 -0.1305246 0 0.9914451 -0.3826835 0 0.9238795 -0.3826835 0 0.9238795 -0.6087595 0 0.7933549 -0.6087595 0 0.7933549 -0.7933549 0 0.6087595 -0.7933549 0 0.6087595 -0.9238795 0 0.3826835 -0.9238795 0 0.3826835 -0.9914451 0 0.1305246 -0.9914451 0 0.1305246 -0.991445 0 -0.1305251 -0.991445 0 -0.1305251 -0.92388 0 -0.3826823 -0.9238801 0 -0.3826823 -0.7933535 0 -0.6087612 -0.7933535 0 -0.6087612 -0.6087595 0 -0.7933549 -0.6087595 0 -0.7933549 -0.3826836 0 -0.9238795 -0.3826835 0 -0.9238795 -0.1305282 0 -0.9914446 -0.1305282 0 -0.9914446 0.1305287 0 -0.9914446 0.1305287 0 -0.9914446 0.3826823 0 -0.9238801 0.3826823 0 -0.9238801 0.6087612 0 -0.7933535 0.6087612 0 -0.7933535 0.7933535 0 -0.6087612 0.7933535 0 -0.6087612 0.9238801 0 -0.3826823 0.9238801 0 -0.3826823 0.9914446 0 -0.1305287 0.9914446 0 -0.1305287 0.9914446 0 -0.1305287 0.9238801 0 -0.3826823 0.9238801 0 -0.3826823 0.7933535 0 -0.6087612 0.7933535 0 -0.6087612 0.6087612 0 -0.7933535 0.6087612 0 -0.7933535 0.3826823 0 -0.92388 0.3826823 0 -0.9238801 0.1305287 0 -0.9914446 0.1305287 0 -0.9914446 -0.1305282 0 -0.9914446 -0.1305282 0 -0.9914446 -0.3826835 0 -0.9238795 -0.3826835 0 -0.9238795 -0.6087595 0 -0.7933549 -0.6087595 0 -0.7933549 -0.7933535 0 -0.6087612 -0.7933535 0 -0.6087612 -0.92388 0 -0.3826823 -0.3826835 0 -0.9238795 -0.6087595 0 -0.7933549 -0.6087595 0 -0.7933549 -0.7933535 0 -0.6087612 -0.7933535 0 -0.6087612 -0.9238801 0 -0.3826823 -0.9238801 0 -0.3826823 -0.991445 0 -0.1305251 -0.991445 0 -0.1305251 -0.9914451 0 0.1305246 -0.9914451 0 0.1305246 -0.9238795 0 0.3826835 -0.9238795 0 0.3826835 -0.7933549 0 0.6087595 -0.7933549 0 0.6087595 -0.6087595 0 0.7933549 -0.6087595 0 0.7933549 -0.3826835 0 0.9238795 -0.3826835 0 0.9238795 -0.1305246 0 0.9914451 -0.6087595 0 -0.7933549 -0.7933535 0 -0.6087612 -0.7933535 0 -0.6087612 -0.92388 0 -0.3826823 -0.9238801 0 -0.3826823 -0.991445 0 -0.1305251 -0.991445 0 -0.1305251 -0.9914451 0 0.1305246 -0.9914451 0 0.1305246 -0.9238795 0 0.3826835 -0.9238795 0 0.3826835 -0.7933549 0 0.6087595 -0.7933549 0 0.6087595 -0.6087595 0 0.7933549 -0.6087595 0 0.7933549 -0.3826835 0 0.9238795 -0.3826835 0 0.9238795 -0.1305246 0 0.9914451 -0.7933535 0 -0.6087612 -0.9238801 0 -0.3826823 -0.92388 0 -0.3826823 -0.991445 0 -0.1305251 -0.991445 0 -0.1305251 -0.9914451 0 0.1305246 -0.9914451 0 0.1305246 -0.9238795 0 0.3826835 -0.9238795 0 0.3826835 -0.7933549 0 0.6087595 -0.7933549 0 0.6087595 -0.6087595 0 0.7933549 -0.6087595 0 0.7933549 -0.3826835 0 0.9238795 -0.3826835 0 0.9238795 -0.1305246 0 0.9914451 -0.9238801 0 -0.3826823 -0.991445 0 -0.1305251 -0.991445 0 -0.1305251 -0.9914451 0 0.1305246 -0.9914451 0 0.1305246 -0.9238795 0 0.3826835 -0.9238795 0 0.3826835 -0.7933549 0 0.6087595 -0.7933549 0 0.6087595 -0.6087595 0 0.7933549 -0.6087595 0 0.7933549 -0.3826835 0 0.9238795 -0.3826835 0 0.9238795 -0.1305246 0 0.9914451 -0.991445 0 -0.1305251 -0.9914451 0 0.1305246 -0.9914451 0 0.1305246 -0.9238795 0 0.3826836 -0.9238795 0 0.3826835 -0.7933549 0 0.6087595 -0.7933549 0 0.6087595 -0.6087595 0 0.7933549 -0.6087595 0 0.7933549 -0.3826835 0 0.9238795 -0.3826835 0 0.9238795 -0.1305246 0 0.9914451 -0.1305246 0 0.9914451 -0.9914451 0 0.1305246 -0.9238795 0 0.3826835 -0.9238795 0 0.3826836 -0.7933549 0 0.6087595 -0.7933549 0 0.6087595 -0.6087595 0 0.7933549 -0.6087595 0 0.7933549 -0.3826835 0 0.9238795 -0.3826835 0 0.9238795 -0.1305246 0 0.9914451 -0.9238795 0 0.3826835 -0.7933549 0 0.6087595 -0.7933549 0 0.6087595 -0.6087595 0 0.7933549 -0.6087595 0 0.7933549 -0.3826835 0 0.9238795 -0.3826835 0 0.9238795 -0.1305246 0 0.9914451 -0.7933549 0 0.6087595 -0.6087595 0 0.7933549 -0.6087595 0 0.7933549 -0.3826836 0 0.9238795 -0.3826835 0 0.9238795 -0.1305246 0 0.9914451 -0.6087595 0 0.7933549 -0.3826835 0 0.9238795 -0.3826836 0 0.9238795 -0.1305246 0 0.9914451 -0.3826835 0 0.9238795 -0.1305246 0 0.9914451 0.3826823 0 -0.92388 0.6087612 0 -0.7933535 0.6087612 0 -0.7933535 0.7933535 0 -0.6087612 0.7933535 0 -0.6087612 0.92388 0 -0.3826823 0.9238801 0 -0.3826823 0.9914446 0 -0.1305287 0.6087612 0 -0.7933535 0.7933535 0 -0.6087612 0.7933535 0 -0.6087612 0.92388 0 -0.3826823 0.92388 0 -0.3826823 0.9914446 0 -0.1305287 0.7933535 0 -0.6087612 0.92388 0 -0.3826823 0.92388 0 -0.3826823 0.9914446 0 -0.1305287 0.92388 0 -0.3826823 0.9914446 0 -0.1305287 0.92388 0 -0.3826823 0.92388 0 -0.3826823 0.7933535 0 -0.6087612 0.7933535 0 -0.6087612 0.6087612 0 -0.7933535 0.6087612 0 -0.7933535 0.3826823 0 -0.92388 0.3826823 0 -0.92388 0.1305287 0 -0.9914446 0.1305287 0 -0.9914446 -0.1305282 0 -0.9914446 -0.1305282 0 -0.9914446 -0.3826836 0 -0.9238795 0.9914446 0 -0.1305287 0.9914446 0 -0.1305287 0.9914446 0 -0.1305287 0.92388 0 -0.3826823 0.9238801 0 -0.3826823 0.7933535 0 -0.6087612 0.7933535 0 -0.6087612 0.6087612 0 -0.7933535 0.6087612 0 -0.7933535 0.3826823 0 -0.92388 0.3826823 0 -0.9238801 0.1305287 0 -0.9914446 0.1305287 0 -0.9914446 -0.1305282 0 -0.9914446 -0.1305282 0 -0.9914446 -0.3826835 0 -0.9238795 0.9238801 0 -0.3826823 0.92388 0 -0.3826823 0.92388 0 -0.3826823 0.92388 0 -0.3826823 0.9914446 0 -0.1305286 0.9238801 0 -0.3826823 0.92388 0 -0.3826823 0.92388 0 -0.3826823 0.92388 0 -0.3826823 0.9238801 0 -0.3826823 0.7933535 0 -0.6087612 0.7933535 0 -0.6087612 0.6087612 0 -0.7933535 0.6087612 0 -0.7933535 0.3826823 0 -0.92388 0.3826823 0 -0.92388 0.1305287 0 -0.9914446 0.1305287 0 -0.9914446 -0.1305282 0 -0.9914446 -0.1305282 0 -0.9914446 -0.3826835 0 -0.9238795 -0.3826835 0 -0.9238795 -0.6087595 0 -0.7933549 -0.6087595 0 -0.7933549 -0.7933535 0 -0.6087612 -0.7933535 0 -0.6087612 -0.92388 0 -0.3826823 -0.92388 0 -0.3826823 -0.991445 0 -0.1305251 0.7933535 0 -0.6087612 0.7933535 0 -0.6087612 0.7933535 0 -0.6087612 0.7933535 0 -0.6087612 0.7933535 0 -0.6087612 0.7933535 0 -0.6087612 0.7933535 0 -0.6087612 0.7933535 0 -0.6087612 0.7933535 0 -0.6087612 0.6087612 0 -0.7933535 0.6087612 0 -0.7933535 0.3826823 0 -0.9238801 0.3826823 0 -0.9238801 0.1305287 0 -0.9914446 0.1305287 0 -0.9914446 -0.1305282 0 -0.9914446 -0.1305282 0 -0.9914446 -0.3826835 0 -0.9238795 -0.3826835 0 -0.9238795 -0.6087595 0 -0.7933549 0.6087612 0 -0.7933535 0.6087612 0 -0.7933535 0.6087612 0 -0.7933535 0.6087612 0 -0.7933535 0.6087612 0 -0.7933535 0.6087612 0 -0.7933535 0.6087612 0 -0.7933535 0.6087612 0 -0.7933535 0.6087612 0 -0.7933535 0.3826823 0 -0.9238801 0.3826823 0 -0.92388 0.1305287 0 -0.9914446 0.1305287 0 -0.9914446 -0.1305282 0 -0.9914446 -0.1305282 0 -0.9914446 -0.3826835 0 -0.9238795 -0.3826835 0 -0.9238795 -0.6087595 0 -0.7933549 -0.6087595 0 -0.7933549 -0.7933535 0 -0.6087612 -0.7933535 0 -0.6087612 -0.9238801 0 -0.3826823 -0.92388 0 -0.3826823 -0.991445 0 -0.1305251 -0.991445 0 -0.1305251 -0.991445 0 0.1305246 0.3826823 0 -0.9238801 0.3826823 0 -0.9238801 0.3826823 0 -0.92388 0.3826823 0 -0.92388 0.3826823 0 -0.92388 0.3826823 0 -0.9238801 0.3826823 0 -0.92388 0.3826823 0 -0.92388 0.3826823 0 -0.92388 0.1305287 0 -0.9914446 0.1305287 0 -0.9914446 -0.1305282 0 -0.9914446 -0.1305282 0 -0.9914446 -0.3826835 0 -0.9238795 -0.3826835 0 -0.9238795 -0.6087595 0 -0.7933549 -0.6087595 0 -0.7933549 -0.7933535 0 -0.6087612 0.1305287 0 -0.9914446 0.1305287 0 -0.9914446 0.1305287 0 -0.9914446 0.1305287 0 -0.9914446 0.1305287 0 -0.9914446 0.1305287 0 -0.9914446 0.1305287 0 -0.9914446 0.1305287 0 -0.9914446 -0.1305282 0 -0.9914446 -0.1305282 0 -0.9914446 -0.3826835 0 -0.9238795 -0.3826835 0 -0.9238795 -0.6087595 0 -0.7933549 -0.6087595 0 -0.7933549 -0.7933535 0 -0.6087612 -0.7933535 0 -0.6087612 -0.92388 0 -0.3826823 -0.9238801 0 -0.3826823 -0.991445 0 -0.1305251 -0.991445 0 -0.1305251 -0.9914451 0 0.1305246 -0.991445 0 0.1305246 -0.9238795 0 0.3826835 -0.1305282 0 -0.9914446 -0.1305282 0 -0.9914446 -0.1305282 0 -0.9914446 -0.1305282 0 -0.9914446 -0.1305282 0 -0.9914446 -0.1305282 0 -0.9914446 -0.3826835 0 -0.9238795 -0.3826835 0 -0.9238795 -0.6087595 0 -0.7933549 -0.6087595 0 -0.7933549 -0.7933535 0 -0.6087612 -0.7933535 0 -0.6087612 -0.92388 0 -0.3826823 -0.3826835 0 -0.9238795 -0.3826835 0 -0.9238795 -0.3826835 0 -0.9238795 -0.3826835 0 -0.9238795 -0.3826835 0 -0.9238795 -0.6087595 0 -0.7933549 -0.6087595 0 -0.7933549 -0.7933535 0 -0.6087612 -0.7933535 0 -0.6087612 -0.92388 0 -0.3826823 -0.92388 0 -0.3826823 -0.991445 0 -0.1305251 -0.991445 0 -0.1305251 -0.9914451 0 0.1305246 -0.9914451 0 0.1305246 -0.9238795 0 0.3826835 -0.9238795 0 0.3826835 -0.7933549 0 0.6087595 -0.6087595 0 -0.7933549 -0.6087595 0 -0.7933549 -0.6087595 0 -0.7933549 -0.6087595 0 -0.7933549 -0.7933535 0 -0.6087612 -0.7933535 0 -0.6087612 -0.92388 0 -0.3826823 -0.92388 0 -0.3826823 -0.991445 0 -0.1305251 -0.7933535 0 -0.6087612 -0.7933535 0 -0.6087612 -0.9238801 0 -0.3826823 -0.92388 0 -0.3826823 -0.991445 0 -0.1305251 -0.991445 0 -0.1305251 -0.9914451 0 0.1305246 -0.9914451 0 0.1305246 -0.9238795 0 0.3826835 -0.9238795 0 0.3826835 -0.7933549 0 0.6087595 -0.7933549 0 0.6087595 -0.6087595 0 0.7933549 -0.9238801 0 -0.3826823 -0.991445 0 -0.1305251 -0.991445 0 -0.1305251 -0.9914451 0 0.1305246 -0.991445 0 -0.1305251 -0.9914451 0 0.1305246 -0.9914451 0 0.1305246 -0.9238795 0 0.3826835 -0.9238795 0 0.3826835 -0.7933549 0 0.6087595 -0.7933549 0 0.6087595 -0.6087595 0 0.7933549 -0.6087595 0 0.7933549 -0.3826835 0 0.9238795 -0.9914451 0 0.1305246 -0.9238795 0 0.3826835 -0.9238795 0 0.3826835 -0.7933549 0 0.6087595 -0.7933549 0 0.6087595 -0.6087595 0 0.7933549 -0.6087595 0 0.7933549 -0.3826835 0 0.9238795 -0.3826835 0 0.9238795 0 0 -1 0 0 -1 0 0 -1 0 0 -1 0 0 -1 0 0 -1 0 0 -1 0 0 -1 0 0 -1 0 0 -1 0 0 -1 0 0 -1 0 0 -1 0 0 -1 0 0 -1 0 0 -1 0 0 -1 0 0 -1 0 0 -1 0 0 -1 0 0 -1 0 0 -1 0 0 -1 0 0 -1 0 0 -1 0 0 -1 0 0 -1 0 0 -1 0 0 -1 0 0 -1 0 0 -1 0 0 -1 0 0 -1 0 0 -1 0 0 -1 0 0 -1 -1 0 0 -1 0 0 0 1 0 0 1 0 0 1 0 0 1 0 0 1 0 0 1 0 0 1 0 0 1 0 0 1 0 0 1 0 0 1 0 0 1 0 0 1 0 0 1 0 0 1 0 0 1 0 0 1 0 0 1 0 0 1 0 0 1 0 0 1 0 0 1 0 0 1 0 0 1 0 0 1 0 0 1 0 0 1 0 0 1 0 0 1 0 0 1 0 0 1 0 0 1 0 0 1 0 0 1 0 0 1 0 0 1 0 0 1 0 0 1 0 0 1 0 0 1 0 0 1 0 0 1 0 0 1 0 0 1 0 0 1 0 0 1 0 0 1 0 0 1 0 0 1 0 0 1 0 0 1 0 0 1 0 0 1 0 0 1 0 0 1 0 0 1 0 0 1 0 0 1 0 0 1 0 0 1 0 0 1 0 0 1 0 0 1 0 0 1 0 0 1 0 0 1 0 0 1 0 0 1 0 0 1 0 0 1 0 0 1 0 0 1 0 0 1 0 0 1 0 0 1 0 0 1 0 0 1 0 0 1 0 0 1 0 0 1 0 0 1 0 0 1 0 0 1 0 0 1 0 0 1 0 0 1 0 0 1 0 0 1 0 0 1 0 0 1 0 0 1 0 0 1 0 0 1 0 0 1 0 0 1 0 0 1 0 0 1 0 0 1 0 0 1 0 0 1 0 0 1 0 0 1 0 0 1 0 0 1 0 0 1 0 0 1 0 0 1 0 0 1 0 0 1 0 0 1 0 0 1 0 0 1 0 0 1 0 0.7627463 -0.09268957 -0.640021 0.7627466 -0.09269595 -0.6400197 0.762747 0.09268993 -0.64002 0.7627452 0.09269577 -0.6400214 0.7149475 0.2717591 -0.6442027 0.7149488 0.271757 -0.6442021 0.6226087 0.4323056 -0.6522808 0.622608 0.4323064 -0.6522811 0.4920236 0.5633894 -0.6637057 0.4920237 0.5633893 -0.6637057 0.3320866 0.6560819 -0.6776984 0.3320899 0.6560812 -0.6776975 0.1537019 0.7040629 -0.6933046 0.153702 0.7040629 -0.6933046 -0.03097569 0.7040628 -0.7094618 -0.03097569 0.7040629 -0.7094618 -0.2093616 0.6560819 -0.7250684 -0.2093649 0.6560797 -0.7250696 -0.3692947 0.5633913 -0.7390614 -0.3692949 0.5633909 -0.7390615 -0.4998847 0.4323022 -0.7504865 -0.4998843 0.4323033 -0.7504863 -0.5922212 0.2717602 -0.7585647 -0.5922212 0.2717609 -0.7585645 -0.6400205 0.09268957 -0.7627466 -0.6400208 0.09269309 -0.7627459 -0.640021 -0.09268945 -0.7627462 -0.6400198 -0.09269297 -0.7627468 -0.5922209 -0.2717608 -0.7585647 -0.5922209 -0.2717608 -0.7585647 -0.4998843 -0.4323033 -0.7504863 -0.4998859 -0.4323018 -0.750486 -0.369296 -0.5633909 -0.7390609 -0.3692927 -0.5633925 -0.7390614 -0.2093613 -0.6560814 -0.7250689 -0.2093622 -0.6560813 -0.7250688 -0.03097569 -0.7040624 -0.7094622 -0.03097915 -0.7040627 -0.7094618 0.1537019 -0.7040629 -0.6933046 0.1537053 -0.7040618 -0.6933049 0.3320866 -0.6560819 -0.6776983 0.3320868 -0.6560818 -0.6776984 0.4920247 -0.5633886 -0.6637055 0.4920219 -0.5633916 -0.6637049 0.6226083 -0.4323067 -0.6522805 0.6226093 -0.4323047 -0.6522808 0.7149475 -0.2717597 -0.6442024 0.7149481 -0.2717567 -0.644203 -0.9876723 -0.130525 -0.08641034 -0.9876721 -0.1305258 -0.0864104 -0.9876722 0.130525 -0.08641046 -0.9876722 0.1305259 -0.08641034 -0.9203634 0.3826847 -0.08052158 -0.9203633 0.3826847 -0.08052158 -0.7903341 0.6087618 -0.06914544 -0.7903341 0.6087619 -0.06914544 -0.6064472 0.7933516 -0.05305737 -0.6064449 0.7933534 -0.05305683 -0.381227 0.9238796 -0.03335291 -0.3812289 0.9238788 -0.03335332 -0.1300294 0.9914449 -0.01137614 -0.1300294 0.9914449 -0.01137614 0.1300294 0.9914449 0.01137614 0.1300294 0.9914449 0.01137614 0.3812273 0.9238796 0.03335314 0.381227 0.9238797 0.03335309 0.6064472 0.7933516 0.05305737 0.6064449 0.7933534 0.05305683 0.7903341 0.6087619 0.06914502 0.7903341 0.6087619 0.06914502 0.9203634 0.3826847 0.08052104 0.9203634 0.3826847 0.08052104 0.9876723 0.1305258 0.0864098 0.9876723 0.130525 0.08640992 0.9876722 -0.1305258 0.08640986 0.9876723 -0.130525 0.0864098 0.9203634 -0.3826847 0.08052104 0.9203634 -0.3826847 0.08052104 0.7903358 -0.6087596 0.06914514 0.7903359 -0.6087595 0.0691452 0.6064441 -0.7933539 0.05305677 0.6064418 -0.7933558 0.05305689 0.3812231 -0.9238812 0.03335279 0.3812228 -0.9238814 0.03335279 0.1300342 -0.9914442 0.01137655 0.1300342 -0.9914442 0.01137655 -0.1300342 -0.9914442 -0.01137655 -0.1300342 -0.9914442 -0.01137655 -0.3812228 -0.9238814 -0.03335279 -0.3812248 -0.9238805 -0.03335273 -0.6064441 -0.7933539 -0.05305677 -0.6064418 -0.7933558 -0.05305689 -0.7903358 -0.6087596 -0.06914561 -0.7903358 -0.6087595 -0.06914561 -0.9203634 -0.3826847 -0.08052158 -0.9203634 -0.3826847 -0.08052158 0.7627463 -0.09268957 -0.640021 0.7627466 -0.09269595 -0.6400197 0.7627471 0.09268975 -0.64002 0.7627451 0.09269577 -0.6400215 0.7149471 0.2717597 -0.6442029 0.7149488 0.271757 -0.6442021 0.6226093 0.4323047 -0.6522808 0.6226093 0.4323047 -0.6522808 0.4920225 0.5633903 -0.6637057 0.4920263 0.5633884 -0.6637045 0.332084 0.656084 -0.6776976 0.3320872 0.6560834 -0.6776966 0.1537054 0.7040635 -0.6933031 0.1536986 0.7040631 -0.693305 -0.03097915 0.7040627 -0.7094619 -0.03097265 0.7040649 -0.7094599 -0.2093591 0.6560841 -0.7250671 -0.2093624 0.6560819 -0.7250683 -0.369294 0.5633926 -0.7390608 -0.369297 0.5633891 -0.7390619 -0.4998854 0.4323014 -0.7504865 -0.4998854 0.4323015 -0.7504865 -0.5922209 0.2717608 -0.7585647 -0.592221 0.2717608 -0.7585648 -0.6400204 0.09268933 -0.7627466 -0.6400208 0.09269309 -0.7627459 -0.640021 -0.09268945 -0.7627462 -0.6400198 -0.09269297 -0.7627468 -0.5922209 -0.2717608 -0.7585647 -0.5922209 -0.2717608 -0.7585647 -0.4998854 -0.4323015 -0.7504864 -0.4998854 -0.4323015 -0.7504865 -0.3692935 -0.5633922 -0.7390613 -0.3692978 -0.56339 -0.7390608 -0.2093589 -0.6560837 -0.7250676 -0.2093629 -0.6560828 -0.7250673 -0.03097933 -0.7040635 -0.7094609 -0.0309723 -0.7040631 -0.7094616 0.1537053 -0.7040627 -0.693304 0.1536986 -0.7040649 -0.6933032 0.3320841 -0.6560845 -0.6776971 0.3320869 -0.6560825 -0.6776975 0.4920228 -0.5633907 -0.6637051 0.4920257 -0.5633875 -0.6637057 0.6226092 -0.4323047 -0.6522808 0.6226093 -0.4323047 -0.6522808 0.7149475 -0.2717597 -0.6442024 0.7149481 -0.2717567 -0.644203 -0.9876723 -0.130525 -0.08641034 -0.9876721 -0.1305258 -0.0864104 -0.9876722 0.130525 -0.08641046 -0.9876722 0.1305259 -0.08641034 -0.9203634 0.3826847 -0.08052158 -0.9203633 0.3826847 -0.08052158 -0.7903359 0.6087595 -0.06914561 -0.7903358 0.6087595 -0.06914561 -0.6064503 0.7933492 -0.05305767 -0.606448 0.7933511 -0.05305713 -0.3812228 0.9238814 -0.03335255 -0.3812248 0.9238805 -0.03335297 -0.1300246 0.9914456 -0.01137572 -0.1300246 0.9914456 -0.01137572 0.1300246 0.9914456 0.01137572 0.1300246 0.9914456 0.01137572 0.3812231 0.9238812 0.03335279 0.3812228 0.9238814 0.03335273 0.6064503 0.7933492 0.05305767 0.606448 0.7933511 0.05305713 0.7903358 0.6087596 0.06914514 0.7903359 0.6087595 0.06914514 0.9203634 0.3826847 0.08052104 0.9203634 0.3826847 0.08052104 0.9876723 0.1305258 0.0864098 0.9876723 0.130525 0.08640992 0.9876722 -0.1305258 0.08640986 0.9876723 -0.130525 0.0864098 0.9203634 -0.3826847 0.08052104 0.9203634 -0.3826847 0.08052104 0.7903358 -0.6087596 0.06914514 0.7903359 -0.6087595 0.0691452 0.6064503 -0.7933492 0.05305731 0.6064479 -0.7933511 0.05305743 0.3812231 -0.9238812 0.03335279 0.3812228 -0.9238814 0.03335279 0.1300246 -0.9914456 0.01137572 0.1300246 -0.9914456 0.01137572 -0.1300246 -0.9914456 -0.01137572 -0.1300246 -0.9914456 -0.01137572 -0.3812228 -0.9238814 -0.03335279 -0.3812248 -0.9238805 -0.03335273 -0.6064503 -0.7933492 -0.05305731 -0.6064479 -0.7933511 -0.05305743 -0.7903358 -0.6087596 -0.06914561 -0.7903358 -0.6087595 -0.06914561 -0.9203634 -0.3826847 -0.08052158 -0.9203634 -0.3826847 -0.08052158 -0.9907184 0 -0.1359313 -0.9762929 -0.002616286 -0.2164379 -0.9725297 -0.001723229 -0.2327729 -0.9281884 0.001375079 -0.3721081 -0.8870072 -0.002706289 -0.4617477 -0.8378753 0.001323938 -0.5458601 -0.7372737 -0.001962602 -0.6755912 -0.7147744 0 -0.6993552 -0.5646106 0 -0.8253574 -0.537302 -0.001798093 -0.843388 -0.3937356 0.001179933 -0.919223 -0.300701 -0.002283036 -0.9537158 -0.2068303 0.001104235 -0.9783762 -0.04361903 -0.00162822 -0.9990469 -0.01090693 0 -0.9999405 -0.7071076 0 0.707106 -0.7071115 -2.87786e-7 0.7071021 -0.7071068 4.20229e-7 0.7071067 -0.707104 1.12339e-6 0.7071096 -0.707107 1.43285e-7 0.7071067 -0.7071069 0 0.7071067 -0.01090693 0 -0.9999405 -0.04361903 0.001628279 -0.9990469 -0.2068303 -0.001104235 -0.9783763 -0.300701 0.002283036 -0.9537158 -0.3937356 -0.001179933 -0.919223 -0.537302 0.001798093 -0.843388 -0.5646106 0 -0.8253574 -0.7147743 0 -0.6993552 -0.7372738 0.001962602 -0.6755914 -0.8378753 -0.001323938 -0.5458601 -0.8870072 0.002706289 -0.4617476 -0.9281884 -0.001375079 -0.3721081 -0.9725296 0.001723229 -0.2327728 -0.9907183 0 -0.1359312 -0.9762928 0.002616286 -0.2164379 -0.7071076 0 0.707106 -0.7071115 2.8995e-7 0.7071021 -0.7071068 -4.16226e-7 0.7071067 -0.7071039 -1.12339e-6 0.7071096 -0.707107 -1.36121e-7 0.7071067 -0.7071069 0 0.7071067 -0.9791627 5.85894e-4 0.2030767 -0.9713414 -0.001229047 0.2376856 -0.9158689 0.001272797 0.4014753 -0.8968728 -0.001244127 0.4422869 -0.8329949 5.83989e-4 0.5532802 -0.7798798 -0.00189197 0.6259265 -0.7530798 0 0.6579292 -0.999952 0 0.009802043 -0.9997619 -6.63989e-4 0.02181458 -0.9410221 0.3177621 -0.1162096 -0.978401 0.1929079 -0.0742833 -0.9881618 0.1134685 -0.1032528 -0.9941096 0.06466674 -0.08697295 -0.7566816 0 0.6537836 -0.7798799 0.001759052 0.6259267 -0.8389377 -6.71842e-4 0.5442271 -0.8968725 0.001513242 0.4422867 -0.9187676 -0.001167833 0.394797 -0.9713414 0.001229047 0.2376856 -0.9791627 -5.85894e-4 0.2030767 -0.9997619 6.63989e-4 0.02181458 -0.999952 0 0.009802043 -0.9961948 0 -0.08715534 -0.9961948 0 -0.08715564 -0.9961947 0 -0.08715569 -0.9961947 0 -0.08715569 -0.9941096 -0.06466674 -0.08697295 -0.9881621 -0.1134669 -0.1032522 -0.9784019 -0.1929038 -0.07428288 -0.9410186 -0.317771 -0.1162142 -0.9961948 0 -0.08715534 -0.9961948 0 -0.08715564 -0.9961947 0 -0.08715569 -0.9961947 0 -0.08715569 0 -1 0 0 -1 0 0 -1 0 0 -1 0 0 -1 0 0 -1 0 0 -1 0 0 -1 0 0 -1 0 0 -1 0 0 -1 0 0 -1 0 0 -1 0 0 -1 0 -0.7071048 -0.7071089 1.80883e-6 -0.7071062 -0.7071074 -9.57893e-7 -0.707104 -0.7071095 -6.59989e-6 -0.7071087 -0.7071049 -7.97008e-6 -0.7071108 -0.7071028 -1.44114e-5 -0.7071035 -0.7071101 1.25192e-5 -0.7071065 -0.707107 -2.01121e-6 -0.7071032 -0.7071104 1.97166e-5 -0.7071043 -0.7071092 7.83006e-6 -0.7071058 -0.7071077 -1.79194e-5 -0.7071069 -0.7071067 -3.74436e-7 -0.7071058 -0.7071079 -2.17309e-6 -0.7071104 -0.7071032 4.48568e-6 -0.7071067 -0.7071069 0 -0.7071062 -0.7071074 -8.3693e-7 -0.7071106 -0.707103 9.40692e-6 -0.7071067 -0.707107 7.71268e-7 -0.7071079 -0.7071057 -1.00955e-5 -0.7071067 -0.7071069 3.87842e-6 -0.7071072 -0.7071064 -6.59704e-6 -0.707107 -0.7071067 2.12701e-6 -0.707107 -0.7071066 1.44097e-6 -0.7071074 -0.7071061 -1.43421e-5 -0.7071066 -0.707107 2.87115e-6 -0.7071076 -0.7071061 -1.01153e-5 -0.7071067 -0.7071069 -1.9067e-6 -0.7071072 -0.7071065 4.11581e-6 -0.7071079 -0.7071056 -2.21572e-6 -0.7070927 -0.7071208 3.42058e-5 -0.7071087 -0.7071048 -7.98603e-6 -0.7071107 -0.7071028 -1.38014e-5 -0.7070967 -0.7071169 3.7301e-5 -0.7071111 -0.7071025 -3.00183e-5 -0.7070959 -0.7071176 6.60488e-5 -0.7071 -0.7071138 2.75231e-5 -0.7071065 -0.7071071 -8.99572e-5 -0.7071056 -0.707108 -1.40536e-6 -0.7071079 -0.7071057 1.43552e-5 -0.7071029 -0.7071107 -1.04029e-5 -0.7071028 -0.7071107 -1.05774e-5 -0.7071099 -0.7071036 1.11082e-5 -0.7071074 0.7071062 7.0272e-7 -0.7071079 0.7071057 -8.54185e-6 -0.7071076 0.7071061 -5.32223e-6 -0.7071061 0.7071074 3.64997e-6 -0.707107 0.7071066 -2.5654e-7 -0.707107 0.7071067 0 -0.7071069 0.7071067 0 -0.7071062 0.7071074 1.90068e-6 -0.7071068 0.7071067 3.00515e-7 -0.7071062 0.7071074 -1.11744e-6 -0.7071063 0.7071074 -1.07508e-6 -0.7071069 0.7071067 0 -0.7071071 0.7071066 -1.84604e-6 -0.7071065 0.707107 3.97787e-6 -0.7071071 0.7071066 -4.47573e-6 -0.7071068 0.7071068 1.45592e-6 -0.7071069 0.7071068 -5.16442e-6 -0.7071067 0.7071068 0 -0.7071066 0.7071069 1.69353e-6 -0.707107 0.7071066 -3.44328e-6 -0.7071068 0.7071069 -1.95559e-7 -0.7071067 0.7071069 2.57238e-7 -0.7071065 0.707107 9.63357e-7 -0.7071072 0.7071065 1.2314e-6 -0.7071061 0.7071076 -2.01119e-6 -0.7071077 0.7071058 4.47562e-6 -0.7071062 0.7071073 -3.44052e-6 -0.7071089 0.7071047 1.47562e-5 -0.7071095 0.707104 -1.96781e-5 -0.7071093 0.7071043 -1.6134e-5 -0.7071065 0.7071071 1.0766e-5 -0.7071094 0.7071043 -7.37423e-6 -0.7071107 0.7071028 -1.38529e-5 -0.7071055 0.707108 5.22322e-6 -0.7071102 0.7071033 -8.71058e-6 -0.7071059 0.7071077 2.85456e-6 -0.7071092 0.7071044 2.94598e-6 -0.7071042 0.7071095 -3.49674e-6 -0.7071092 0.7071043 3.79301e-6 -0.7071067 0.7071069 0 -0.7071067 0.7071068 0 1 0 0 1 0 0 1 0 0 1 0 0 1 0 0 1 0 0 1 0 0 1 0 0 1 0 0 1 0 0 1 0 0 1 0 0 1 0 0 1 0 0 1 0 0 1 0 0 1 0 0 1 0 0 -0.1305266 0 -0.9914448 -0.1305266 0 -0.9914448 -0.1305266 0 -0.9914448 -0.3826837 0 -0.9238795 -0.3826837 0 -0.9238795 -0.6087618 0 -0.7933531 -0.6087618 0 -0.7933531 -0.7933527 0 -0.6087624 -0.7933527 0 -0.6087624 -0.9238799 0 -0.3826826 -0.9238799 0 -0.3826826 -0.9914448 0 -0.1305267 -0.9914448 0 -0.1305267 -0.9914448 0 -0.1305267 -0.9238799 0 -0.3826826 -0.9238799 0 -0.3826826 -0.7933527 0 -0.6087624 -0.7933527 0 -0.6087624 -0.6087618 0 -0.7933531 -0.6087618 0 -0.7933531 -0.3826837 0 -0.9238795 -0.3826837 0 -0.9238795 -0.1305266 0 -0.9914448 -0.1305266 0 -0.9914448 -0.1305266 0 -0.9914448 -0.3826837 0 -0.9238795 -0.3826837 0 -0.9238795 -0.6087618 0 -0.7933531 -0.6087618 0 -0.7933531 -0.7933527 0 -0.6087624 -0.7933527 0 -0.6087624 -0.9238799 0 -0.3826826 -0.3826837 0 -0.9238795 -0.6087618 0 -0.7933531 -0.6087618 0 -0.7933531 -0.7933527 0 -0.6087624 -0.7933527 0 -0.6087624 -0.9238799 0 -0.3826826 -0.9238799 0 -0.3826826 -0.9914448 0 -0.1305267 -0.6087618 0 -0.7933531 -0.7933527 0 -0.6087624 -0.7933527 0 -0.6087624 -0.9238799 0 -0.3826826 -0.9238799 0 -0.3826826 -0.9914448 0 -0.1305267 -0.9914448 0 -0.1305267 -0.7933527 0 -0.6087624 -0.9238799 0 -0.3826826 -0.9238799 0 -0.3826826 -0.9914448 0 -0.1305267 -0.9238799 0 -0.3826826 -0.9914448 0 -0.1305267 -0.3826837 0 -0.9238795 -0.1305266 0 -0.9914448 -0.1305266 0 -0.9914448 -0.3826837 0 -0.9238795 -0.3826837 0 -0.9238795 -0.3826837 0 -0.9238795 -0.3826837 0 -0.9238795 -0.3826837 0 -0.9238795 -0.3826837 0 -0.9238795 -0.6087618 0 -0.7933531 -0.6087618 0 -0.7933531 -0.6087618 0 -0.7933531 -0.6087618 0 -0.7933531 -0.6087618 0 -0.7933531 -0.7933527 0 -0.6087624 -0.7933527 0 -0.6087624 -0.7933527 0 -0.6087624 -0.9238799 0 -0.3826826 -0.9238799 0 -0.3826826 -1 0 0 -1 0 0 -1 0 0 -1 0 0 -1 0 0 -1 0 0 -1 0 0 -1 0 0 -1 0 0 -1 0 0 -1 0 0 -1 0 0 -1 0 0 -1 0 0 -1 0 0 -1 0 0 -1 0 0 -1 0 0 -0.9914447 0 0.1305273 -0.9914447 0 0.1305273 -0.9238805 0 0.382681 -0.9238805 0 0.382681 -0.7933513 0 0.6087641 -0.7933513 0 0.6087641 -0.7933513 0 0.6087641 -0.7933513 0 0.6087641 -0.9238806 0 0.382681 -0.9238806 0 0.382681 -0.9914447 0 0.1305273 -0.9914447 0 0.1305273 0.9562945 -1.38059e-4 -0.2924054 0.9779313 1.1658e-4 -0.2089265 0.9920306 -0.003567814 -0.1259471 0.999114 0 -0.04208362 0.9923607 -0.003807961 -0.1233116 0.9320001 -0.00387299 -0.3624373 0.9276602 -0.002853274 -0.3734144 0.8731704 0.001984417 -0.487411 0.8149533 -0.003940582 -0.5795132 0.7787814 7.15441e-4 -0.627295 0.6716148 -7.09096e-4 -0.7409002 0.6483393 -0.003256618 -0.7613446 0.5547958 0.001343905 -0.8319854 0.4422875 -0.002798676 -0.896869 0.4259319 -0.001275897 -0.9047543 0.2907444 8.06211e-4 -0.9568004 0.2093319 -0.003149688 -0.9778397 0.1557516 0 -0.9877963 0.999114 0 -0.04208362 0.9923607 0.003807961 -0.1233116 0.9920305 0.003567814 -0.125947 0.9779313 -1.16581e-4 -0.2089264 0.9562537 1.3847e-4 -0.2925386 0.9320001 0.003878295 -0.3624373 0.9275603 0.002837479 -0.3736628 0.8721887 -0.00199598 -0.4891655 0.8149533 0.003942072 -0.5795132 0.7782047 -7.11936e-4 -0.6280103 0.6702113 8.0792e-4 -0.74217 0.6483394 0.003210425 -0.7613447 0.5543333 -0.001364648 -0.8322936 0.4422873 0.002854585 -0.8968688 0.4243396 0.00119996 -0.9055023 0.2900668 -7.90234e-4 -0.9570061 0.1556054 0 -0.9878193 0.2093319 0.003147482 -0.9778396 -1 0 0 -1 0 0 0.9762959 0 0.2164401 0.9906036 -0.005409479 0.1366571 0.9725495 -0.001350462 0.2326923 0.9281489 0.001078307 0.3722074 0.8870102 -0.002129495 0.4617451 0.8870122 0 0.4617461 0.7372751 0 0.6755927 0.7372751 0 0.6755927 0.5373028 0 0.8433894 0.5373028 0 0.8433894 0.3007019 0 0.9537182 0.3007019 0 0.9537182 0.04361909 0 0.9990482 0.06388962 -0.001061558 0.9979564 0.01090693 0 0.9999406 0.8377897 0.001046836 0.545992 0.7372742 -0.001554787 0.6755918 0.7147791 0 0.6993503 0.5646109 0 0.8253573 0.5373023 -0.001450002 0.8433885 0.3935451 9.54574e-4 0.9193048 0.3007013 -0.001858353 0.9537166 0.2066389 9.04406e-4 0.9784169 0.8870122 0 0.4617461 0.976296 0 0.2164401 0.9961947 0 0.08715575 0.9961947 0 0.08715575 0.01329165 0.002375304 0.9999088 0.04361909 0 0.9990482 0.04361909 0 0.9990482 0.04361909 0 0.9990482 0.04361909 0 0.9990482 0.3007019 0 0.9537182 0.3007019 0 0.9537182 0.5372974 0 0.8433928 0.5372974 0 0.8433928 0.7372818 0 0.6755854 0.7372818 0 0.6755854 0.8870108 0 0.461749 0.8870108 0 0.461749 0.976296 0 0.2164402 0.976296 0 0.2164402 0.9720268 5.58946e-4 0.2348692 0.9644991 0 0.2640861 0.9726886 0.001224756 0.2321111 0.9278618 -9.82322e-4 0.3729228 0.8870089 0.001985788 0.461748 0.8371813 -0.00101 0.5469245 0.7372809 0.001527011 0.6755845 0.7147791 0 0.6993504 0.5645976 0 0.8253663 0.5372967 0.00164324 0.8433917 0.3918033 -0.001114249 0.9200483 0.3007012 0.002298712 0.9537156 0.2046228 -0.001191079 0.9788402 0.9907184 0 0.13593 0.3007019 0 0.9537182 0.3007019 0 0.9537182 0.3007019 0 0.9537182 0.5372974 0 0.8433928 0.5372974 0 0.8433928 0.7372818 0 0.6755854 0.7372818 0 0.6755854 0.8870108 0 0.461749 0.8870108 0 0.461749 0.5372974 0 0.8433928 0.3007019 0 0.9537182 0.5372974 0 0.8433928 0.7372818 0 0.6755854 0.7372818 0 0.6755854 0.8870108 0 0.461749 0.8870108 0 0.461749 -0.9992713 0 -0.03817015 -0.9990475 0.001232147 0.04361915 -0.9957046 0 0.09258693 -0.9537169 0 0.3007061 -0.9537169 0 0.3007061 -0.8433912 0 0.5373001 -0.8433912 0 0.5373001 -0.6755914 0 0.7372763 -0.6755914 0 0.7372763 -0.4617486 0 0.8870109 -0.4617486 0 0.8870109 -0.2164371 0 0.9762966 -0.2364182 0.001443088 0.9716503 -0.1843773 0 0.9828556 -0.9981922 0.001904606 0.06007319 -0.9875267 -3.80478e-4 0.1574515 -0.9672741 7.61398e-4 0.2537325 -0.9537126 0.003008067 0.3007047 -0.9198765 -0.001478075 0.3922055 -0.8433892 0.002195775 0.5372987 -0.8253595 0 0.5646076 -0.6993502 0 0.7147791 -0.67559 0.002021908 0.7372748 -0.5473968 -0.00132668 0.8368721 -0.461747 0.002564132 0.887008 -0.3736529 -0.001237988 0.9275678 -0.2164371 0 0.9762966 -0.1819874 -0.002472758 0.9832978 -0.3736529 0.001237988 0.9275678 -0.461747 -0.002564132 0.887008 -0.5473968 0.00132668 0.8368721 -0.6755899 -0.002021908 0.7372748 -0.6993503 0 0.7147791 -0.8253595 0 0.5646076 -0.8433892 -0.002195775 0.5372987 -0.9198764 0.001478075 0.3922054 -0.9537125 -0.003008067 0.3007047 -0.9672741 -7.61398e-4 0.2537325 -0.9875266 3.80478e-4 0.1574515 -0.9981922 -0.001904606 0.06007313 -0.9978281 -0.001566469 0.06585335 -0.9990482 0 0.04361921 -0.9992713 0 -0.03817015 -0.9537169 0 0.3007061 -0.9537169 0 0.3007061 -0.8433912 0 0.5373001 -0.8433912 0 0.5373001 -0.6755914 0 0.7372764 -0.6755914 0 0.7372764 -0.4617485 0 0.8870108 -0.4617485 0 0.8870108 -0.2164371 0 0.9762966 -0.08715599 0 0.9961947 -0.08715599 0 0.9961947 -0.08715599 0 0.9961947 -0.08715599 0 0.9961947 0 0 1 0 0 1 0 0 1 0 0 1 0 0 1 0 0 1 0 0 1 0 0 1 0 0 1 0 0 1 0 0 1 0 0 1 0 0 1 0 0 1 0 0 1 0 0 1 0 0 1 0 0 1 0 0 1 0 0 1 0 0 1 0 0 1 0 0 1 0 0 1 0 0 1 0 0 1 0 0 1 0 0 1 0 0 1 0 0 1 0 0 1 0 0 1 0 0 1 0 0 1 0 0 1 0 0 1 0 0 1 0 0 1 0 0 1 0 0 1 0 0 1 0 0 1 0 0 1 0 0 1 0 0 1 0 0 1 0 0 1 0 0 1 0 0 1 0 0 1 0 0 1 0 0 1 0 0 1 0 0 1 0 0 1 0 0 1 0 0 1 0 0 1 0 0 1 0 0 1 0 0 1 0 0 1 0 0 1 0 0 1 0 0 1 0 0 1 0 0 1 0 0 1 0 0 1 0 0 1 0 -0.9914456 0.130521 0 -0.9914456 0.130521 0 -0.9914456 0.130521 0 -0.9914456 0.130521 0 -0.9238808 0.3826804 0 -0.9238808 0.3826804 0 -0.79335 0.6087659 0 -0.79335 0.6087659 0 -0.6087607 0.793354 0 -0.6087607 0.793354 0 -0.3826851 0.9238788 0 -0.3826851 0.9238788 0 -0.1305246 0.9914451 0 -0.1305246 0.9914451 0 -0.1305246 0.9914451 0 -0.1305246 0.9914451 0 -0.3826851 0.9238788 0 -0.3826851 0.9238788 0 -0.6087607 0.793354 0 -0.6087607 0.793354 0 -0.79335 0.6087659 0 -0.79335 0.6087659 0 -0.9238808 0.3826804 0 -0.9238808 0.3826804 0 -0.9238808 0.3826804 0 -0.9238808 0.3826804 0 -0.79335 0.6087659 0 -0.79335 0.6087659 0 -0.6087605 0.793354 0 -0.6087605 0.793354 0 -0.3826851 0.9238789 0 -0.3826851 0.9238789 0 0 1 0 0 1 0 0 1 0 0 1 0 0 1 0 0 1 0 0 1 0 0 1 0 0 1 0 0 1 0 0 1 0 0 1 0 0 1 0 0 1 0 0 1 0 0 1 0 0 1 0 0 1 0 0 1 0 0 1 0 0 1 0 0 1 0 0 1 0 0 1 0 0 1 0 0 1 0 0 1 0 0 1 0 0 1 0 0 1 0 0 1 0 0 1 0 0 1 0 0 1 0 0 1 0 0 1 0 0 1 0 0 1 0 0 1 0 0 1 0 0 1 0 0 1 0 0 1 0 0 1 0 0 1 0 0.1305251 0.991445 0 0.1305251 0.991445 0 0.1305251 0.991445 0 0.1305251 0.991445 0 0.3826839 0.9238793 0 0.3826839 0.9238793 0 0.6087624 0.7933526 0 0.6087624 0.7933526 0 0.7933535 0.6087612 0 0.7933535 0.6087612 0 0.9238795 0.3826836 0 0.9238795 0.3826836 0 0.9914447 0.1305282 0 0.9914445 0.1305282 0 0.9914446 0.1305282 0 0.9914447 0.1305282 0 0.9238795 0.3826836 0 0.9238795 0.3826836 0 0.7933535 0.6087612 0 0.7933535 0.6087612 0 0.6087624 0.7933526 0 0.6087624 0.7933526 0 0.3826839 0.9238793 0 0.3826839 0.9238793 0 0.3826839 0.9238793 0 0.3826839 0.9238793 0 0.6087624 0.7933527 0 0.6087624 0.7933527 0 0.7933535 0.6087612 0 0.7933535 0.6087612 0 0.9238795 0.3826836 0 0.9238795 0.3826836 0 -0.7071068 -0.7071068 0 -0.7071068 -0.7071068 0 0.7071068 -0.7071068 0 0.7071068 -0.7071068 0 0 -1 0 0 -1 0 0 -1 0 0 -1 1 0 0 1 0 0 0.9832622 -0.08368802 0.1618384 0.9890707 -0.06916284 0.1302138 0.9890707 0.06916284 0.1302138 0.9219575 0.06446981 0.3818874 0.9219575 0.06446975 0.3818876 0.7921347 0.0553916 0.6078277 0.792135 0.05539196 0.6078272 0.6082115 0.04253065 0.7926347 0.6082108 0.04253011 0.7926355 0.3825475 0.02675026 0.9235485 0.3825474 0.02675014 0.9235486 0.1305194 0.009126722 0.9914038 0.1327967 0.01019543 0.9910908 0.9727172 -0.206757 0.105228 0.9519855 -0.2478771 0.1796678 0.9355359 -0.3405073 0.0939545 0.8956889 -0.4048779 0.183889 0.8788214 -0.4672781 0.09656161 0.8157852 -0.5513733 0.1745908 0.8038352 -0.5840191 0.1130077 0.7136136 -0.6839434 0.1515821 0.7119426 -0.6875156 0.1430386 0.6112665 -0.7823878 0.1192583 0.5689989 -0.7282875 0.3818868 0.4621053 -0.8003881 0.3818868 0.397035 -0.6876832 0.6078281 0.2974637 -0.7362473 0.6078283 0.2283968 -0.5653009 0.7926347 0.1474987 -0.5915864 0.7926347 0.09277254 -0.3720912 0.9235482 0.04008501 -0.3813815 0.9235483 0.01361632 -0.1295501 0.9914794 -0.004587471 -0.1313672 0.9913232 -0.005080759 -0.1325534 0.9911629 -0.02243757 -0.1272501 0.9916169 -0.02563583 -0.1321859 0.9908934 -0.03939652 -0.1212502 0.9918398 -0.04604917 -0.128214 0.9906768 -0.05534046 -0.113465 0.9919996 -0.06562399 -0.1206808 0.99052 -0.07014471 -0.1039935 0.9921013 -0.08368086 -0.1097788 0.9904272 -0.083687 -0.09294384 0.9921482 -0.0995897 -0.09584552 0.9904018 -0.09584832 -0.08042633 0.9921415 -0.1128039 -0.07934468 0.9904442 -0.1065135 -0.06655693 0.9920812 -0.1228894 -0.06084632 0.9905533 -0.1155731 -0.05145651 0.9919652 -0.1295451 -0.04099702 0.9907257 -0.1229216 -0.03524708 0.9917902 -0.1326144 -0.02048349 0.990956 -0.1284597 -0.01805388 0.9915504 -0.1320908 0 0.9912376 -0.383481 0 0.9235488 -0.383481 0 0.9235488 -0.6096967 0 0.7926348 -0.6096967 0 0.7926348 -0.7940691 0 0.6078276 -0.7940691 0 0.6078276 -0.9242087 0 0.381888 -0.9242086 0 0.381888 -0.9890291 0 0.1477209 -0.9835801 0.1382325 0.1160254 -0.970846 0.1664683 0.1724708 -0.9566475 0.2743147 0.09786224 -0.9268733 0.3274846 0.183466 -0.9095419 0.4049542 0.09351855 -0.8586049 0.4796466 0.1809335 -0.8435326 0.5270962 0.1030654 -0.7673949 0.6196275 0.164824 -0.7599043 0.6376369 0.1263519 -0.6630707 0.7364141 0.1342819 -0.618417 0.6868211 0.3818866 -0.5168125 0.7662034 0.3818864 -0.4440398 0.6583137 0.6078255 -0.3480975 0.7137062 0.6078253 -0.2672731 0.5479915 0.7926352 -0.188407 0.5798554 0.7926352 -0.1185029 0.3647131 0.9235482 -0.0665909 0.3776563 0.9235483 -0.02243757 0.1272501 0.9916169 -0.005080759 0.1325534 0.9911629 -0.004587471 0.1313672 0.9913231 0.01361632 0.1295501 0.9914794 0.04008501 0.3813815 0.9235482 0.04008501 0.3813814 0.9235482 0.06373077 0.6063544 0.7926366 0.06373 0.6063563 0.7926351 0.0830022 0.7897208 0.6078255 0.08300226 0.7897205 0.6078257 0.09660524 0.9191449 0.38189 0.0966047 0.9191455 0.3818888 0.1037371 0.9870071 0.1227009 0.1252201 0.9778723 0.167588 0.5859638 -0.7922757 0.1701345 0.4975246 -0.8617386 0.09937769 0.4621037 -0.8003879 0.3818892 0.3462136 -0.8569112 0.3818894 0.2974619 -0.7362462 0.6078306 0.1921013 -0.7704797 0.6078307 0.1474983 -0.5915858 0.7926352 0.06373095 -0.6063562 0.7926352 0.04008501 -0.3813815 0.9235482 -0.01338338 -0.3832486 0.9235482 0.4426144 -0.8778751 0.1828328 0.3729725 -0.9231393 0.09330284 0.3462147 -0.8569115 0.3818874 0.2235887 -0.8967553 0.3818875 0.192105 -0.7704828 0.6078256 0.0830022 -0.7897206 0.6078256 0.06372982 -0.6063545 0.7926366 -0.02127754 -0.609323 0.7926366 -0.01338303 -0.3832495 0.9235479 -0.06659108 -0.3776571 0.9235479 0.2879338 -0.940199 0.1819887 0.2406838 -0.9653224 0.1011132 0.2235878 -0.8967549 0.3818888 0.0966053 -0.9191455 0.3818888 0.08300232 -0.7897207 0.6078255 -0.02771121 -0.793587 0.6078255 -0.02127695 -0.6093242 0.7926356 -0.105873 -0.6004329 0.7926357 -0.06659126 -0.3776562 0.9235483 -0.1185024 -0.3647133 0.9235483 0.1252201 -0.9778723 0.167588 0.1037371 -0.9870071 0.1227009 0.09660464 -0.919145 0.38189 -0.03225469 -0.9236448 0.38189 -0.02771282 -0.7935845 0.6078286 -0.1378881 -0.7820047 0.6078286 -0.1058725 -0.6004345 0.7926345 -0.1884073 -0.5798562 0.7926345 -0.1185025 -0.3647121 0.9235488 -0.1681068 -0.3446707 0.9235488 -0.03456324 -0.9897509 0.1385586 -0.04192566 -0.9869904 0.1552165 -0.1725881 -0.9788104 0.1101981 -0.2073718 -0.9622086 0.1764979 -0.3076074 -0.9467113 0.09547513 -0.3664842 -0.9120292 0.1840977 -0.4364045 -0.8947629 0.09460639 -0.5159164 -0.8379016 0.1781885 -0.5559453 -0.824224 0.1076084 -0.6523081 -0.7411665 0.1586394 -0.6630707 -0.7364141 0.1342819 -0.7599043 -0.6376369 0.1263519 -0.7079845 -0.594071 0.381887 -0.7837735 -0.4897564 0.3818871 -0.6734102 -0.4207937 0.6078251 -0.7254194 -0.3229778 0.6078257 -0.5569849 -0.2479858 0.7926355 -0.5860775 -0.1680549 0.7926353 -0.3686265 -0.1057018 0.9235484 -0.3797498 -0.05337059 0.9235484 -0.7673949 -0.6196275 0.164824 -0.8435326 -0.5270962 0.1030654 -0.7837732 -0.4897545 0.3818901 -0.8443062 -0.3759087 0.3818895 -0.7254188 -0.3229767 0.607827 -0.7633087 -0.2188753 0.6078268 -0.5860777 -0.1680551 0.7926352 -0.6037629 -0.08485305 0.792635 -0.3797488 -0.05336999 0.9235489 -0.8586049 -0.4796466 0.1809335 -0.9095419 -0.4049542 0.09351855 -0.8443064 -0.3759095 0.3818883 -0.8884065 -0.254746 0.3818882 -0.7633083 -0.2188748 0.6078276 -0.7863413 -0.110513 0.6078276 -0.6037634 -0.08485341 0.7926346 -0.9268733 -0.3274846 0.183466 -0.9566475 -0.2743147 0.09786224 -0.8884068 -0.2547469 0.3818866 -0.9152145 -0.128625 0.3818872 -0.7863412 -0.110513 0.6078275 -0.970846 -0.1664683 0.1724708 -0.9835801 -0.1382325 0.1160254 -0.9152142 -0.1286244 0.3818883 -0.9890291 0 0.1477209 -0.6523081 0.7411665 0.1586394 -0.5559453 0.824224 0.1076084 -0.5168098 0.7662031 0.3818907 -0.4051449 0.8306726 0.3818909 -0.3480964 0.7137057 0.6078265 -0.2453824 0.7552049 0.6078265 -0.1884078 0.5798561 0.7926346 -0.1058733 0.6004343 0.7926346 -0.06659144 0.3776571 0.9235479 -0.01338344 0.3832495 0.9235479 -0.5159164 0.8379016 0.1781885 -0.4364045 0.8947629 0.09460639 -0.4051457 0.8306728 0.3818896 -0.2855949 0.8789743 0.3818897 -0.2453791 0.7552025 0.6078308 -0.1378878 0.7820029 0.6078308 -0.1058722 0.600433 0.7926357 -0.0212776 0.6093242 0.7926357 -0.01338303 0.3832486 0.9235482 -0.3664842 0.9120292 0.1840977 -0.3076074 0.9467113 0.09547513 -0.2855986 0.8789758 0.3818833 -0.1604886 0.9101696 0.3818832 -0.1378895 0.7820045 0.6078286 -0.02771115 0.7935847 0.6078285 -0.02127689 0.609323 0.7926366 -0.2073718 0.9622086 0.1764979 -0.1725881 0.9788104 0.1101981 -0.1604847 0.9101674 0.3818901 -0.03225469 0.9236447 0.3818901 -0.02771294 0.7935869 0.6078255 -0.04192566 0.9869904 0.1552165 -0.03456324 0.9897509 0.1385586 -0.03225475 0.9236448 0.38189 0.2406838 0.9653224 0.1011132 0.2879338 0.940199 0.1819887 0.3729725 0.9231393 0.09330284 0.4426144 0.8778751 0.1828328 0.4975246 0.8617386 0.09937769 0.5859638 0.7922757 0.1701345 0.6112665 0.7823878 0.1192583 0.7119426 0.6875156 0.1430386 0.6648197 0.6420094 0.3818883 0.7477014 0.5432348 0.3818883 0.6424155 0.4667403 0.6078288 0.7011209 0.3727922 0.6078284 0.5383297 0.2862347 0.7926353 0.5729271 0.2085279 0.7926353 0.3603546 0.1311581 0.9235487 0.3751012 0.07973033 0.9235487 0.1259232 0.02676582 0.9916788 0.7136136 0.6839434 0.1515821 0.8038352 0.5840191 0.1130077 0.7477014 0.5432357 0.3818868 0.8160281 0.43389 0.381887 0.7011213 0.372793 0.6078276 0.746181 0.2715871 0.6078275 0.5729269 0.2085279 0.7926353 0.5963727 0.1267634 0.7926352 0.3751015 0.07973057 0.9235485 0.8157852 0.5513733 0.1745908 0.8788214 0.4672781 0.09656161 0.8160281 0.4338903 0.3818865 0.8684721 0.3160989 0.3818868 0.7461822 0.2715889 0.6078253 0.776718 0.1650969 0.6078259 0.5963725 0.1267632 0.7926355 0.8956889 0.4048779 0.183889 0.9355359 0.3405073 0.0939545 0.8684719 0.3160981 0.3818883 0.9040125 0.1921533 0.3818882 0.776717 0.1650959 0.6078273 0.9519855 0.2478771 0.1796678 0.9727172 0.206757 0.105228 0.9040125 0.1921533 0.3818881 0.9832622 0.08368802 0.1618384 0.131532 0.03077965 0.990834 0.1194676 0.04348266 0.9918854 0.360355 0.1311585 0.9235485 0.3385943 0.180034 0.9235485 0.5383305 0.2862358 0.7926345 0.4932555 0.3583713 0.7926343 0.6424164 0.4667431 0.6078257 0.5712059 0.5516087 0.6078254 0.6648196 0.6420108 0.3818863 0.5689992 0.7282878 0.381886 0.1266593 0.05104821 0.9906319 0.1112507 0.05915296 0.9920304 0.3385936 0.1800332 0.9235488 0.3102424 0.2254041 0.9235489 0.4932551 0.3583706 0.7926348 0.4385789 0.4235313 0.7926347 0.5712056 0.5516076 0.6078266 0.4888777 0.6257361 0.6078265 0.5689992 0.7282872 0.3818868 0.4621043 0.8003888 0.3818868 0.1182602 0.07030636 0.9904906 0.1013751 0.07365328 0.992118 0.3102424 0.2254042 0.9235489 0.275853 0.2663876 0.9235489 0.4385782 0.423529 0.7926363 0.3753655 0.4804456 0.7926365 0.4888775 0.6257343 0.6078284 0.3970348 0.687683 0.6078285 0.4621048 0.8003873 0.3818892 0.3462144 0.8569108 0.3818894 0.1065639 0.08788239 0.9904145 0.08994734 0.08686125 0.9921514 0.2758538 0.2663893 0.9235484 0.236095 0.3021883 0.9235482 0.3753659 0.4804472 0.7926354 0.3048483 0.5280119 0.7926355 0.3970348 0.6876833 0.6078281 0.2974626 0.7362478 0.6078283 0.3462139 0.8569118 0.3818875 0.223588 0.8967555 0.3818874 0.09193998 0.1031646 0.990406 0.07708054 0.09865885 0.9921315 0.236095 0.3021886 0.9235481 0.1917411 0.3321058 0.9235482 0.3048483 0.5280134 0.7926344 0.228397 0.5653014 0.7926344 0.2974631 0.7362457 0.6078305 0.1921041 0.7704789 0.6078308 0.2235885 0.8967548 0.3818888 0.07488262 0.1156324 0.9904654 0.06289261 0.108933 0.9920575 0.191741 0.3321046 0.9235486 0.143655 0.3555577 0.9235486 0.228397 0.5653009 0.7926347 0.1474984 0.5915864 0.7926347 0.1921023 0.7704834 0.6078257 0.05598437 0.1248836 0.9905906 0.04750311 0.1175745 0.9919273 0.143655 0.3555591 0.9235481 0.09277266 0.3720917 0.9235481 0.1474986 0.5915857 0.7926352 0.03590351 0.1306514 0.9907781 0.03103631 0.12448 0.9917366 0.09277278 0.3720911 0.9235483 0.01533317 0.1328178 0.9910219 -0.02563583 0.1321859 0.9908934 -0.03939652 0.1212502 0.9918398 -0.1185021 0.3647122 0.9235488 -0.1681072 0.3446705 0.9235488 -0.2672737 0.5479919 0.7926346 -0.3409376 0.5054621 0.7926346 -0.4440361 0.6583124 0.6078296 -0.5313345 0.5901078 0.6078293 -0.6184154 0.6868212 0.3818891 -0.7079838 0.5940704 0.381889 -0.04604917 0.128214 0.9906768 -0.05534046 0.113465 0.9919996 -0.1681064 0.3446699 0.9235491 -0.2144389 0.3179199 0.9235491 -0.3409371 0.5054619 0.792635 -0.4079672 0.4530922 0.792635 -0.5313375 0.5901084 0.6078261 -0.608293 0.5104186 0.6078262 -0.7079851 0.5940703 0.381887 -0.7837744 0.4897552 0.3818871 -0.06562399 0.1206808 0.99052 -0.07014471 0.1039936 0.9921013 -0.2144412 0.3179214 0.923548 -0.2566001 0.2849832 0.9235481 -0.4079657 0.4530916 0.7926361 -0.4670531 0.3919052 0.792636 -0.6082912 0.5104184 0.607828 -0.6734084 0.4207926 0.6078279 -0.7837724 0.4897558 0.3818901 -0.844306 0.3759093 0.3818896 -0.08368086 0.1097788 0.9904272 -0.083687 0.09294384 0.9921482 -0.2565997 0.284983 0.9235482 -0.2937648 0.2464972 0.9235482 -0.4670567 0.391906 0.7926334 -0.517054 0.32309 0.7926335 -0.673411 0.4207924 0.6078252 -0.7254197 0.3229771 0.6078256 -0.8443067 0.3759089 0.3818883 -0.8884062 0.2547467 0.3818882 -0.0995897 0.09584552 0.9904018 -0.09584832 0.08042633 0.9921414 -0.293763 0.2464967 0.9235489 -0.32521 0.2032139 0.9235488 -0.5170516 0.3230899 0.7926352 -0.5569851 0.247986 0.7926352 -0.7254185 0.3229774 0.607827 -0.7633088 0.2188749 0.6078269 -0.888407 0.2547462 0.3818866 -0.9152147 0.1286244 0.3818871 -0.1128039 0.07934468 0.9904442 -0.1065134 0.06655687 0.9920812 -0.3252107 0.2032139 0.9235486 -0.3503275 0.1559761 0.9235486 -0.5569848 0.247986 0.7926354 -0.5860774 0.168055 0.7926353 -0.7633082 0.2188751 0.6078276 -0.7863412 0.110513 0.6078276 -0.9152141 0.128625 0.3818883 -0.1228894 0.06084632 0.9905534 -0.1155731 0.05145651 0.9919652 -0.3503277 0.1559761 0.9235486 -0.3686262 0.1057018 0.9235486 -0.5860778 0.1680549 0.7926352 -0.6037629 0.08485329 0.7926351 -0.7863413 0.110513 0.6078275 -0.1295451 0.04099702 0.9907257 -0.1229216 0.03524708 0.9917902 -0.3686265 0.1057017 0.9235484 -0.3797498 0.05337017 0.9235484 -0.6037634 0.08485311 0.7926347 -0.1326144 0.02048349 0.990956 -0.1284597 0.01805388 0.9915504 -0.3797488 0.05337047 0.9235488 -0.1320908 0 0.9912376 0.01533317 -0.1328178 0.9910219 0.03103631 -0.12448 0.9917366 0.0927729 -0.3720916 0.9235481 0.1436555 -0.3555589 0.9235481 0.2283971 -0.5653012 0.7926343 0.304849 -0.5280131 0.7926344 0.3970347 -0.6876831 0.6078285 0.4888767 -0.6257349 0.6078284 0.5689995 -0.7282875 0.381886 0.6648203 -0.64201 0.3818862 0.03590351 -0.1306514 0.9907781 0.04750311 -0.1175745 0.9919273 0.1436545 -0.3555579 0.9235486 0.1917405 -0.3321048 0.9235485 0.3048477 -0.5280123 0.7926355 0.3753665 -0.4804468 0.7926354 0.4888784 -0.6257354 0.6078265 0.5712051 -0.5516081 0.6078267 0.664819 -0.6420102 0.3818883 0.7477009 -0.5432353 0.3818883 0.05598437 -0.1248836 0.9905906 0.06289261 -0.108933 0.9920575 0.1917415 -0.3321055 0.9235481 0.2360951 -0.3021885 0.9235481 0.375365 -0.4804462 0.7926365 0.4385774 -0.4235298 0.7926363 0.5712063 -0.5516082 0.6078255 0.6424174 -0.4667417 0.6078256 0.747702 -0.5432351 0.3818868 0.816028 -0.4338902 0.381887 0.07488262 -0.1156324 0.9904655 0.07708054 -0.09865885 0.9921315 0.2360949 -0.3021884 0.9235482 0.2758543 -0.2663888 0.9235483 0.4385796 -0.4235305 0.7926347 0.4932549 -0.3583709 0.7926348 0.6424145 -0.4667417 0.6078287 0.7011207 -0.3727927 0.6078285 0.8160283 -0.4338901 0.3818865 0.8684724 -0.3160983 0.3818869 0.09193998 -0.1031646 0.990406 0.08994734 -0.08686125 0.9921514 0.2758526 -0.2663882 0.923549 0.3102424 -0.2254042 0.9235488 0.4932557 -0.358371 0.7926343 0.5383308 -0.2862353 0.7926344 0.7011215 -0.3727926 0.6078276 0.7461806 -0.2715883 0.6078276 0.8684716 -0.3160987 0.3818882 0.9040125 -0.1921533 0.3818882 0.1065639 -0.08788239 0.9904145 0.1013751 -0.07365328 0.992118 0.3102424 -0.2254042 0.9235489 0.3385933 -0.1800335 0.9235488 0.5383295 -0.2862353 0.7926353 0.5729271 -0.2085279 0.7926353 0.7461826 -0.2715877 0.6078253 0.7767181 -0.1650961 0.6078258 0.9040125 -0.1921533 0.3818881 0.9219575 -0.06446975 0.3818876 0.1182602 -0.07030636 0.9904906 0.1112507 -0.05915296 0.9920304 0.3385944 -0.1800336 0.9235485 0.3603551 -0.1311582 0.9235485 0.5729269 -0.2085279 0.7926353 0.5963728 -0.1267632 0.7926352 0.7767168 -0.1650967 0.6078273 0.7921351 -0.0553916 0.6078271 0.9219575 -0.06446975 0.3818874 0.1266593 -0.05104821 0.9906318 0.1194676 -0.04348266 0.9918854 0.3603545 -0.1311583 0.9235487 0.3751012 -0.07973051 0.9235486 0.5963724 -0.1267633 0.7926355 0.6082106 -0.04253059 0.7926355 0.7921346 -0.0553919 0.6078277 0.131532 -0.03077965 0.990834 0.1259232 -0.02676582 0.9916788 0.3751016 -0.07973045 0.9235485 0.3825473 -0.02675026 0.9235486 0.6082115 -0.04253017 0.7926348 0.1327967 -0.01019543 0.9910908 0.1305194 -0.009126722 0.9914038 0.3825475 -0.0267502 0.9235485 -0.1604852 -0.9101702 0.3818832 -0.1604881 -0.9101668 0.3818901 -0.03225475 -0.9236447 0.3818901 -0.1378891 -0.7820028 0.6078309 -0.2453814 -0.7552018 0.6078307 -0.1884075 -0.5798552 0.7926352 -0.2672734 -0.5479913 0.7926352 -0.1681067 -0.3446698 0.9235491 -0.2144399 -0.3179194 0.9235491 -0.2855957 -0.8789768 0.3818834 -0.2855979 -0.8789734 0.3818897 -0.4051451 -0.8306732 0.3818896 -0.4051454 -0.8306723 0.381891 -0.5168115 -0.7662019 0.3818907 -0.5168107 -0.7662045 0.3818864 -0.618416 -0.6868218 0.3818866 -0.6184163 -0.6868203 0.3818891 -0.7079845 -0.5940697 0.381889 -0.2453801 -0.7552056 0.6078264 -0.348097 -0.7137054 0.6078265 -0.2672734 -0.5479921 0.7926346 -0.3409373 -0.5054622 0.7926347 -0.2144404 -0.3179221 0.923548 -0.2565999 -0.2849832 0.9235481 -0.3480969 -0.7137066 0.6078252 -0.4440378 -0.6583149 0.6078255 -0.4440379 -0.658311 0.6078296 -0.5313358 -0.5901066 0.6078293 -0.5313361 -0.5901097 0.6078259 -0.6082922 -0.5104193 0.6078262 -0.6082918 -0.5104176 0.607828 -0.6734092 -0.4207913 0.6078279 -0.3409373 -0.5054618 0.792635 -0.4079666 -0.4530927 0.792635 -0.2565999 -0.2849829 0.9235482 -0.2937643 -0.2464978 0.9235482 -0.4079663 -0.4530911 0.7926361 -0.4670543 -0.3919039 0.7926359 -0.4670556 -0.3919073 0.7926334 -0.5170534 -0.3230909 0.7926337 -0.5170521 -0.3230889 0.7926352 -0.5569851 -0.2479861 0.7926352 -0.3252102 -0.2032136 0.9235489 -0.2937635 -0.2464961 0.9235489 -0.3252105 -0.2032142 0.9235486 -0.3503276 -0.155976 0.9235486 -0.3503277 -0.1559762 0.9235486 -0.3686262 -0.1057016 0.9235485 0.9963974 -0.08480602 0 0.9963974 -0.08480602 0 0.9963974 0.08480602 0 0.9963974 0.08480602 0 0.9677332 0.2519775 0 0.9677332 0.2519775 0 0.9112281 0.4119021 0 0.9112281 0.4119021 0 0.8285103 0.5599739 0 0.8285103 0.5599739 0 0.721956 0.6919389 0 0.721956 0.6919389 0 0.5946329 0.8039972 0 0.5946329 0.8039972 0 0.450203 0.8929263 0 0.450203 0.8929263 0 0.2928238 0.9561665 0 0.2928238 0.9561665 0 0.1270165 0.9919006 0 0.1270165 0.9919006 0 -0.04243999 0.999099 0 -0.04243999 0.999099 0 -0.2106792 0.9775552 0 -0.2106792 0.9775552 0 -0.3728571 0.9278887 0 -0.3728571 0.9278887 0 -0.5243072 0.8515292 0 -0.5243072 0.8515292 0 -0.6606744 0.7506726 0 -0.6606744 0.7506726 0 -0.7780361 0.6282197 0 -0.7780361 0.6282197 0 -0.8730136 0.4876958 0 -0.8730136 0.4876958 0 -0.9428776 0.3331393 0 -0.9428776 0.3331393 0 -0.9856159 0.1690009 0 -0.9856159 0.1690009 0 -1 0 0 -1 0 0 -0.9856159 -0.1690009 0 -0.9856159 -0.1690009 0 -0.9428776 -0.3331393 0 -0.9428776 -0.3331393 0 -0.8730136 -0.4876958 0 -0.8730136 -0.4876958 0 -0.7780361 -0.6282197 0 -0.7780361 -0.6282197 0 -0.6606744 -0.7506726 0 -0.6606744 -0.7506726 0 -0.5243072 -0.8515292 0 -0.5243072 -0.8515292 0 -0.3728571 -0.9278887 0 -0.3728571 -0.9278887 0 -0.2106792 -0.9775552 0 -0.2106792 -0.9775552 0 -0.04243999 -0.999099 0 -0.04243999 -0.999099 0 0.1270165 -0.9919006 0 0.1270165 -0.9919006 0 0.2928238 -0.9561665 0 0.2928238 -0.9561665 0 0.450203 -0.8929263 0 0.450203 -0.8929263 0 0.5946329 -0.8039972 0 0.5946329 -0.8039972 0 0.721956 -0.6919389 0 0.721956 -0.6919389 0 0.8285103 -0.5599739 0 0.8285103 -0.5599739 0 0.9112281 -0.4119021 0 0.9112281 -0.4119021 0 0.9677332 -0.2519775 0 0.9677332 -0.2519775 0 -0.991445 -0.130526 0 -0.991445 -0.130526 0 -0.991445 0.130526 0 -0.991445 0.130526 0 -0.9238792 0.3826841 0 -0.9238792 0.3826841 0 -0.7933545 0.6087601 0 -0.7933545 0.6087601 0 -0.6087609 0.7933538 0 -0.6087609 0.7933538 0 -0.3826797 0.9238811 0 -0.3826797 0.9238811 0 -0.1305285 0.9914446 0 -0.1305285 0.9914446 0 0.1305285 0.9914446 0 0.1305285 0.9914446 0 0.3826797 0.9238811 0 0.3826797 0.9238811 0 0.6087609 0.7933538 0 0.6087609 0.7933538 0 0.7933545 0.6087601 0 0.7933545 0.6087601 0 0.9238792 0.3826841 0 0.9238792 0.3826841 0 0.991445 0.130526 0 0.991445 0.130526 0 0.991445 -0.130526 0 0.991445 -0.130526 0 0.9238792 -0.3826841 0 0.9238792 -0.3826841 0 0.7933545 -0.6087601 0 0.7933545 -0.6087601 0 0.6087609 -0.7933538 0 0.6087609 -0.7933538 0 0.3826797 -0.9238811 0 0.3826797 -0.9238811 0 0.1305285 -0.9914446 0 0.1305285 -0.9914446 0 -0.1305285 -0.9914446 0 -0.1305285 -0.9914446 0 -0.3826797 -0.9238811 0 -0.3826797 -0.9238811 0 -0.6087609 -0.7933538 0 -0.6087609 -0.7933538 0 -0.7933545 -0.6087601 0 -0.7933545 -0.6087601 0 -0.9238792 -0.3826841 0 -0.9238792 -0.3826841 0 1 0 0 1 0 0 -1 0 0 -1 0 0 -1 0 0 -1 0 0 1 0 0 1 0 0 0.9961947 0 0.08715593 0.9961947 0 0.08715593 -0.08716791 -9.00376e-6 0.9961936 -0.08714723 6.2692e-6 0.9961954 -0.08715832 -2.13452e-6 0.9961945 -0.08715331 1.80659e-6 0.9961949 -0.0871576 -1.71334e-6 0.9961946 -0.08715927 -3.12964e-6 0.9961944 -0.08715575 0 0.9961947 -0.08715581 0 0.9961947 -0.08715564 0 0.9961947 -0.08715194 -4.44263e-6 0.9961951 -0.08715736 2.0023e-6 0.9961945 -0.08715379 -2.16652e-6 0.9961949 -0.08715784 2.33967e-6 0.9961946 -0.08715569 0 0.9961947 -0.08715403 2.62216e-6 0.9961948 -0.08715707 -2.22048e-6 0.9961946 -0.0871573 -2.56957e-6 0.9961946 -0.08715438 2.62933e-6 0.9961948 -0.08715575 0 0.9961947 -0.08715575 0 0.9961947 -0.08715438 -2.62933e-6 0.9961948 -0.08715891 0 0.9961944 -0.08715891 0 0.9961944 -0.08715015 0 0.9961952 -0.08715009 0 0.9961951 -0.08715575 0 0.9961947 -0.08715575 0 0.9961947 -0.08715575 0 0.9961947 -0.08715575 0 0.9961947 -0.08716058 0 0.9961943 -0.08716058 0 0.9961943 -0.08715891 0 0.9961944 -0.08715891 0 0.9961944 -0.08715093 0 0.9961951 -0.08715093 0 0.9961952 -0.08716344 0 0.9961941 -0.08714723 -6.2692e-6 0.9961954 -0.08716791 9.00376e-6 0.9961936 -0.08715552 0 0.9961947 -0.08716344 0 0.996194 -0.0871573 2.56957e-6 0.9961946 -0.08715707 2.22048e-6 0.9961946 -0.08715403 -2.62216e-6 0.9961948 -0.08715569 0 0.9961947 -0.08715784 -2.33967e-6 0.9961945 -0.08715379 2.16651e-6 0.9961949 -0.08715742 -2.00229e-6 0.9961946 -0.08715194 4.44265e-6 0.9961951 -0.08715564 0 0.9961947 -0.08715575 0 0.9961947 -0.08715575 0 0.9961947 -0.08715927 3.12965e-6 0.9961944 -0.0871576 1.71704e-6 0.9961946 -0.08715331 -1.80659e-6 0.9961949 -0.08715832 2.13452e-6 0.9961945 -0.0871554 0 0.9961948 -0.08715552 0 0.9961947 -0.0871554 0 0.9961948 0.9961947 0 0.08715575 0.9961947 0 0.08715575 0.04361909 0 0.9990482 0.009101569 0.001805484 0.999957 0.2066388 -9.04406e-4 0.9784169 0.3007014 0.001858353 0.9537166 0.3935452 -9.54573e-4 0.9193048 0.5373023 0.001450002 0.8433885 0.5646108 0 0.8253573 0.7147791 0 0.6993503 0.7372742 0.001554787 0.6755918 0.8377897 -0.001046836 0.545992 0.8870102 0.002129495 0.4617451 0.9281489 -0.001078307 0.3722074 0.9725495 0.001350462 0.2326923 0.9907184 0 0.1359306 0.9713524 0.001138389 0.2376409 0.976296 0 0.2164401 0.8870122 0 0.4617461 0.8870122 0 0.4617461 0.7372751 0 0.6755927 0.7372751 0 0.6755927 0.5373028 0 0.8433894 0.5373028 0 0.8433894 0.3007019 0 0.9537182 0.3007019 0 0.9537182 0.04361909 0 0.9990482 0.9907965 -0.004868507 0.1352728 0.976296 0 0.2164402 0.9762958 0 0.2164402 0.976296 0 0.2164402 0.976296 0 0.2164402 0.8870106 0 0.4617489 0.8870106 0 0.4617489 0.7372818 0 0.6755853 0.7372818 0 0.6755853 0.5372974 0 0.8433928 0.5372974 0 0.8433928 0.300702 0 0.9537182 0.300702 0 0.9537182 0.04361909 0 0.9990483 0.04361909 0 0.9990482 0.04361909 0 0.9990483 0.300702 0 0.9537182 0.3007012 -0.002298712 0.9537156 0.3918033 0.001114249 0.9200483 0.5372967 -0.00164324 0.8433917 0.5645976 0 0.8253663 0.7147791 0 0.6993503 0.7372809 -0.001527011 0.6755845 0.8371813 0.00101 0.5469245 0.8870089 -0.001985788 0.461748 0.9278618 9.82324e-4 0.3729228 0.9726886 -0.001224756 0.2321111 0.2046228 0.001191079 0.9788402 0.09108883 -9.36978e-4 0.9958423 0.01091665 0 0.9999405 0.8870108 0 0.461749 0.8870106 0 0.4617489 0.8870106 0 0.4617489 0.7372818 0 0.6755853 0.7372818 0 0.6755853 0.5372974 0 0.8433928 0.5372974 0 0.8433928 0.300702 0 0.9537182 0.7372818 0 0.6755854 0.8870108 0 0.461749 0.7372818 0 0.6755854 0.5372974 0 0.8433928 0.5372974 0 0.8433928 0.3007019 0 0.9537182 0.3007019 0 0.9537182 -0.7317364 -0.08821022 0.6758556 -0.7317386 -0.08821457 0.6758528 -0.7317388 0.08821058 0.6758529 -0.7317357 0.08821415 0.6758559 -0.6862461 0.2586306 0.6798355 -0.686249 0.2586288 0.6798335 -0.5983704 0.4114192 0.6875225 -0.598367 0.4114202 0.6875248 -0.4740884 0.5361722 0.6983979 -0.4740961 0.5361719 0.6983928 -0.3218896 0.6243851 0.7117095 -0.321888 0.6243847 0.7117106 -0.1521123 0.6700496 0.7265641 -0.1521103 0.6700484 0.7265656 0.02362954 0.6700487 0.741941 0.02363193 0.6700462 0.7419431 0.1934157 0.6243788 0.7567969 0.1934109 0.6243873 0.7567911 0.3456146 0.5361763 0.7701076 0.3456145 0.5361761 0.7701076 0.4698938 0.4114235 0.7809804 0.4698938 0.4114221 0.7809813 0.5577749 0.2586274 0.7886692 0.5577774 0.2586362 0.7886645 0.6032672 0.08822065 0.7926448 0.6032614 0.08821094 0.7926502 0.6032609 -0.08821994 0.7926497 0.603269 -0.08821189 0.7926445 0.5577797 -0.2586292 0.7886652 0.5577716 -0.258634 0.7886694 0.4698932 -0.4114231 0.7809811 0.4698945 -0.4114227 0.7809804 0.3456144 -0.5361762 0.7701076 0.3456146 -0.5361762 0.7701076 0.1934181 -0.6243837 0.7567923 0.1934079 -0.6243813 0.7567968 0.02362912 -0.6700469 0.7419428 0.0236324 -0.6700485 0.7419411 -0.1521123 -0.6700483 0.7265653 -0.1521103 -0.67005 0.7265641 -0.3218893 -0.6243842 0.7117104 -0.3218883 -0.6243857 0.7117096 -0.4740906 -0.5361756 0.6983938 -0.4740933 -0.5361678 0.6983979 -0.598369 -0.411418 0.6875244 -0.5983687 -0.4114217 0.6875224 -0.6862477 -0.2586313 0.6798337 -0.6862471 -0.2586279 0.6798357 -0.8388198 -0.1038793 0.5344066 -0.8388355 -0.1038868 0.5343805 -0.838836 0.1038817 0.5343808 -0.8388189 0.1038843 0.534407 -0.7852475 0.3045672 0.5390968 -0.7852706 0.3045705 0.5390611 -0.6817768 0.4845036 0.5481212 -0.681772 0.4845014 0.548129 -0.5354296 0.6314061 0.5609292 -0.5354188 0.6313965 0.5609502 -0.3561693 0.7352783 0.5766361 -0.3561831 0.7353001 0.5765998 -0.156257 0.7890765 0.5940892 -0.1562579 0.7890796 0.5940849 0.05071794 0.7890794 0.6121938 0.0507186 0.7890523 0.6122288 0.2506312 0.7352791 0.6297212 0.2506285 0.7352681 0.6297349 0.4298743 0.6313867 0.6454138 0.4298979 0.6314315 0.6453543 0.5762515 0.4845206 0.6581597 0.5762161 0.484481 0.6582198 0.6797028 0.3045563 0.6672703 0.6797189 0.3045672 0.6672489 0.7332904 0.1038835 0.6719326 0.7332795 0.1038795 0.671945 0.7332793 -0.1038822 0.6719449 0.7332908 -0.1038808 0.6719325 0.6797204 -0.3045628 0.6672493 0.6797007 -0.3045605 0.6672705 0.5762087 -0.4844917 0.6582183 0.5762599 -0.4845104 0.6581597 0.4299075 -0.6314232 0.6453558 0.4298639 -0.6313939 0.6454136 0.250626 -0.7352693 0.6297346 0.2506339 -0.7352781 0.6297212 0.05071157 -0.7890536 0.6122277 0.0507251 -0.7890789 0.6121941 -0.156257 -0.7890797 0.594085 -0.1562579 -0.7890763 0.5940892 -0.3561763 -0.7353025 0.5766009 -0.3561758 -0.7352752 0.5766361 -0.5354222 -0.6313941 0.5609498 -0.5354264 -0.6314087 0.5609294 -0.681773 -0.4845002 0.5481289 -0.6817759 -0.4845048 0.548121 -0.7852678 -0.3045768 0.5390617 -0.7852499 -0.3045606 0.539097 -0.9906446 0.1294301 0.04325652 -0.9906458 0.1294273 0.04323786 -0.9906454 -0.1294304 0.0432378 -0.990645 -0.129427 0.0432564 -0.9239029 -0.379464 0.0490961 -0.923902 -0.3794699 0.04906803 -0.7949664 -0.6036449 0.0603429 -0.7949671 -0.6036433 0.06035053 -0.6126202 -0.786687 0.07628941 -0.612626 -0.7866786 0.07632917 -0.3893126 -0.9161033 0.09586673 -0.3893015 -0.9161139 0.09581047 -0.1402073 -0.9831137 0.1175982 -0.1402067 -0.9831141 0.1175957 0.1176569 -0.9831136 0.1401589 0.1176568 -0.9831135 0.1401591 0.3667585 -0.9161106 0.161955 0.3667415 -0.9161075 0.1620117 0.5900596 -0.7866831 0.1815473 0.5900732 -0.7866831 0.1815032 0.7724108 -0.6036455 0.197468 0.7724125 -0.6036452 0.1974623 0.9013494 -0.3794655 0.2087469 0.9013404 -0.3794691 0.2087793 0.9680843 -0.1294293 0.214618 0.9680874 -0.1294273 0.2146056 0.9680871 0.1294295 0.2146056 0.9680846 0.1294271 0.214618 0.9013425 0.3794639 0.2087796 0.9013472 0.3794708 0.2087467 0.772412 0.603646 0.1974622 0.7724114 0.6036447 0.1974682 0.5900671 0.7866878 0.1815025 0.5900657 0.7866784 0.1815475 0.3667506 0.9161037 0.1620126 0.3667494 0.9161144 0.1619544 0.1176568 0.9831136 0.1401591 0.1176568 0.9831136 0.1401589 -0.1402071 0.9831141 0.1175957 -0.1402069 0.9831138 0.1175983 -0.3893105 0.9161102 0.09580957 -0.3893036 0.9161071 0.09586745 -0.6126205 0.7866828 0.07632982 -0.6126257 0.7866828 0.07628911 -0.7949662 0.6036443 0.06035059 -0.7949671 0.6036439 0.06034308 -0.923904 0.3794654 0.04906785 -0.9239012 0.3794685 0.04909604 -0.9467297 0.1207426 0.2985367 -0.9467378 0.1207396 0.298512 -0.8844775 0.3539951 0.3039522 -0.8844697 0.3539954 0.3039749 -0.7641864 0.5631234 0.3145016 -0.764197 0.5631266 0.3144701 -0.5940929 0.7338776 0.3293591 -0.5940911 0.7338764 0.329365 -0.3857591 0.8546167 0.3475924 -0.3857579 0.8546151 0.3475973 -0.1533932 0.9171152 0.367927 -0.1533885 0.9171028 0.3679599 0.08717072 0.9171023 0.3890044 0.08716922 0.9171192 0.3889652 0.3195406 0.8546184 0.4092934 0.3195414 0.8546236 0.409282 0.5278739 0.7338854 0.4275062 0.5278655 0.7338666 0.4275486 0.6979667 0.5631175 0.4424264 0.6979721 0.5631246 0.4424089 0.8182566 0.3539955 0.4529276 0.8182653 0.3540026 0.4529063 0.8805269 0.1207416 0.4583601 0.8805246 0.1207405 0.4583649 0.8805245 -0.1207414 0.4583647 0.880527 -0.1207407 0.45836 0.8182667 -0.3539988 0.4529067 0.818255 -0.3539991 0.4529277 0.697974 -0.563122 0.4424093 0.6979646 -0.5631201 0.4424266 0.5278595 -0.7338714 0.4275479 0.5278801 -0.7338806 0.4275065 0.3195433 -0.8546228 0.4092822 0.3195386 -0.8546193 0.4092934 0.0871762 -0.9171181 0.3889662 0.08716368 -0.9171032 0.3890041 -0.1533942 -0.9171021 0.3679591 -0.1533874 -0.917116 0.3679273 -0.3857587 -0.8546148 0.3475971 -0.3857583 -0.8546169 0.3475925 -0.5940919 -0.7338758 0.3293648 -0.594092 -0.7338783 0.3293592 -0.7641935 -0.563131 0.3144705 -0.7641897 -0.5631189 0.3145014 -0.8844712 -0.3539918 0.3039745 -0.8844761 -0.3539988 0.3039521 -0.9467372 -0.1207439 0.2985122 -0.9467301 -0.1207383 0.2985368 0.6400205 0.09268873 0.7627468 0.6400212 0.09269404 0.7627455 0.6400215 -0.09268879 0.7627459 0.6400195 -0.09269386 0.762747 0.592221 -0.2717599 0.758565 0.5922247 -0.2717549 0.7585638 0.4998843 -0.4323047 0.7504854 0.4998754 -0.4323117 0.7504872 0.3692967 -0.5633883 0.7390627 0.3693028 -0.5633856 0.7390617 0.2093622 -0.6560808 0.7250693 0.2093591 -0.6560813 0.7250698 0.03097599 -0.7040614 0.7094633 0.03097283 -0.704061 0.7094638 -0.153705 -0.7040606 0.6933062 -0.1537033 -0.7040612 0.693306 -0.3320871 -0.6560809 0.6776992 -0.3320818 -0.6560846 0.6776981 -0.4920222 -0.5633907 0.6637055 -0.4920274 -0.5633846 0.663707 -0.6226094 -0.432303 0.6522818 -0.6226076 -0.4323071 0.6522809 -0.7149478 -0.2717587 0.6442026 -0.7149467 -0.2717642 0.6442013 -0.7627469 -0.09269255 0.6400197 -0.7627468 -0.092691 0.6400201 -0.7627467 0.09269255 0.64002 -0.7627472 0.09269106 0.6400195 -0.7149486 0.271759 0.6442015 -0.7149454 0.2717636 0.6442031 -0.62261 0.4323034 0.6522811 -0.6226066 0.4323062 0.6522824 -0.4920215 0.5633897 0.663707 -0.4920285 0.5633865 0.6637045 -0.3320874 0.6560819 0.677698 -0.3320813 0.6560828 0.6777001 -0.153705 0.7040609 0.6933059 -0.1537033 0.7040607 0.6933065 0.03097587 0.7040607 0.7094638 0.03097307 0.7040619 0.7094628 0.209362 0.6560803 0.7250698 0.2093595 0.6560821 0.7250688 0.3692976 0.5633891 0.7390617 0.3693014 0.5633841 0.7390635 0.4998827 0.4323036 0.7504872 0.4998783 0.4323138 0.7504841 0.592222 0.2717604 0.7585641 0.5922229 0.2717542 0.7585656 -0.9876719 0.1305285 -0.08640992 -0.9876725 0.1305236 -0.0864104 -0.9876718 -0.1305285 -0.08641034 -0.9876725 -0.1305236 -0.08640998 -0.920364 -0.382683 -0.08052128 -0.9203623 -0.3826873 -0.08052146 -0.790333 -0.6087633 -0.06914538 -0.7903354 -0.6087601 -0.06914526 -0.606441 -0.7933563 -0.05305659 -0.6064386 -0.7933582 -0.05305665 -0.3812392 -0.9238746 -0.03335416 -0.3812392 -0.9238746 -0.03335416 -0.1300248 -0.9914455 -0.01137572 -0.1300255 -0.9914454 -0.01137572 0.1300247 -0.9914455 0.01137566 0.1300248 -0.9914455 0.01137566 0.3812392 -0.9238745 0.03335398 0.3812389 -0.9238746 0.03335398 0.606441 -0.7933563 0.05305659 0.6064386 -0.7933582 0.05305665 0.790333 -0.6087633 0.06914538 0.7903354 -0.6087601 0.06914526 0.920364 -0.382683 0.08052128 0.9203623 -0.3826873 0.08052146 0.9876718 -0.1305285 0.08641034 0.9876726 -0.1305227 0.08640992 0.9876719 0.1305285 0.08640986 0.9876726 0.1305227 0.0864104 0.920364 0.382683 0.08052164 0.9203623 0.3826873 0.0805211 0.790333 0.6087633 0.06914502 0.7903354 0.6087601 0.06914556 0.606441 0.7933564 0.05305683 0.6064386 0.7933582 0.05305641 0.3812392 0.9238746 0.03335404 0.3812389 0.9238746 0.03335398 0.1300247 0.9914455 0.01137566 0.1300248 0.9914455 0.01137566 -0.1300248 0.9914455 -0.01137566 -0.1300255 0.9914454 -0.01137578 -0.3812392 0.9238746 -0.03335416 -0.3812392 0.9238745 -0.03335416 -0.606441 0.7933564 -0.05305683 -0.6064386 0.7933582 -0.05305641 -0.790333 0.6087633 -0.06914502 -0.7903354 0.6087601 -0.06914556 -0.920364 0.382683 -0.08052164 -0.9203623 0.3826873 -0.0805211 -0.987672 -0.1305276 -0.08641028 -0.9876725 -0.1305236 -0.08640998 -0.987672 0.1305276 -0.08640992 -0.9876725 0.1305236 -0.08641034 -0.9203637 0.3826838 -0.08052152 -0.9203623 0.3826873 -0.0805211 -0.790333 0.6087633 -0.06914502 -0.7903354 0.6087601 -0.06914556 -0.606441 0.7933564 -0.05305683 -0.6064386 0.7933582 -0.05305641 -0.3812392 0.9238746 -0.03335404 -0.3812392 0.9238745 -0.03335404 -0.1300248 0.9914455 -0.01137566 -0.1300255 0.9914454 -0.01137578 0.1300248 0.9914455 0.01137572 0.1300248 0.9914455 0.01137572 0.3812389 0.9238747 0.03335416 0.3812389 0.9238747 0.03335416 0.606441 0.7933564 0.05305683 0.6064386 0.7933582 0.05305641 0.790333 0.6087633 0.06914502 0.7903354 0.6087601 0.06914556 0.920364 0.382683 0.08052164 0.9203623 0.3826873 0.0805211 0.987672 0.1305276 0.08640992 0.9876726 0.1305227 0.0864104 0.987672 -0.1305276 0.08641034 0.9876726 -0.1305227 0.08641004 0.920364 -0.382683 0.08052128 0.9203623 -0.3826873 0.08052146 0.790333 -0.6087633 0.06914538 0.7903354 -0.6087601 0.06914526 0.606441 -0.7933563 0.05305659 0.6064386 -0.7933582 0.05305665 0.3812389 -0.9238747 0.03335416 0.3812389 -0.9238747 0.03335416 0.1300248 -0.9914455 0.01137572 0.1300248 -0.9914455 0.01137572 -0.1300248 -0.9914455 -0.01137572 -0.1300255 -0.9914454 -0.01137572 -0.3812392 -0.9238746 -0.03335404 -0.3812392 -0.9238745 -0.03335404 -0.606441 -0.7933563 -0.05305659 -0.6064386 -0.7933582 -0.05305665 -0.790333 -0.6087633 -0.06914538 -0.7903354 -0.6087601 -0.06914526 -0.9203637 -0.3826838 -0.08052128 -0.9203623 -0.3826873 -0.0805214 0.3245283 -0.4330126 -0.8409409 -0.1735694 -0.4330126 -0.884519 -0.422617 0 -0.9063084 -0.1735694 0.4330125 -0.884519 0.3245283 0.4330126 -0.8409409 0.5735758 0 -0.8191525 0.4981 -0.8660238 0.0435779 0.4981001 -0.8660238 0.04357796 -0.4980999 -0.866024 -0.0435779 -0.4981005 -0.8660236 -0.04357886 -0.9961946 0 -0.08715718 -0.9961946 0 -0.08715718 -0.4980999 0.8660239 -0.0435788 -0.4981006 0.8660235 -0.04357796 0.4981001 0.8660238 0.04357796 0.4981001 0.8660238 0.04357796 0.9961947 0 0.08715546 0.9961947 0 0.08715546 0.0871545 -2.60021e-7 -0.9961948 0.08715468 0 -0.9961948 0.0871548 0 -0.9961947 0.08715498 0 -0.9961948 0.08715587 -2.72737e-6 -0.9961947 0.08715623 2.04923e-6 -0.9961947 0.0871545 2.60021e-7 -0.9961948 0.0871576 -3.43236e-7 -0.9961946 0.08715373 2.28636e-6 -0.9961948 0.08715796 3.15877e-7 -0.9961945 0.08715963 2.22767e-6 -0.9961943 0.08715504 0 -0.9961947 0.08715504 0 -0.9961948 0.08715403 3.00836e-6 -0.9961948 0.08715367 -2.49518e-6 -0.996195 0.08715796 -3.15877e-7 -0.9961945 0.0871517 8.98471e-7 -0.9961951 0.08715635 -2.26158e-6 -0.9961946 0.08715635 2.26158e-6 -0.9961946 0.0871517 -8.98471e-7 -0.9961951 0.0871548 0 -0.9961947 0.08715468 0 -0.9961948 0.08715623 -2.04923e-6 -0.9961947 0.08715587 2.72821e-6 -0.9961947 0.08715373 -2.28636e-6 -0.9961948 0.0871576 3.39871e-7 -0.9961946 0.08715504 0 -0.9961947 0.08715963 -2.23104e-6 -0.9961943 0.08715367 2.49518e-6 -0.996195 0.08715403 -3.00836e-6 -0.9961948 0.9876723 0.1305252 0.0864101 0.9876722 0.1305248 0.08641058 0.9876722 -0.1305252 0.08641058 0.9876723 -0.1305248 0.08641016 0.9203638 -0.3826838 0.0805214 0.9203636 -0.3826842 0.08052182 0.7903326 -0.6087638 0.0691455 0.7903327 -0.6087635 0.06914514 0.6064472 -0.7933517 0.05305725 0.6064484 -0.7933508 0.05305594 0.3812286 -0.923879 0.03335225 0.3812288 -0.9238789 0.03335213 0.1300297 -0.9914448 0.01137572 0.1300293 -0.991445 0.01137608 -0.1300293 -0.991445 -0.01137608 -0.1300293 -0.9914449 -0.01137614 -0.3812286 -0.9238789 -0.03335332 -0.3812286 -0.9238789 -0.03335338 -0.6064469 -0.7933518 -0.05305749 -0.6064472 -0.7933516 -0.05305719 -0.7903341 -0.6087619 -0.06914526 -0.7903338 -0.6087622 -0.06914561 -0.9203626 -0.3826865 -0.08052176 -0.9203626 -0.3826865 -0.08052176 -0.9876722 -0.1305248 -0.08641058 -0.9876722 -0.1305248 -0.08641058 -0.9876722 0.1305248 -0.08641058 -0.9876722 0.1305248 -0.08641058 -0.9203626 0.3826865 -0.08052176 -0.9203626 0.3826864 -0.08052176 -0.7903341 0.6087618 -0.06914567 -0.7903339 0.6087621 -0.06914526 -0.6064469 0.7933518 -0.05305719 -0.6064472 0.7933517 -0.05305755 -0.3812286 0.9238789 -0.03335332 -0.3812286 0.9238789 -0.03335332 -0.1300293 0.9914449 -0.01137614 -0.1300293 0.991445 -0.01137608 0.1300297 0.9914449 0.01137608 0.1300294 0.9914449 0.01137572 0.3812286 0.923879 0.03335207 0.3812288 0.9238789 0.03335225 0.6064473 0.7933516 0.05305582 0.6064482 0.7933508 0.05305731 0.7903326 0.6087639 0.06914514 0.7903327 0.6087636 0.06914556 0.9203637 0.3826838 0.08052182 0.9203636 0.3826841 0.0805214 -0.08715695 -2.69047e-6 0.9961946 -0.08715629 2.56756e-6 0.9961947 -0.08715629 2.55881e-6 0.9961947 -0.08715695 -2.65813e-6 0.9961946 -0.08715695 0 0.9961946 -0.08715689 5.66657e-7 0.9961947 -0.08715689 1.90391e-6 0.9961946 -0.08715742 -2.34948e-6 0.9961946 -0.08715742 -1.3905e-5 0.9961946 -0.08715617 -4.39523e-6 0.9961947 -0.08715623 1.50196e-5 0.9961947 -0.08715587 1.74594e-5 0.9961947 -0.08715587 0 0.9961947 -0.08715695 -5.33037e-7 0.9961946 -0.08715689 0 0.9961947 -0.08715689 1.90391e-6 0.9961946 -0.08715742 -2.34948e-6 0.9961946 -0.08715742 6.03163e-6 0.9961946 -0.08715617 1.55135e-5 0.9961947 -0.08715623 -1.66769e-5 0.9961947 -0.08715587 -1.42327e-5 0.9961947 -0.08715587 0 0.9961947 -0.7317363 -0.0882107 0.6758556 -0.7317385 -0.08821511 0.6758527 -0.7317387 0.08821147 0.675853 -0.7317354 0.08821523 0.675856 -0.6862471 0.2586281 0.6798357 -0.6862503 0.2586259 0.6798331 -0.5983704 0.4114192 0.6875225 -0.5983726 0.4114184 0.687521 -0.4740946 0.536172 0.6983938 -0.4740884 0.5361722 0.6983979 -0.3218769 0.6243861 0.7117144 -0.3218895 0.6243892 0.7117059 -0.1521191 0.6700535 0.7265591 -0.1521186 0.6700532 0.7265594 0.02363735 0.6700536 0.7419364 0.02364099 0.6700499 0.7419396 0.1934061 0.6243873 0.7567923 0.1934086 0.6243827 0.7567954 0.3456161 0.53617 0.7701113 0.3456126 0.5361838 0.7701031 0.4698966 0.4114255 0.7809777 0.4698965 0.4114179 0.7809818 0.557776 0.2586251 0.7886691 0.5577783 0.2586331 0.7886648 0.603267 0.08822154 0.7926449 0.6032614 0.08821201 0.7926502 0.6032609 -0.08822035 0.7926496 0.6032689 -0.08821243 0.7926445 0.55778 -0.258628 0.7886654 0.557774 -0.2586315 0.7886684 0.4698945 -0.4114241 0.7809798 0.469896 -0.4114237 0.780979 0.3456179 -0.5361761 0.7701061 0.3456104 -0.5361763 0.7701094 0.1934114 -0.6243842 0.7567935 0.193409 -0.6243836 0.7567946 0.02362966 -0.6700495 0.7419403 0.02364224 -0.6700559 0.7419341 -0.1521127 -0.6700562 0.7265579 -0.1521185 -0.6700509 0.7265616 -0.3218842 -0.6243884 0.711709 -0.3218876 -0.6243834 0.7117119 -0.4740917 -0.5361725 0.6983955 -0.474092 -0.5361716 0.6983959 -0.5983701 -0.411419 0.6875228 -0.5983699 -0.4114227 0.6875208 -0.6862491 -0.2586305 0.6798326 -0.686248 -0.2586249 0.6798359 -0.8388214 -0.10388 0.5344041 -0.8388355 -0.1038868 0.5343805 -0.8388359 0.1038827 0.5343807 -0.8388222 0.1038848 0.5344019 -0.7852562 0.3045713 0.5390818 -0.7852793 0.3045747 0.539046 -0.6817936 0.4845065 0.5480975 -0.6817602 0.4844908 0.5481529 -0.535414 0.6313921 0.5609598 -0.5354349 0.6314107 0.5609189 -0.3561763 0.7353025 0.5766011 -0.3561764 0.7353025 0.5766009 -0.1562644 0.7890751 0.594089 -0.1562575 0.7890518 0.5941219 0.0507186 0.7890511 0.6122304 0.0507186 0.7890523 0.6122288 0.2506312 0.7352791 0.6297212 0.250635 0.7352953 0.6297006 0.4298855 0.6314079 0.6453856 0.4298865 0.6314098 0.6453831 0.5762419 0.484503 0.6581809 0.5762315 0.4844914 0.6581985 0.679714 0.3045604 0.667257 0.6797301 0.3045713 0.6672355 0.7332942 0.1038849 0.6719282 0.7332795 0.1038795 0.671945 0.7332793 -0.1038827 0.6719449 0.7332929 -0.1038811 0.6719303 0.679726 -0.3045648 0.6672427 0.6797063 -0.3045626 0.6672638 0.5762203 -0.4844912 0.6582085 0.5762538 -0.4845035 0.6581702 0.4298949 -0.6314183 0.6453691 0.4298719 -0.6314028 0.6453996 0.2506355 -0.7352799 0.6297184 0.2506241 -0.7352673 0.6297377 0.05071181 -0.789039 0.6122464 0.05071824 -0.7890511 0.6122304 -0.1562603 -0.7890516 0.5941215 -0.1562576 -0.7890625 0.5941078 -0.3561761 -0.7352893 0.576618 -0.3561761 -0.7352888 0.5766186 -0.5354228 -0.6314064 0.5609353 -0.5354209 -0.6313998 0.5609446 -0.6817716 -0.4844896 0.5481399 -0.681783 -0.484508 0.5481095 -0.7852721 -0.3045789 0.5390542 -0.7852542 -0.3045627 0.5390895 -0.9906445 0.1294314 0.04325652 -0.9906456 0.1294286 0.0432378 -0.9906453 -0.1294311 0.0432378 -0.9906449 -0.1294276 0.04325646 -0.9239037 -0.3794623 0.04909604 -0.9239031 -0.3794658 0.04907894 -0.7949661 -0.6036435 0.06036049 -0.7949684 -0.6036382 0.0603854 -0.6126237 -0.7866799 0.07633495 -0.6126229 -0.786681 0.07632964 -0.3893042 -0.9161068 0.09586727 -0.3893035 -0.9161075 0.09586358 -0.1402113 -0.9831063 0.1176551 -0.1402175 -0.9831024 0.1176804 0.117648 -0.9831025 0.1402439 0.1176557 -0.9831055 0.1402162 0.3667429 -0.9161078 0.1620071 0.3667415 -0.9161075 0.1620117 0.5900627 -0.7866808 0.1815475 0.5900626 -0.7866807 0.1815478 0.7724041 -0.6036428 0.1975026 0.7724111 -0.6036415 0.1974797 0.9013478 -0.3794632 0.2087578 0.9013418 -0.3794656 0.2087795 0.9680842 -0.1294299 0.214618 0.9680872 -0.129428 0.2146056 0.9680869 0.1294308 0.2146055 0.9680844 0.1294284 0.214618 0.9013438 0.3794603 0.2087798 0.9013487 0.3794673 0.2087469 0.772412 0.603646 0.1974622 0.7724084 0.6036372 0.1975029 0.5900657 0.7866783 0.1815483 0.5900657 0.7866784 0.1815475 0.3667338 0.9161107 0.1620108 0.3667337 0.9161115 0.1620065 0.1176606 0.9831049 0.1402168 0.1176605 0.983105 0.1402163 -0.1402208 0.9831054 0.1176515 -0.1402205 0.9831051 0.1176545 -0.3892956 0.9161108 0.09586447 -0.3892952 0.9161106 0.09586799 -0.6126267 0.786678 0.07632911 -0.6126261 0.7866781 0.07633471 -0.7949657 0.6036415 0.06038576 -0.7949708 0.6036391 0.0603426 -0.9239053 0.3794619 0.04906767 -0.9239025 0.379465 0.04909604 -0.9467297 0.1207426 0.2985367 -0.9467356 0.1207404 0.2985188 -0.884472 0.3539921 0.3039719 -0.8844711 0.3539922 0.3039745 -0.7641864 0.5631234 0.3145016 -0.7642077 0.5631299 0.3144382 -0.5941049 0.7338861 0.3293185 -0.5940911 0.7338764 0.329365 -0.3857514 0.8546199 0.3475927 -0.3857501 0.8546181 0.3475984 -0.1533932 0.9171152 0.367927 -0.1533958 0.917122 0.367909 0.08717775 0.9171227 0.3889552 0.08717817 0.9171178 0.3889663 0.3195328 0.8546215 0.4092931 0.3195337 0.854627 0.4092809 0.5278796 0.7338811 0.4275063 0.5278789 0.7338795 0.42751 0.6979793 0.5631251 0.4423969 0.6979753 0.5631201 0.4424095 0.8182566 0.3539955 0.4529276 0.8182576 0.3539963 0.452925 0.8805236 0.1207413 0.4583663 0.8805244 0.1207417 0.4583647 0.8805245 -0.1207414 0.4583647 0.8805253 -0.1207411 0.4583632 0.8182622 -0.3539974 0.4529159 0.8182608 -0.3539974 0.4529183 0.6979819 -0.5631236 0.4423948 0.6979727 -0.5631217 0.4424118 0.5278662 -0.7338778 0.4275285 0.5278773 -0.7338828 0.4275063 0.3195396 -0.8546245 0.4092817 0.3195443 -0.854628 0.4092707 0.08717966 -0.9171283 0.3889415 0.08717519 -0.9171229 0.3889551 -0.1533926 -0.9171223 0.3679094 -0.1533911 -0.9171254 0.3679023 -0.3857565 -0.8546251 0.3475744 -0.3857583 -0.8546169 0.3475925 -0.5940919 -0.7338758 0.3293648 -0.5940923 -0.733887 0.329339 -0.7641989 -0.5631327 0.3144546 -0.764195 -0.5631205 0.3144859 -0.884474 -0.3539932 0.3039646 -0.8844746 -0.353994 0.303962 -0.9467362 -0.1207437 0.2985156 -0.9467301 -0.1207389 0.2985368 0.6400204 0.09268927 0.7627468 0.6400212 0.09269493 0.7627454 0.6400214 -0.09268927 0.7627459 0.6400194 -0.09269428 0.7627469 0.5922215 -0.2717593 0.7585649 0.5922247 -0.2717549 0.7585638 0.499885 -0.4323037 0.7504855 0.4998801 -0.4323076 0.7504865 0.3692963 -0.56339 0.7390615 0.3692986 -0.563389 0.7390612 0.2093608 -0.6560821 0.7250685 0.2093628 -0.6560818 0.7250683 0.03097641 -0.7040631 0.7094615 0.03097671 -0.7040631 0.7094615 -0.153705 -0.7040629 0.6933038 -0.1537067 -0.7040623 0.6933041 -0.3320859 -0.6560829 0.6776977 -0.3320848 -0.6560837 0.6776975 -0.4920212 -0.5633921 0.6637052 -0.4920238 -0.5633889 0.663706 -0.6226108 -0.4323025 0.6522809 -0.622611 -0.4323019 0.6522811 -0.7149481 -0.271758 0.6442025 -0.7149469 -0.2717643 0.644201 -0.7627469 -0.09269303 0.6400197 -0.7627468 -0.09269142 0.6400201 -0.7627467 0.09269309 0.64002 -0.7627471 0.09269189 0.6400197 -0.7149491 0.2717577 0.6442016 -0.714945 0.2717635 0.6442036 -0.6226095 0.432303 0.6522818 -0.6226125 0.4323005 0.6522806 -0.4920196 0.5633925 0.663706 -0.4920246 0.5633902 0.6637042 -0.3320877 0.6560828 0.6776968 -0.3320816 0.6560838 0.677699 -0.153705 0.704062 0.6933047 -0.15371 0.7040626 0.693303 0.03097653 0.7040631 0.7094615 0.03097981 0.7040618 0.7094627 0.2093625 0.6560813 0.7250687 0.20936 0.6560831 0.7250677 0.3692955 0.5633916 0.7390607 0.3692981 0.5633884 0.7390619 0.4998832 0.432304 0.7504865 0.4998822 0.4323065 0.7504857 0.5922222 0.2717588 0.7585644 0.5922229 0.2717542 0.7585656 -0.9876717 0.1305298 -0.08640992 -0.9876723 0.1305249 -0.08641034 -0.9876717 -0.1305291 -0.08641034 -0.9876723 -0.1305242 -0.08640998 -0.9203648 -0.3826813 -0.08052134 -0.920363 -0.3826856 -0.08052152 -0.790333 -0.6087633 -0.06914538 -0.7903354 -0.6087601 -0.06914526 -0.6064442 -0.7933539 -0.05305689 -0.6064418 -0.7933558 -0.05305689 -0.3812307 -0.9238781 -0.03335344 -0.3812307 -0.9238781 -0.03335344 -0.1300248 -0.9914455 -0.01137572 -0.1300255 -0.9914454 -0.01137572 0.1300247 -0.9914455 0.01137566 0.1300248 -0.9914455 0.01137566 0.3812307 -0.9238781 0.03335326 0.3812304 -0.9238782 0.03335326 0.6064442 -0.7933539 0.05305689 0.6064418 -0.7933558 0.05305689 0.790333 -0.6087633 0.06914538 0.7903354 -0.6087601 0.06914526 0.9203648 -0.3826813 0.08052134 0.920363 -0.3826856 0.08052152 0.9876717 -0.1305291 0.08641034 0.9876725 -0.1305234 0.08640992 0.9876717 0.1305298 0.08640986 0.9876724 0.130524 0.0864104 0.9203655 0.3826795 0.08052176 0.9203637 0.3826838 0.08052128 0.790333 0.6087633 0.06914502 0.7903354 0.6087601 0.06914556 0.6064472 0.7933515 0.05305737 0.6064449 0.7933533 0.05305695 0.3812222 0.9238816 0.03335255 0.381222 0.9238817 0.03335249 0.1300345 0.9914442 0.0113765 0.1300346 0.9914442 0.0113765 -0.1300346 0.9914442 -0.0113765 -0.1300352 0.9914441 -0.01137661 -0.3812222 0.9238816 -0.03335267 -0.3812223 0.9238816 -0.03335267 -0.6064472 0.7933515 -0.05305737 -0.6064449 0.7933533 -0.05305695 -0.790333 0.6087633 -0.06914502 -0.7903354 0.6087601 -0.06914556 -0.9203655 0.3826795 -0.08052176 -0.9203637 0.3826838 -0.08052128 -0.9876719 -0.1305282 -0.08641028 -0.9876723 -0.1305242 -0.08640998 -0.9876717 0.1305289 -0.08640992 -0.9876723 0.1305249 -0.08641028 -0.9203652 0.3826802 -0.0805217 -0.9203637 0.3826838 -0.08052128 -0.790333 0.6087633 -0.06914502 -0.7903354 0.6087601 -0.06914556 -0.6064472 0.7933515 -0.05305737 -0.6064449 0.7933533 -0.05305695 -0.3812222 0.9238816 -0.03335255 -0.3812223 0.9238816 -0.03335255 -0.1300346 0.9914442 -0.0113765 -0.1300352 0.9914441 -0.01137661 0.1300346 0.9914442 0.01137655 0.1300346 0.9914442 0.01137655 0.3812219 0.9238818 0.03335267 0.3812219 0.9238817 0.03335267 0.6064472 0.7933515 0.05305737 0.6064449 0.7933533 0.05305695 0.790333 0.6087633 0.06914502 0.7903354 0.6087601 0.06914556 0.9203655 0.3826795 0.08052176 0.9203637 0.3826838 0.08052128 0.9876717 0.1305289 0.08640992 0.9876724 0.130524 0.0864104 0.9876719 -0.1305282 0.08641034 0.9876725 -0.1305234 0.08640998 0.9203648 -0.3826813 0.08052134 0.920363 -0.3826856 0.08052152 0.790333 -0.6087633 0.06914538 0.7903354 -0.6087601 0.06914526 0.6064442 -0.7933539 0.05305689 0.6064418 -0.7933558 0.05305689 0.3812304 -0.9238783 0.03335338 0.3812304 -0.9238782 0.03335338 0.1300248 -0.9914455 0.01137572 0.1300248 -0.9914455 0.01137572 -0.1300248 -0.9914455 -0.01137572 -0.1300255 -0.9914454 -0.01137572 -0.3812307 -0.9238781 -0.03335326 -0.3812307 -0.9238781 -0.03335326 -0.6064442 -0.7933539 -0.05305689 -0.6064418 -0.7933558 -0.05305689 -0.790333 -0.6087633 -0.06914538 -0.7903354 -0.6087601 -0.06914526 -0.9203644 -0.382682 -0.08052134 -0.920363 -0.3826855 -0.08052146 0.3245267 -0.4330127 -0.8409414 -0.1735678 -0.4330127 -0.8845192 -0.422617 0 -0.9063084 -0.1735678 0.4330127 -0.8845192 0.3245268 0.4330127 -0.8409414 0.5735757 0 -0.8191525 0.4980975 -0.8660252 0.04357767 0.4980976 -0.8660253 0.04357773 -0.4980974 -0.8660253 -0.04357767 -0.4980981 -0.8660249 -0.04357862 -0.9961946 0 -0.08715718 -0.9961946 0 -0.08715718 -0.4980974 0.8660254 -0.04357856 -0.4980981 0.8660249 -0.04357779 0.4980975 0.8660252 0.04357773 0.4980976 0.8660253 0.04357773 0.9961947 0 0.08715546 0.9961947 0 0.08715546 0.0871545 -2.60022e-7 -0.9961948 0.08715468 0 -0.9961948 0.0871548 0 -0.9961948 0.08715498 0 -0.9961948 0.08715587 -2.72739e-6 -0.9961946 0.08715623 2.04922e-6 -0.9961946 0.0871545 2.60022e-7 -0.9961948 0.0871576 -3.43237e-7 -0.9961945 0.08715373 2.28636e-6 -0.9961948 0.08715796 3.15878e-7 -0.9961945 0.08715963 2.22768e-6 -0.9961944 0.08715504 0 -0.9961948 0.08715504 0 -0.9961947 0.08715403 3.00838e-6 -0.9961948 0.08715367 -2.49517e-6 -0.996195 0.08715796 -3.15879e-7 -0.9961946 0.0871517 8.98476e-7 -0.996195 0.08715635 -2.26158e-6 -0.9961946 0.08715635 2.26158e-6 -0.9961946 0.0871517 -8.98474e-7 -0.996195 0.0871548 0 -0.9961948 0.08715468 0 -0.9961948 0.08715623 -2.04922e-6 -0.9961947 0.08715587 2.72823e-6 -0.9961946 0.08715379 -2.28636e-6 -0.9961949 0.0871576 3.39872e-7 -0.9961945 0.08715504 0 -0.9961948 0.08715963 -2.23104e-6 -0.9961944 0.08715361 2.49517e-6 -0.9961948 0.08715403 -3.00838e-6 -0.9961948 0.9876721 0.130526 0.0864101 0.9876722 0.1305255 0.08641058 0.9876721 -0.130526 0.08641058 0.9876722 -0.1305255 0.0864101 0.9203642 -0.3826828 0.0805214 0.9203639 -0.3826832 0.08052188 0.7903336 -0.6087625 0.06914561 0.7903338 -0.6087622 0.06914526 0.6064454 -0.793353 0.05305707 0.6064466 -0.7933521 0.05305576 0.3812263 -0.92388 0.03335207 0.3812265 -0.9238799 0.03335189 0.1300297 -0.9914448 0.01137572 0.1300293 -0.991445 0.01137608 -0.1300293 -0.991445 -0.01137608 -0.1300293 -0.9914449 -0.01137614 -0.3812263 -0.9238799 -0.03335314 -0.3812263 -0.9238799 -0.03335314 -0.6064451 -0.7933531 -0.05305737 -0.6064454 -0.7933529 -0.05305707 -0.7903351 -0.6087605 -0.06914538 -0.7903348 -0.6087608 -0.06914573 -0.920363 -0.3826856 -0.08052176 -0.920363 -0.3826856 -0.08052176 -0.9876722 -0.1305255 -0.08641058 -0.9876722 -0.1305255 -0.08641058 -0.9876722 0.1305255 -0.08641058 -0.9876722 0.1305255 -0.08641058 -0.9203634 0.3826845 -0.08052182 -0.9203634 0.3826845 -0.08052182 -0.7903341 0.6087618 -0.06914567 -0.7903339 0.6087621 -0.06914526 -0.6064435 0.7933544 -0.05305689 -0.6064437 0.7933543 -0.05305725 -0.3812286 0.9238789 -0.03335332 -0.3812286 0.9238789 -0.03335332 -0.1300293 0.9914449 -0.01137614 -0.1300293 0.991445 -0.01137608 0.1300297 0.9914449 0.01137608 0.1300294 0.9914449 0.01137572 0.3812286 0.923879 0.03335207 0.3812288 0.9238789 0.03335225 0.6064438 0.7933543 0.05305552 0.6064448 0.7933534 0.05305707 0.7903326 0.6087639 0.06914514 0.7903327 0.6087636 0.06914556 0.9203646 0.3826818 0.08052188 0.9203644 0.3826822 0.08052146 -0.08715695 -2.6905e-6 0.9961946 -0.08715629 2.56759e-6 0.9961947 -0.08715623 2.55883e-6 0.9961946 -0.08715695 -2.65815e-6 0.9961946 -0.08715695 0 0.9961946 -0.08715689 5.6665e-7 0.9961946 -0.08715689 1.90391e-6 0.9961946 -0.08715742 -2.34948e-6 0.9961946 -0.08715742 -1.39051e-5 0.9961946 -0.08715617 -4.39527e-6 0.9961947 -0.08715623 1.50196e-5 0.9961947 -0.08715587 1.74594e-5 0.9961947 -0.08715587 0 0.9961947 -0.08715695 -5.3303e-7 0.9961946 -0.08715689 0 0.9961946 -0.08715689 1.90389e-6 0.9961947 -0.08715742 -2.34944e-6 0.9961946 -0.08715742 6.03175e-6 0.9961946 -0.08715623 1.55138e-5 0.9961947 -0.08715623 -1.66769e-5 0.9961947 -0.08715587 -1.42327e-5 0.9961947 -0.08715587 0 0.9961947 0.6700507 -0.08821356 -0.7370553 0.6700507 -0.0882135 -0.7370553 0.6700506 0.08821356 -0.7370553 0.6700507 0.0882135 -0.7370552 0.624388 0.2586299 -0.7370552 0.6243863 0.2586309 -0.7370562 0.5361727 0.4114204 -0.7370564 0.5361739 0.41142 -0.7370558 0.411421 0.5361729 -0.7370559 0.411418 0.5361729 -0.7370575 0.2586292 0.6243852 -0.7370578 0.2586337 0.6243861 -0.7370553 0.08820986 0.6700511 -0.7370553 0.08820921 0.6700508 -0.7370557 -0.08820986 0.6700507 -0.7370556 -0.08820927 0.6700512 -0.7370553 -0.2586301 0.6243875 -0.7370555 -0.2586326 0.6243835 -0.7370581 -0.4114201 0.5361717 -0.7370574 -0.4114192 0.5361744 -0.7370558 -0.5361732 0.4114208 -0.7370558 -0.5361732 0.4114195 -0.7370565 -0.624387 0.2586296 -0.737056 -0.6243875 0.2586314 -0.737055 -0.6700507 0.08821356 -0.7370553 -0.6700507 0.0882135 -0.7370553 -0.6700506 -0.08821356 -0.7370553 -0.6700507 -0.0882135 -0.7370552 -0.624388 -0.2586299 -0.7370552 -0.6243863 -0.2586309 -0.7370562 -0.5361727 -0.4114204 -0.7370564 -0.5361739 -0.41142 -0.7370558 -0.411421 -0.5361729 -0.7370559 -0.411418 -0.5361729 -0.7370575 -0.2586292 -0.6243852 -0.7370578 -0.2586337 -0.6243861 -0.7370553 -0.08820986 -0.6700511 -0.7370553 -0.08820921 -0.6700508 -0.7370557 0.08820986 -0.6700507 -0.7370556 0.08820927 -0.6700512 -0.7370553 0.2586301 -0.6243875 -0.7370555 0.2586326 -0.6243835 -0.7370581 0.4114201 -0.5361717 -0.7370574 0.4114192 -0.5361744 -0.7370558 0.5361732 -0.4114208 -0.7370558 0.5361732 -0.4114195 -0.7370565 0.624387 -0.2586296 -0.737056 0.6243875 -0.2586314 -0.737055 0.7890664 -0.1038825 -0.6054606 0.7890673 -0.1038829 -0.6054595 0.7890673 0.1038826 -0.6054594 0.7890664 0.1038828 -0.6054607 0.7352918 0.3045684 -0.605462 0.7352966 0.304569 -0.6054558 0.6314151 0.4845008 -0.6054534 0.6314125 0.4844998 -0.6054571 0.4844989 0.6314144 -0.6054557 0.4845012 0.6314161 -0.6054522 0.3045732 0.7352988 -0.6054509 0.3045688 0.7352932 -0.6054601 0.10388 0.7890674 -0.6054598 0.1038869 0.7890833 -0.6054379 -0.1038821 0.7890837 -0.6054382 -0.1038846 0.7890666 -0.6054601 -0.3045706 0.7352925 -0.6054599 -0.3045714 0.7352997 -0.6054508 -0.4845006 0.6314166 -0.6054521 -0.4844995 0.6314139 -0.6054558 -0.6314131 0.4844992 -0.6054568 -0.6314148 0.4845015 -0.6054534 -0.735296 0.3045701 -0.6054558 -0.7352922 0.3045672 -0.605462 -0.7890664 0.1038825 -0.6054606 -0.7890673 0.1038829 -0.6054595 -0.7890673 -0.1038826 -0.6054594 -0.7890664 -0.1038828 -0.6054607 -0.7352918 -0.3045684 -0.605462 -0.7352966 -0.304569 -0.6054558 -0.6314151 -0.4845008 -0.6054534 -0.6314125 -0.4844998 -0.6054571 -0.4844989 -0.6314144 -0.6054557 -0.4845012 -0.6314161 -0.6054522 -0.3045732 -0.7352988 -0.6054509 -0.3045688 -0.7352932 -0.6054601 -0.10388 -0.7890674 -0.6054598 -0.1038869 -0.7890833 -0.6054379 0.1038821 -0.7890837 -0.6054382 0.1038846 -0.7890666 -0.6054601 0.3045706 -0.7352925 -0.6054599 0.3045714 -0.7352997 -0.6054508 0.4845006 -0.6314166 -0.6054521 0.4844995 -0.6314139 -0.6054558 0.6314131 -0.4844992 -0.6054568 0.6314148 -0.4845015 -0.6054534 0.735296 -0.3045701 -0.6054558 0.7352922 -0.3045672 -0.605462 0.983106 0.129428 -0.1294257 0.9831058 0.1294281 -0.1294267 0.9831058 -0.1294279 -0.1294267 0.983106 -0.1294282 -0.1294257 0.916109 -0.3794648 -0.1294242 0.9161091 -0.3794648 -0.1294244 0.7866804 -0.6036421 -0.1294229 0.7866805 -0.6036393 -0.1294353 0.6036411 -0.7866784 -0.1294382 0.6036396 -0.7866842 -0.1294115 0.3794659 -0.9161107 -0.129409 0.3794646 -0.916113 -0.129397 0.1294231 -0.9831107 -0.1293947 0.1294327 -0.9831016 -0.1294546 -0.129422 -0.9831029 -0.1294547 -0.1294338 -0.9831093 -0.1293948 -0.3794666 -0.9161122 -0.129397 -0.379464 -0.9161115 -0.129409 -0.6036433 -0.7866813 -0.1294115 -0.6036374 -0.7866814 -0.1294382 -0.786679 -0.603641 -0.1294354 -0.7866818 -0.6036403 -0.1294229 -0.9161091 -0.3794648 -0.1294243 -0.9161092 -0.3794648 -0.1294241 -0.983106 -0.129428 -0.1294257 -0.9831058 -0.1294281 -0.1294267 -0.9831058 0.1294279 -0.1294267 -0.983106 0.1294282 -0.1294257 -0.916109 0.3794648 -0.1294242 -0.9161091 0.3794648 -0.1294244 -0.7866804 0.6036421 -0.1294229 -0.7866805 0.6036393 -0.1294353 -0.6036411 0.7866784 -0.1294382 -0.6036396 0.7866842 -0.1294115 -0.3794659 0.9161107 -0.129409 -0.3794646 0.916113 -0.129397 -0.1294231 0.9831107 -0.1293947 -0.1294327 0.9831016 -0.1294546 0.129422 0.9831029 -0.1294547 0.1294338 0.9831093 -0.1293948 0.3794666 0.9161122 -0.129397 0.379464 0.9161115 -0.129409 0.6036433 0.7866813 -0.1294115 0.6036374 0.7866814 -0.1294382 0.786679 0.603641 -0.1294354 0.7866818 0.6036403 -0.1294229 0.9161091 0.3794648 -0.1294243 0.9161092 0.3794648 -0.1294241 0.9171172 0.120741 -0.3798915 0.9171182 0.1207407 -0.3798893 0.8546195 0.353994 -0.3798865 0.8546175 0.3539941 -0.379891 0.7338766 0.5631232 -0.3798914 0.7338796 0.5631239 -0.3798845 0.5631244 0.7338802 -0.3798827 0.5631201 0.7338778 -0.3798936 0.3539941 0.8546163 -0.3798937 0.3539906 0.8546132 -0.379904 0.1207424 0.9171114 -0.3799052 0.1207453 0.9171159 -0.3798935 -0.120743 0.9171161 -0.3798936 -0.1207446 0.917111 -0.3799052 -0.3539925 0.8546124 -0.3799039 -0.3539922 0.8546171 -0.3798936 -0.5631217 0.7338767 -0.3798934 -0.5631228 0.7338814 -0.3798826 -0.7338787 0.5631249 -0.3798847 -0.7338774 0.5631222 -0.3798913 -0.8546178 0.3539933 -0.3798909 -0.8546192 0.3539948 -0.3798865 -0.9171182 0.1207411 -0.3798893 -0.9171174 0.1207406 -0.3798915 -0.9171172 -0.120741 -0.3798915 -0.9171182 -0.1207407 -0.3798893 -0.8546195 -0.353994 -0.3798865 -0.8546175 -0.3539941 -0.379891 -0.7338766 -0.5631232 -0.3798914 -0.7338796 -0.5631239 -0.3798845 -0.5631244 -0.7338802 -0.3798827 -0.5631201 -0.7338778 -0.3798936 -0.3539941 -0.8546163 -0.3798937 -0.3539906 -0.8546132 -0.379904 -0.1207424 -0.9171114 -0.3799052 -0.1207453 -0.9171159 -0.3798935 0.120743 -0.9171161 -0.3798936 0.1207446 -0.917111 -0.3799052 0.3539925 -0.8546124 -0.3799039 0.3539922 -0.8546171 -0.3798936 0.5631217 -0.7338767 -0.3798934 0.5631228 -0.7338814 -0.3798826 0.7338787 -0.5631249 -0.3798847 0.7338774 -0.5631222 -0.3798913 0.8546178 -0.3539933 -0.3798909 0.8546192 -0.3539948 -0.3798865 0.9171182 -0.1207411 -0.3798893 0.9171174 -0.1207406 -0.3798915 -0.7045147 -0.08554369 -0.704515 -0.7045147 0.08554369 -0.704515 -0.702257 0.09245383 -0.7058947 -0.6643953 0.2519719 -0.7036256 -0.6529994 0.2704817 -0.7074118 -0.5853829 0.4040608 -0.7028952 -0.5597838 0.4295362 -0.7086189 -0.4720481 0.5328321 -0.702325 -0.4289832 0.5590645 -0.7095211 -0.3310039 0.6306731 -0.7019172 -0.2694417 0.6504843 -0.7101207 -0.1705105 0.691797 -0.7016717 -0.09185916 0.6977578 -0.7104196 0 0.712581 -0.7015898 0.09185916 0.6977578 -0.7104196 0.1705105 0.691797 -0.7016717 0.2694417 0.6504843 -0.7101207 0.3310039 0.6306731 -0.7019172 0.4289832 0.5590645 -0.7095211 0.4720481 0.5328321 -0.7023251 0.5597838 0.4295362 -0.7086189 0.5853829 0.4040608 -0.7028952 0.6529994 0.2704817 -0.7074118 0.6643953 0.2519719 -0.7036257 0.702257 0.09245383 -0.7058947 0.7045147 0.08554369 -0.704515 0.7045147 -0.08554369 -0.704515 0.702257 -0.09245383 -0.7058947 0.6643953 -0.2519719 -0.7036256 0.6529994 -0.2704817 -0.7074118 0.5853829 -0.4040608 -0.7028952 0.5597838 -0.4295362 -0.7086189 0.4720481 -0.5328321 -0.702325 0.4289832 -0.5590645 -0.7095211 0.3310039 -0.6306731 -0.7019172 0.2694417 -0.6504843 -0.7101207 0.1705105 -0.691797 -0.7016717 0.09185916 -0.6977578 -0.7104196 0 -0.712581 -0.7015898 -0.09185916 -0.6977578 -0.7104196 -0.1705105 -0.691797 -0.7016717 -0.2694417 -0.6504843 -0.7101207 -0.3310039 -0.6306731 -0.7019172 -0.4289832 -0.5590645 -0.7095211 -0.4720481 -0.5328321 -0.7023251 -0.5597838 -0.4295362 -0.7086189 -0.5853829 -0.4040608 -0.7028952 -0.6529994 -0.2704817 -0.7074118 -0.6643953 -0.2519719 -0.7036257 -0.702257 -0.09245383 -0.7058947 0.9914449 0.1305258 0 0.9914449 0.1305258 0 0.9914449 -0.1305258 0 0.9914449 -0.1305258 0 0.9238795 -0.3826834 0 0.9238795 -0.3826834 0 0.7933529 -0.608762 0 0.7933529 -0.608762 0 0.6087624 -0.7933526 0 0.6087624 -0.7933526 0 0.3826839 -0.9238794 0 0.3826839 -0.9238794 0 0.1305204 -0.9914457 0 0.1305204 -0.9914457 0 -0.1305204 -0.9914457 0 -0.1305204 -0.9914457 0 -0.3826839 -0.9238794 0 -0.3826839 -0.9238794 0 -0.6087624 -0.7933526 0 -0.6087624 -0.7933526 0 -0.7933529 -0.608762 0 -0.7933529 -0.608762 0 -0.9238795 -0.3826834 0 -0.9238795 -0.3826834 0 -0.9914449 -0.1305258 0 -0.9914449 -0.1305258 0 -0.9914449 0.1305258 0 -0.9914449 0.1305258 0 -0.9238795 0.3826834 0 -0.9238795 0.3826834 0 -0.7933529 0.608762 0 -0.7933529 0.608762 0 -0.6087624 0.7933526 0 -0.6087624 0.7933526 0 -0.3826839 0.9238794 0 -0.3826839 0.9238794 0 -0.1305204 0.9914457 0 -0.1305204 0.9914457 0 0.1305204 0.9914457 0 0.1305204 0.9914457 0 0.3826839 0.9238794 0 0.3826839 0.9238794 0 0.6087624 0.7933526 0 0.6087624 0.7933526 0 0.7933529 0.608762 0 0.7933529 0.608762 0 0.9238795 0.3826834 0 0.9238795 0.3826834 0 0.9914449 -0.1305258 0 0.9914449 -0.1305258 0 0.9914449 0.1305258 0 0.9914449 0.1305258 0 0.9238796 0.3826833 0 0.9238796 0.3826833 0 0.7933529 0.608762 0 0.7933529 0.608762 0 0.6087624 0.7933526 0 0.6087624 0.7933526 0 0.3826839 0.9238794 0 0.3826839 0.9238794 0 0.1305204 0.9914457 0 0.1305204 0.9914457 0 -0.1305204 0.9914457 0 -0.1305204 0.9914457 0 -0.3826839 0.9238794 0 -0.3826839 0.9238794 0 -0.6087624 0.7933526 0 -0.6087624 0.7933526 0 -0.7933529 0.608762 0 -0.7933529 0.608762 0 -0.9238796 0.3826833 0 -0.9238796 0.3826833 0 -0.9914449 0.1305258 0 -0.9914449 0.1305258 0 -0.9914449 -0.1305258 0 -0.9914449 -0.1305258 0 -0.9238796 -0.3826833 0 -0.9238796 -0.3826833 0 -0.7933529 -0.608762 0 -0.7933529 -0.608762 0 -0.6087624 -0.7933526 0 -0.6087624 -0.7933526 0 -0.3826839 -0.9238794 0 -0.3826839 -0.9238794 0 -0.1305204 -0.9914457 0 -0.1305204 -0.9914457 0 0.1305204 -0.9914457 0 0.1305204 -0.9914457 0 0.3826839 -0.9238794 0 0.3826839 -0.9238794 0 0.6087624 -0.7933526 0 0.6087624 -0.7933526 0 0.7933529 -0.608762 0 0.7933529 -0.608762 0 0.9238796 -0.3826833 0 0.9238796 -0.3826833 0 -0.2499998 -0.4330127 0.8660254 0.2499998 -0.4330127 0.8660254 0.4999997 0 0.8660255 0.2499998 0.4330127 0.8660254 -0.2499998 0.4330127 0.8660254 -0.4999997 0 0.8660255 -0.4999997 -0.8660256 0 -0.4999997 -0.8660256 0 0.4999997 -0.8660256 0 0.4999997 -0.8660256 0 1 0 0 1 0 0 0.4999997 0.8660256 0 0.4999997 0.8660256 0 -0.4999997 0.8660256 0 -0.4999997 0.8660256 0 -1 0 0 -1 0 0 0 0 1 0 0 1 0 0 1 0 0 1 0 0 1 0 0 1 0 0 1 0 0 1 0 0 1 0 0 1 0 0 1 0 0 1 0 0 1 0 0 1 0 0 1 0 0 1 0 0 1 0 0 1 0 0 1 0 0 1 0 0 1 0 0 1 0 0 1 0 0 1 0 0 1 0 0 1 0 0 1 0 0 1 0 0 1 0 0 1 0 0 1 0 0 1 -0.9927089 0.1205369 0 -0.9927089 0.1205369 0 -0.9927089 -0.1205369 0 -0.9927089 -0.1205369 0 -0.9350163 -0.3546048 0 -0.9350163 -0.3546048 0 -0.8229838 -0.5680649 0 -0.8229838 -0.5680649 0 -0.6631227 -0.7485107 0 -0.6631227 -0.7485107 0 -0.4647245 -0.8854554 0 -0.4647245 -0.8854554 0 -0.2393128 -0.9709426 0 -0.2393128 -0.9709426 0 0 -1 0 0 -1 0 0.2393128 -0.9709426 0 0.2393128 -0.9709426 0 0.4647245 -0.8854554 0 0.4647245 -0.8854554 0 0.6631227 -0.7485107 0 0.6631227 -0.7485107 0 0.8229838 -0.5680649 0 0.8229838 -0.5680649 0 0.9350163 -0.3546048 0 0.9350163 -0.3546048 0 0.9927089 -0.1205369 0 0.9927089 -0.1205369 0 0.9927089 0.1205369 0 0.9927089 0.1205369 0 0.9350163 0.3546048 0 0.9350163 0.3546048 0 0.8229838 0.5680649 0 0.8229838 0.5680649 0 0.6631227 0.7485107 0 0.6631227 0.7485107 0 0.4647245 0.8854554 0 0.4647245 0.8854554 0 0.2393128 0.9709426 0 0.2393128 0.9709426 0 0 1 0 0 1 0 -0.2393128 0.9709426 0 -0.2393128 0.9709426 0 -0.4647245 0.8854554 0 -0.4647245 0.8854554 0 -0.6631227 0.7485107 0 -0.6631227 0.7485107 0 -0.8229838 0.5680649 0 -0.8229838 0.5680649 0 -0.9350163 0.3546048 0 -0.9350163 0.3546048 0 0 0 -1 0 0 -1 0 0 -1 0 0 -1 0 0 -1 0 0 -1 0 0 -1 0 0 -1 0 0 -1 0 0 -1 0 0 -1 0 0 -1 0 0 -1 0 0 -1 0 0 -1 0 0 -1 0 0 -1 0 0 -1 0 0 -1 0 0 -1 0 0 -1 0 0 -1</float_array>
          <technique_common>
            <accessor source="#soporte_v4_20x20__IMPRESIÓN_3D_-mesh-normals-array" count="4696" stride="3">
              <param name="X" type="float"/>
              <param name="Y" type="float"/>
              <param name="Z" type="float"/>
            </accessor>
          </technique_common>
        </source>
        <vertices id="soporte_v4_20x20__IMPRESIÓN_3D_-mesh-vertices">
          <input semantic="POSITION" source="#soporte_v4_20x20__IMPRESIÓN_3D_-mesh-positions"/>
        </vertices>
        <triangles material="Material_001-material" count="4696">
          <input semantic="VERTEX" source="#soporte_v4_20x20__IMPRESIÓN_3D_-mesh-vertices" offset="0"/>
          <input semantic="NORMAL" source="#soporte_v4_20x20__IMPRESIÓN_3D_-mesh-normals" offset="1"/>
          <p>0 0 1 0 2 0 2 1 1 1 3 1 2 2 3 2 4 2 4 3 3 3 5 3 4 4 5 4 6 4 6 5 5 5 7 5 6 6 7 6 8 6 8 7 7 7 9 7 8 8 9 8 10 8 8 9 10 9 11 9 11 10 10 10 12 10 11 11 12 11 13 11 13 12 12 12 14 12 13 13 14 13 15 13 13 14 15 14 16 14 16 15 15 15 17 15 16 16 17 16 18 16 18 17 17 17 19 17 18 18 19 18 20 18 20 19 19 19 21 19 20 20 21 20 22 20 20 21 22 21 23 21 23 22 22 22 24 22 23 23 24 23 25 23 25 24 24 24 26 24 25 25 26 25 27 25 27 26 26 26 28 26 27 27 28 27 29 27 27 28 29 28 30 28 30 29 29 29 31 29 30 30 31 30 32 30 32 31 31 31 33 31 32 32 33 32 34 32 32 33 34 33 35 33 35 34 34 34 36 34 35 35 36 35 37 35 37 36 36 36 38 36 37 37 38 37 39 37 39 38 38 38 40 38 39 39 40 39 41 39 39 40 41 40 42 40 42 41 41 41 43 41 42 42 43 42 44 42 44 43 43 43 45 43 44 44 45 44 46 44 46 45 45 45 47 45 46 46 47 46 48 46 46 47 48 47 49 47 49 48 48 48 50 48 49 49 50 49 51 49 51 50 50 50 52 50 51 51 52 51 53 51 51 52 53 52 54 52 54 53 53 53 55 53 54 54 55 54 56 54 56 55 55 55 0 55 56 56 0 56 2 56 57 57 58 57 59 57 59 58 58 58 60 58 59 59 60 59 61 59 61 60 60 60 62 60 62 61 60 61 63 61 63 62 60 62 64 62 63 63 64 63 65 63 65 64 64 64 66 64 65 65 66 65 67 65 67 66 66 66 68 66 67 67 68 67 69 67 69 68 68 68 70 68 69 69 70 69 71 69 71 70 70 70 72 70 71 71 72 71 73 71 73 72 72 72 74 72 73 73 74 73 75 73 75 74 74 74 76 74 75 75 76 75 77 75 77 76 76 76 78 76 77 77 78 77 79 77 79 78 78 78 80 78 79 79 80 79 81 79 81 80 80 80 82 80 82 81 80 81 83 81 83 82 80 82 84 82 83 83 84 83 85 83 85 84 84 84 86 84 85 85 86 85 87 85 87 86 86 86 88 86 87 87 88 87 89 87 89 88 88 88 90 88 89 89 90 89 91 89 91 90 90 90 92 90 91 91 92 91 93 91 93 92 92 92 94 92 93 93 94 93 95 93 95 94 94 94 96 94 95 95 96 95 57 95 57 96 96 96 58 96 64 97 60 97 58 97 64 98 58 98 96 98 66 99 64 99 96 99 66 100 96 100 94 100 68 101 66 101 94 101 68 102 94 102 92 102 70 103 68 103 92 103 70 104 92 104 90 104 72 105 70 105 90 105 72 106 90 106 88 106 74 107 72 107 88 107 74 108 88 108 86 108 76 109 74 109 86 109 76 110 86 110 84 110 78 111 76 111 84 111 78 112 84 112 80 112 97 113 98 113 99 113 99 114 98 114 100 114 99 115 100 115 101 115 101 116 100 116 102 116 102 117 100 117 103 117 103 118 100 118 104 118 103 119 104 119 105 119 105 120 104 120 106 120 105 121 106 121 107 121 107 122 106 122 108 122 107 123 108 123 109 123 109 124 108 124 110 124 109 125 110 125 111 125 111 126 110 126 112 126 111 127 112 127 113 127 113 128 112 128 114 128 113 129 114 129 115 129 115 130 114 130 116 130 115 131 116 131 117 131 117 132 116 132 118 132 117 133 118 133 119 133 119 134 118 134 120 134 119 135 120 135 121 135 121 136 120 136 122 136 122 137 120 137 123 137 123 138 120 138 124 138 123 139 124 139 125 139 125 140 124 140 126 140 125 141 126 141 127 141 127 142 126 142 128 142 127 143 128 143 129 143 129 144 128 144 130 144 129 145 130 145 131 145 131 146 130 146 132 146 131 147 132 147 133 147 133 148 132 148 134 148 133 149 134 149 135 149 135 150 134 150 136 150 135 151 136 151 97 151 97 152 136 152 98 152 104 153 100 153 98 153 104 154 98 154 136 154 106 155 104 155 136 155 106 156 136 156 134 156 108 157 106 157 134 157 108 158 134 158 132 158 110 159 108 159 132 159 110 160 132 160 130 160 112 161 110 161 130 161 112 162 130 162 128 162 114 163 112 163 128 163 114 164 128 164 126 164 116 165 114 165 126 165 116 166 126 166 124 166 118 167 116 167 124 167 118 168 124 168 120 168 81 169 82 169 137 169 137 170 82 170 138 170 138 171 82 171 139 171 139 172 82 172 140 172 140 173 82 173 141 173 141 174 82 174 142 174 142 175 82 175 83 175 142 176 83 176 85 176 85 177 87 177 142 177 142 178 87 178 89 178 142 179 89 179 91 179 91 180 93 180 142 180 142 181 93 181 95 181 142 182 95 182 57 182 57 183 59 183 142 183 142 184 59 184 143 184 142 185 143 185 144 185 145 186 146 186 59 186 59 187 146 187 147 187 59 188 147 188 148 188 148 189 143 189 59 189 144 190 149 190 142 190 142 191 149 191 150 191 150 192 149 192 151 192 150 193 151 193 152 193 152 194 153 194 150 194 150 195 153 195 154 195 150 196 154 196 155 196 155 197 156 197 150 197 150 198 156 198 157 198 150 199 157 199 158 199 150 200 158 200 159 200 159 201 158 201 160 201 159 202 160 202 161 202 161 203 162 203 159 203 159 204 162 204 163 204 164 205 165 205 159 205 159 206 165 206 166 206 159 207 166 207 150 207 150 208 166 208 167 208 150 209 167 209 168 209 169 210 170 210 166 210 166 211 170 211 171 211 166 212 171 212 172 212 172 213 173 213 166 213 166 214 173 214 174 214 166 215 174 215 175 215 175 216 174 216 176 216 175 217 176 217 177 217 177 218 178 218 175 218 175 219 178 219 179 219 175 220 179 220 180 220 180 221 181 221 175 221 175 222 181 222 182 222 182 223 181 223 183 223 182 224 183 224 184 224 184 225 185 225 182 225 182 226 185 226 121 226 182 227 121 227 122 227 185 228 186 228 121 228 121 229 186 229 187 229 121 230 187 230 188 230 188 231 189 231 121 231 122 232 123 232 182 232 182 233 123 233 125 233 182 234 125 234 127 234 127 235 129 235 182 235 182 236 129 236 131 236 182 237 131 237 133 237 133 238 135 238 182 238 182 239 135 239 97 239 182 240 97 240 190 240 190 241 97 241 191 241 191 242 97 242 192 242 192 243 97 243 193 243 193 244 97 244 194 244 194 245 97 245 99 245 195 246 196 246 175 246 175 247 196 247 197 247 175 248 197 248 166 248 166 249 197 249 167 249 195 250 198 250 196 250 196 251 198 251 199 251 196 252 199 252 200 252 200 253 201 253 196 253 196 254 201 254 202 254 196 255 202 255 203 255 203 256 202 256 204 256 197 257 196 257 205 257 205 258 196 258 206 258 205 259 206 259 207 259 207 260 206 260 208 260 207 261 208 261 209 261 209 262 208 262 210 262 209 263 210 263 211 263 211 264 210 264 212 264 211 265 212 265 213 265 211 266 213 266 214 266 214 267 213 267 215 267 214 268 215 268 216 268 216 269 215 269 217 269 217 270 215 270 218 270 217 271 218 271 219 271 219 272 218 272 220 272 220 273 218 273 221 273 221 274 218 274 222 274 222 275 218 275 223 275 216 276 224 276 214 276 214 277 224 277 225 277 214 278 225 278 226 278 226 279 227 279 214 279 214 280 227 280 228 280 168 281 229 281 150 281 101 282 230 282 99 282 99 283 230 283 231 283 99 284 231 284 232 284 232 285 231 285 233 285 232 286 233 286 193 286 193 287 233 287 192 287 192 288 233 288 234 288 192 289 234 289 191 289 191 290 234 290 235 290 191 291 235 291 190 291 190 292 235 292 236 292 190 293 236 293 182 293 182 294 236 294 237 294 182 295 237 295 238 295 238 296 237 296 239 296 238 297 239 297 240 297 240 298 239 298 241 298 240 299 241 299 242 299 242 300 241 300 243 300 242 301 243 301 244 301 244 302 243 302 245 302 244 303 245 303 246 303 246 304 245 304 101 304 101 305 245 305 247 305 101 306 247 306 248 306 248 307 247 307 249 307 248 308 249 308 250 308 250 309 249 309 251 309 250 310 251 310 252 310 252 311 251 311 253 311 252 312 253 312 235 312 235 313 253 313 236 313 246 314 254 314 244 314 244 315 254 315 255 315 244 316 255 316 242 316 242 317 255 317 256 317 242 318 256 318 240 318 240 319 256 319 257 319 240 320 257 320 238 320 238 321 257 321 182 321 254 322 258 322 255 322 255 323 258 323 259 323 255 324 259 324 256 324 256 325 259 325 260 325 256 326 260 326 257 326 257 327 260 327 261 327 257 328 261 328 182 328 258 329 262 329 259 329 259 330 262 330 263 330 259 331 263 331 260 331 260 332 263 332 261 332 262 333 264 333 263 333 263 334 264 334 261 334 193 335 194 335 232 335 232 336 194 336 99 336 230 337 101 337 248 337 249 338 247 338 243 338 243 339 247 339 245 339 248 340 250 340 230 340 230 341 250 341 265 341 230 342 265 342 231 342 231 343 265 343 233 343 251 344 249 344 241 344 241 345 249 345 243 345 234 346 233 346 265 346 234 347 265 347 252 347 252 348 265 348 250 348 253 349 251 349 239 349 239 350 251 350 241 350 235 351 234 351 252 351 236 352 253 352 237 352 237 353 253 353 239 353 266 354 267 354 268 354 268 355 267 355 269 355 268 356 269 356 270 356 266 357 271 357 267 357 267 358 271 358 272 358 267 359 272 359 273 359 273 360 272 360 274 360 274 361 272 361 275 361 275 362 272 362 276 362 275 363 276 363 277 363 277 364 276 364 278 364 277 365 278 365 279 365 279 366 278 366 280 366 279 367 280 367 281 367 281 368 280 368 282 368 282 369 280 369 283 369 282 370 283 370 284 370 271 371 285 371 272 371 272 372 285 372 276 372 276 373 285 373 278 373 278 374 285 374 286 374 278 375 286 375 280 375 280 376 286 376 283 376 284 377 287 377 282 377 273 378 269 378 267 378 288 379 289 379 290 379 290 380 289 380 291 380 290 381 291 381 292 381 292 382 291 382 293 382 292 383 293 383 294 383 294 384 293 384 295 384 294 385 295 385 296 385 296 386 295 386 297 386 296 387 297 387 298 387 298 388 297 388 299 388 298 389 299 389 300 389 300 390 299 390 301 390 300 391 301 391 302 391 300 392 302 392 303 392 303 393 302 393 304 393 303 394 304 394 305 394 305 395 304 395 306 395 305 396 306 396 307 396 305 397 307 397 308 397 308 398 307 398 309 398 308 399 309 399 310 399 310 400 309 400 311 400 310 401 311 401 312 401 312 402 311 402 313 402 312 403 313 403 314 403 314 404 313 404 284 404 314 405 284 405 283 405 283 406 286 406 314 406 314 407 286 407 315 407 314 408 315 408 312 408 312 409 315 409 316 409 312 410 316 410 310 410 310 411 316 411 317 411 310 412 317 412 308 412 308 413 317 413 318 413 308 414 318 414 305 414 305 415 318 415 319 415 305 416 319 416 303 416 303 417 319 417 300 417 286 418 285 418 315 418 315 419 285 419 320 419 315 420 320 420 316 420 316 421 320 421 321 421 316 422 321 422 317 422 317 423 321 423 322 423 317 424 322 424 318 424 318 425 322 425 323 425 318 426 323 426 319 426 319 427 323 427 324 427 319 428 324 428 300 428 300 429 324 429 298 429 285 430 271 430 320 430 320 431 271 431 325 431 320 432 325 432 321 432 321 433 325 433 326 433 321 434 326 434 322 434 322 435 326 435 327 435 322 436 327 436 323 436 323 437 327 437 328 437 323 438 328 438 324 438 324 439 328 439 329 439 324 440 329 440 298 440 298 441 329 441 296 441 271 442 266 442 325 442 325 443 266 443 330 443 325 444 330 444 326 444 326 445 330 445 331 445 326 446 331 446 327 446 327 447 331 447 332 447 327 448 332 448 328 448 328 449 332 449 333 449 328 450 333 450 329 450 329 451 333 451 334 451 329 452 334 452 296 452 296 453 334 453 335 453 296 454 335 454 294 454 294 455 335 455 292 455 266 456 268 456 330 456 330 457 268 457 336 457 330 458 336 458 331 458 331 459 336 459 337 459 331 460 337 460 332 460 332 461 337 461 338 461 332 462 338 462 333 462 333 463 338 463 334 463 338 464 339 464 334 464 334 465 339 465 335 465 339 466 290 466 335 466 335 467 290 467 292 467 340 468 341 468 342 468 342 469 341 469 343 469 342 470 343 470 344 470 344 471 345 471 342 471 342 472 345 472 346 472 346 473 345 473 347 473 346 474 347 474 348 474 345 475 349 475 347 475 347 476 349 476 350 476 350 477 349 477 351 477 350 478 351 478 352 478 352 479 351 479 353 479 352 480 353 480 354 480 354 481 353 481 355 481 355 482 353 482 356 482 355 483 356 483 357 483 357 484 356 484 358 484 357 485 358 485 359 485 359 486 358 486 360 486 359 487 360 487 361 487 361 488 360 488 362 488 361 489 362 489 363 489 364 490 365 490 363 490 363 491 365 491 204 491 363 492 204 492 366 492 366 493 204 493 367 493 367 494 204 494 368 494 368 495 204 495 369 495 369 496 204 496 370 496 370 497 204 497 202 497 370 498 202 498 371 498 371 499 202 499 372 499 371 500 372 500 373 500 373 501 372 501 374 501 374 502 372 502 375 502 375 503 372 503 376 503 376 504 372 504 377 504 377 505 372 505 378 505 378 506 372 506 379 506 379 507 372 507 346 507 379 508 346 508 380 508 380 509 346 509 381 509 381 510 346 510 348 510 364 511 382 511 365 511 365 512 382 512 383 512 365 513 383 513 384 513 365 514 384 514 385 514 385 515 384 515 386 515 385 516 386 516 270 516 270 517 386 517 387 517 270 518 387 518 388 518 388 519 389 519 270 519 270 520 389 520 390 520 270 521 390 521 391 521 391 522 392 522 270 522 270 523 392 523 340 523 270 524 340 524 342 524 366 525 361 525 363 525 393 526 268 526 342 526 342 527 268 527 270 527 372 528 394 528 346 528 346 529 394 529 395 529 396 530 397 530 398 530 398 531 397 531 399 531 398 532 399 532 400 532 397 533 396 533 401 533 401 534 396 534 402 534 401 535 402 535 403 535 403 536 402 536 404 536 403 537 404 537 405 537 403 538 405 538 406 538 406 539 405 539 407 539 406 540 407 540 408 540 408 541 407 541 394 541 408 542 394 542 372 542 372 543 409 543 408 543 408 544 409 544 410 544 408 545 410 545 406 545 406 546 410 546 411 546 406 547 411 547 412 547 406 548 412 548 403 548 403 549 412 549 413 549 403 550 413 550 401 550 401 551 413 551 414 551 401 552 414 552 397 552 397 553 414 553 415 553 397 554 415 554 399 554 416 555 417 555 418 555 418 556 417 556 419 556 418 557 419 557 420 557 420 558 419 558 421 558 421 559 419 559 422 559 421 560 422 560 423 560 423 561 422 561 424 561 423 562 424 562 425 562 425 563 424 563 426 563 425 564 426 564 427 564 427 565 426 565 428 565 427 566 428 566 429 566 429 567 428 567 430 567 430 568 428 568 431 568 430 569 431 569 432 569 432 570 431 570 433 570 432 571 433 571 398 571 398 572 433 572 396 572 396 573 433 573 434 573 396 574 434 574 402 574 402 575 434 575 435 575 402 576 435 576 404 576 404 577 435 577 436 577 404 578 436 578 405 578 405 579 436 579 437 579 405 580 437 580 407 580 407 581 437 581 394 581 394 582 437 582 438 582 438 583 437 583 439 583 438 584 439 584 440 584 440 585 439 585 441 585 440 586 441 586 442 586 442 587 441 587 443 587 442 588 443 588 444 588 444 589 443 589 445 589 444 590 445 590 446 590 446 591 445 591 447 591 446 592 447 592 424 592 424 593 447 593 426 593 416 594 448 594 417 594 417 595 448 595 449 595 417 596 449 596 450 596 417 597 450 597 451 597 451 598 450 598 452 598 451 599 452 599 444 599 444 600 452 600 442 600 429 601 453 601 427 601 427 602 453 602 454 602 427 603 454 603 425 603 425 604 454 604 455 604 425 605 455 605 423 605 423 606 455 606 456 606 423 607 456 607 421 607 453 608 457 608 454 608 454 609 457 609 458 609 454 610 458 610 459 610 459 611 458 611 460 611 459 612 460 612 455 612 455 613 460 613 461 613 455 614 461 614 456 614 422 615 419 615 417 615 417 616 451 616 422 616 422 617 451 617 446 617 422 618 446 618 424 618 444 619 446 619 451 619 454 620 459 620 455 620 445 621 443 621 462 621 462 622 443 622 441 622 462 623 441 623 463 623 463 624 441 624 439 624 463 625 439 625 436 625 436 626 439 626 437 626 447 627 445 627 464 627 464 628 445 628 462 628 464 629 462 629 465 629 465 630 462 630 463 630 465 631 463 631 435 631 435 632 463 632 436 632 426 633 447 633 466 633 466 634 447 634 464 634 466 635 464 635 467 635 467 636 464 636 465 636 467 637 465 637 434 637 434 638 465 638 435 638 431 639 428 639 466 639 466 640 428 640 426 640 431 641 466 641 467 641 433 642 431 642 467 642 433 643 467 643 434 643 457 644 453 644 468 644 468 645 453 645 429 645 468 646 429 646 430 646 430 647 432 647 468 647 468 648 432 648 469 648 468 649 469 649 470 649 432 650 398 650 469 650 469 651 398 651 471 651 469 652 471 652 472 652 400 653 473 653 398 653 398 654 473 654 474 654 398 655 474 655 475 655 475 656 471 656 398 656 470 657 476 657 468 657 163 658 477 658 478 658 478 659 477 659 479 659 478 660 479 660 480 660 480 661 479 661 481 661 480 662 481 662 482 662 482 663 481 663 483 663 482 664 483 664 484 664 484 665 483 665 485 665 484 666 485 666 486 666 486 667 485 667 487 667 486 668 487 668 488 668 488 669 487 669 489 669 489 670 487 670 490 670 489 671 490 671 491 671 491 672 490 672 492 672 491 673 492 673 493 673 493 674 492 674 494 674 493 675 494 675 495 675 495 676 494 676 496 676 495 677 496 677 497 677 497 678 496 678 498 678 497 679 498 679 499 679 499 680 498 680 500 680 499 681 500 681 501 681 501 682 500 682 502 682 501 683 502 683 503 683 503 684 502 684 504 684 503 685 504 685 505 685 505 686 504 686 506 686 505 687 506 687 507 687 507 688 506 688 508 688 507 689 508 689 509 689 509 690 508 690 510 690 509 691 510 691 511 691 511 692 510 692 512 692 511 693 512 693 513 693 513 694 512 694 514 694 513 695 514 695 515 695 515 696 514 696 516 696 515 697 516 697 517 697 517 698 516 698 518 698 517 699 518 699 519 699 519 700 518 700 520 700 519 701 520 701 521 701 521 702 520 702 522 702 521 703 522 703 523 703 523 704 522 704 524 704 523 705 524 705 525 705 525 706 524 706 526 706 525 707 526 707 527 707 527 708 526 708 528 708 527 709 528 709 529 709 529 710 528 710 530 710 529 711 530 711 531 711 531 712 530 712 532 712 531 713 532 713 533 713 533 714 532 714 534 714 533 715 534 715 155 715 155 716 534 716 156 716 156 717 534 717 535 717 156 718 535 718 157 718 157 719 535 719 536 719 157 720 536 720 158 720 158 721 536 721 537 721 158 722 537 722 160 722 160 723 537 723 538 723 160 724 538 724 161 724 161 725 538 725 539 725 161 726 539 726 162 726 162 727 539 727 540 727 162 728 540 728 163 728 163 729 540 729 541 729 163 730 541 730 542 730 542 731 541 731 543 731 542 732 543 732 544 732 544 733 543 733 545 733 544 734 545 734 546 734 546 735 545 735 547 735 546 736 547 736 548 736 548 737 547 737 549 737 548 738 549 738 550 738 550 739 549 739 551 739 550 740 551 740 552 740 552 741 551 741 553 741 552 742 553 742 554 742 554 743 553 743 555 743 554 744 555 744 556 744 556 745 555 745 557 745 556 746 557 746 558 746 558 747 557 747 559 747 558 748 559 748 498 748 498 749 559 749 500 749 155 750 154 750 533 750 533 751 154 751 560 751 533 752 560 752 531 752 531 753 560 753 561 753 531 754 561 754 529 754 529 755 561 755 562 755 529 756 562 756 527 756 527 757 562 757 563 757 527 758 563 758 525 758 525 759 563 759 564 759 525 760 564 760 523 760 523 761 564 761 565 761 523 762 565 762 521 762 521 763 565 763 566 763 521 764 566 764 519 764 519 765 566 765 567 765 519 766 567 766 517 766 517 767 567 767 568 767 517 768 568 768 515 768 515 769 568 769 513 769 154 770 153 770 560 770 560 771 153 771 569 771 560 772 569 772 561 772 561 773 569 773 570 773 561 774 570 774 562 774 562 775 570 775 571 775 562 776 571 776 563 776 563 777 571 777 572 777 563 778 572 778 564 778 564 779 572 779 573 779 564 780 573 780 565 780 565 781 573 781 574 781 565 782 574 782 566 782 566 783 574 783 575 783 566 784 575 784 567 784 567 785 575 785 576 785 567 786 576 786 568 786 568 787 576 787 513 787 153 788 152 788 569 788 569 789 152 789 577 789 569 790 577 790 570 790 570 791 577 791 578 791 570 792 578 792 571 792 571 793 578 793 579 793 571 794 579 794 572 794 572 795 579 795 580 795 572 796 580 796 573 796 573 797 580 797 581 797 573 798 581 798 574 798 574 799 581 799 582 799 574 800 582 800 575 800 575 801 582 801 583 801 575 802 583 802 576 802 576 803 583 803 513 803 152 804 151 804 577 804 577 805 151 805 584 805 577 806 584 806 578 806 578 807 584 807 585 807 578 808 585 808 579 808 579 809 585 809 586 809 579 810 586 810 580 810 580 811 586 811 587 811 580 812 587 812 581 812 581 813 587 813 588 813 581 814 588 814 582 814 582 815 588 815 589 815 582 816 589 816 583 816 583 817 589 817 513 817 151 818 149 818 584 818 584 819 149 819 590 819 584 820 590 820 585 820 585 821 590 821 591 821 585 822 591 822 586 822 586 823 591 823 592 823 586 824 592 824 587 824 587 825 592 825 593 825 587 826 593 826 588 826 588 827 593 827 594 827 588 828 594 828 589 828 589 829 594 829 145 829 589 830 145 830 513 830 149 831 144 831 590 831 590 832 144 832 595 832 590 833 595 833 591 833 591 834 595 834 596 834 591 835 596 835 592 835 592 836 596 836 597 836 592 837 597 837 593 837 593 838 597 838 598 838 593 839 598 839 594 839 594 840 598 840 145 840 144 841 143 841 595 841 595 842 143 842 599 842 595 843 599 843 596 843 596 844 599 844 600 844 596 845 600 845 597 845 597 846 600 846 601 846 597 847 601 847 598 847 598 848 601 848 145 848 143 849 148 849 599 849 599 850 148 850 602 850 599 851 602 851 600 851 600 852 602 852 603 852 600 853 603 853 601 853 601 854 603 854 145 854 148 855 147 855 602 855 602 856 147 856 604 856 602 857 604 857 603 857 603 858 604 858 145 858 147 859 146 859 604 859 604 860 146 860 145 860 488 861 605 861 486 861 486 862 605 862 606 862 486 863 606 863 484 863 484 864 606 864 607 864 484 865 607 865 482 865 482 866 607 866 608 866 482 867 608 867 480 867 480 868 608 868 478 868 605 869 609 869 606 869 606 870 609 870 610 870 606 871 610 871 607 871 607 872 610 872 611 872 607 873 611 873 608 873 608 874 611 874 478 874 609 875 612 875 610 875 610 876 612 876 613 876 610 877 613 877 611 877 611 878 613 878 478 878 612 879 614 879 613 879 613 880 614 880 478 880 541 881 540 881 615 881 615 882 540 882 539 882 615 883 539 883 616 883 616 884 539 884 538 884 616 885 538 885 617 885 617 886 538 886 537 886 617 887 537 887 618 887 618 888 537 888 536 888 618 889 536 889 619 889 619 890 536 890 535 890 619 891 535 891 620 891 620 892 535 892 534 892 620 893 534 893 532 893 542 894 621 894 163 894 163 895 621 895 622 895 163 896 622 896 623 896 623 897 622 897 624 897 623 898 624 898 625 898 625 899 624 899 626 899 625 900 626 900 627 900 627 901 626 901 628 901 627 902 628 902 629 902 629 903 628 903 630 903 629 904 630 904 631 904 631 905 630 905 632 905 631 906 632 906 633 906 633 907 632 907 634 907 633 908 634 908 492 908 492 909 634 909 494 909 542 910 544 910 621 910 621 911 544 911 635 911 621 912 635 912 622 912 622 913 635 913 624 913 477 914 163 914 623 914 623 915 625 915 477 915 477 916 625 916 636 916 477 917 636 917 479 917 479 918 636 918 481 918 541 919 615 919 543 919 543 920 615 920 637 920 543 921 637 921 545 921 545 922 637 922 638 922 545 923 638 923 547 923 547 924 638 924 639 924 547 925 639 925 549 925 549 926 639 926 640 926 549 927 640 927 551 927 551 928 640 928 641 928 551 929 641 929 553 929 553 930 641 930 642 930 553 931 642 931 555 931 555 932 642 932 643 932 555 933 643 933 557 933 557 934 643 934 644 934 557 935 644 935 559 935 559 936 644 936 645 936 559 937 645 937 500 937 500 938 645 938 502 938 637 939 615 939 616 939 544 940 546 940 635 940 635 941 546 941 646 941 635 942 646 942 624 942 624 943 646 943 626 943 625 944 627 944 636 944 636 945 627 945 647 945 636 946 647 946 481 946 481 947 647 947 483 947 637 948 616 948 648 948 648 949 616 949 617 949 648 950 617 950 649 950 649 951 617 951 618 951 649 952 618 952 650 952 650 953 618 953 619 953 650 954 619 954 651 954 651 955 619 955 620 955 651 956 620 956 652 956 652 957 620 957 532 957 652 958 532 958 530 958 546 959 548 959 646 959 646 960 548 960 653 960 646 961 653 961 626 961 626 962 653 962 628 962 627 963 629 963 647 963 647 964 629 964 654 964 647 965 654 965 483 965 483 966 654 966 485 966 637 967 648 967 638 967 638 968 648 968 655 968 638 969 655 969 639 969 639 970 655 970 656 970 639 971 656 971 640 971 640 972 656 972 657 972 640 973 657 973 641 973 641 974 657 974 658 974 641 975 658 975 642 975 642 976 658 976 659 976 642 977 659 977 643 977 643 978 659 978 660 978 643 979 660 979 644 979 644 980 660 980 661 980 644 981 661 981 645 981 645 982 661 982 662 982 645 983 662 983 502 983 502 984 662 984 504 984 655 985 648 985 649 985 548 986 550 986 653 986 653 987 550 987 663 987 653 988 663 988 628 988 628 989 663 989 630 989 629 990 631 990 654 990 654 991 631 991 664 991 654 992 664 992 485 992 485 993 664 993 487 993 655 994 649 994 665 994 665 995 649 995 650 995 665 996 650 996 666 996 666 997 650 997 651 997 666 998 651 998 667 998 667 999 651 999 652 999 667 1000 652 1000 668 1000 668 1001 652 1001 530 1001 668 1002 530 1002 528 1002 550 1003 552 1003 663 1003 663 1004 552 1004 669 1004 663 1005 669 1005 630 1005 630 1006 669 1006 632 1006 490 1007 487 1007 664 1007 490 1008 664 1008 633 1008 633 1009 664 1009 631 1009 655 1010 665 1010 656 1010 656 1011 665 1011 670 1011 656 1012 670 1012 657 1012 657 1013 670 1013 671 1013 657 1014 671 1014 658 1014 658 1015 671 1015 672 1015 658 1016 672 1016 659 1016 659 1017 672 1017 673 1017 659 1018 673 1018 660 1018 660 1019 673 1019 674 1019 660 1020 674 1020 661 1020 661 1021 674 1021 675 1021 661 1022 675 1022 662 1022 662 1023 675 1023 676 1023 662 1024 676 1024 504 1024 504 1025 676 1025 506 1025 670 1026 665 1026 666 1026 552 1027 554 1027 669 1027 669 1028 554 1028 677 1028 669 1029 677 1029 632 1029 632 1030 677 1030 634 1030 492 1031 490 1031 633 1031 670 1032 666 1032 678 1032 678 1033 666 1033 667 1033 678 1034 667 1034 679 1034 679 1035 667 1035 668 1035 679 1036 668 1036 680 1036 680 1037 668 1037 528 1037 680 1038 528 1038 526 1038 554 1039 556 1039 677 1039 677 1040 556 1040 681 1040 677 1041 681 1041 634 1041 634 1042 681 1042 494 1042 670 1043 678 1043 671 1043 671 1044 678 1044 682 1044 671 1045 682 1045 672 1045 672 1046 682 1046 683 1046 672 1047 683 1047 673 1047 673 1048 683 1048 684 1048 673 1049 684 1049 674 1049 674 1050 684 1050 685 1050 674 1051 685 1051 675 1051 675 1052 685 1052 686 1052 675 1053 686 1053 676 1053 676 1054 686 1054 687 1054 676 1055 687 1055 506 1055 506 1056 687 1056 508 1056 682 1057 678 1057 679 1057 496 1058 494 1058 681 1058 496 1059 681 1059 558 1059 558 1060 681 1060 556 1060 682 1061 679 1061 688 1061 688 1062 679 1062 680 1062 688 1063 680 1063 689 1063 689 1064 680 1064 526 1064 689 1065 526 1065 524 1065 498 1066 496 1066 558 1066 682 1067 688 1067 683 1067 683 1068 688 1068 690 1068 683 1069 690 1069 684 1069 684 1070 690 1070 691 1070 684 1071 691 1071 685 1071 685 1072 691 1072 692 1072 685 1073 692 1073 686 1073 686 1074 692 1074 693 1074 686 1075 693 1075 687 1075 687 1076 693 1076 694 1076 687 1077 694 1077 508 1077 508 1078 694 1078 510 1078 690 1079 688 1079 689 1079 690 1080 689 1080 695 1080 695 1081 689 1081 524 1081 695 1082 524 1082 522 1082 690 1083 695 1083 691 1083 691 1084 695 1084 696 1084 691 1085 696 1085 692 1085 692 1086 696 1086 697 1086 692 1087 697 1087 693 1087 693 1088 697 1088 698 1088 693 1089 698 1089 694 1089 694 1090 698 1090 699 1090 694 1091 699 1091 510 1091 510 1092 699 1092 512 1092 696 1093 695 1093 522 1093 697 1094 696 1094 520 1094 520 1095 696 1095 522 1095 698 1096 697 1096 518 1096 518 1097 697 1097 520 1097 699 1098 698 1098 516 1098 516 1099 698 1099 518 1099 512 1100 699 1100 514 1100 514 1101 699 1101 516 1101 700 1102 701 1102 169 1102 169 1103 701 1103 702 1103 169 1104 702 1104 703 1104 703 1105 702 1105 704 1105 703 1106 704 1106 705 1106 705 1107 704 1107 706 1107 705 1108 706 1108 707 1108 707 1109 706 1109 708 1109 707 1110 708 1110 709 1110 709 1111 708 1111 710 1111 709 1112 710 1112 174 1112 174 1113 710 1113 176 1113 176 1114 710 1114 711 1114 176 1115 711 1115 177 1115 177 1116 711 1116 712 1116 177 1117 712 1117 178 1117 178 1118 712 1118 713 1118 178 1119 713 1119 179 1119 179 1120 713 1120 714 1120 179 1121 714 1121 180 1121 180 1122 714 1122 715 1122 180 1123 715 1123 181 1123 181 1124 715 1124 716 1124 181 1125 716 1125 183 1125 183 1126 716 1126 717 1126 183 1127 717 1127 184 1127 184 1128 717 1128 718 1128 184 1129 718 1129 185 1129 185 1130 718 1130 719 1130 185 1131 719 1131 186 1131 186 1132 719 1132 720 1132 186 1133 720 1133 187 1133 187 1134 720 1134 721 1134 187 1135 721 1135 188 1135 188 1136 721 1136 722 1136 188 1137 722 1137 189 1137 189 1138 722 1138 723 1138 189 1139 723 1139 724 1139 724 1140 723 1140 725 1140 724 1141 725 1141 726 1141 726 1142 725 1142 727 1142 726 1143 727 1143 728 1143 728 1144 727 1144 729 1144 728 1145 729 1145 730 1145 730 1146 729 1146 731 1146 730 1147 731 1147 732 1147 732 1148 731 1148 733 1148 732 1149 733 1149 734 1149 734 1150 733 1150 735 1150 734 1151 735 1151 736 1151 736 1152 735 1152 737 1152 736 1153 737 1153 738 1153 738 1154 737 1154 739 1154 738 1155 739 1155 740 1155 740 1156 739 1156 741 1156 740 1157 741 1157 742 1157 742 1158 741 1158 743 1158 742 1159 743 1159 744 1159 744 1160 743 1160 745 1160 745 1161 743 1161 746 1161 745 1162 746 1162 747 1162 747 1163 746 1163 748 1163 747 1164 748 1164 749 1164 749 1165 748 1165 750 1165 749 1166 750 1166 751 1166 751 1167 750 1167 752 1167 751 1168 752 1168 753 1168 753 1169 752 1169 754 1169 753 1170 754 1170 755 1170 755 1171 754 1171 756 1171 755 1172 756 1172 700 1172 700 1173 756 1173 757 1173 700 1174 757 1174 758 1174 758 1175 757 1175 759 1175 758 1176 759 1176 760 1176 760 1177 759 1177 761 1177 760 1178 761 1178 762 1178 762 1179 761 1179 763 1179 762 1180 763 1180 764 1180 764 1181 763 1181 765 1181 764 1182 765 1182 766 1182 766 1183 765 1183 767 1183 766 1184 767 1184 768 1184 768 1185 767 1185 769 1185 768 1186 769 1186 770 1186 770 1187 769 1187 771 1187 770 1188 771 1188 772 1188 772 1189 771 1189 773 1189 772 1190 773 1190 774 1190 774 1191 773 1191 775 1191 774 1192 775 1192 715 1192 715 1193 775 1193 716 1193 744 1194 776 1194 742 1194 742 1195 776 1195 777 1195 742 1196 777 1196 740 1196 740 1197 777 1197 778 1197 740 1198 778 1198 738 1198 738 1199 778 1199 779 1199 738 1200 779 1200 736 1200 736 1201 779 1201 780 1201 736 1202 780 1202 734 1202 734 1203 780 1203 781 1203 734 1204 781 1204 732 1204 732 1205 781 1205 782 1205 732 1206 782 1206 730 1206 730 1207 782 1207 783 1207 730 1208 783 1208 728 1208 728 1209 783 1209 784 1209 728 1210 784 1210 726 1210 726 1211 784 1211 785 1211 726 1212 785 1212 724 1212 724 1213 785 1213 189 1213 776 1214 786 1214 777 1214 777 1215 786 1215 787 1215 777 1216 787 1216 778 1216 778 1217 787 1217 788 1217 778 1218 788 1218 779 1218 779 1219 788 1219 789 1219 779 1220 789 1220 780 1220 780 1221 789 1221 790 1221 780 1222 790 1222 781 1222 781 1223 790 1223 791 1223 781 1224 791 1224 782 1224 782 1225 791 1225 792 1225 782 1226 792 1226 783 1226 783 1227 792 1227 793 1227 783 1228 793 1228 784 1228 784 1229 793 1229 794 1229 784 1230 794 1230 785 1230 785 1231 794 1231 189 1231 786 1232 795 1232 787 1232 787 1233 795 1233 796 1233 787 1234 796 1234 788 1234 788 1235 796 1235 797 1235 788 1236 797 1236 789 1236 789 1237 797 1237 798 1237 789 1238 798 1238 790 1238 790 1239 798 1239 799 1239 790 1240 799 1240 791 1240 791 1241 799 1241 800 1241 791 1242 800 1242 792 1242 792 1243 800 1243 801 1243 792 1244 801 1244 793 1244 793 1245 801 1245 802 1245 793 1246 802 1246 794 1246 794 1247 802 1247 189 1247 795 1248 803 1248 796 1248 796 1249 803 1249 804 1249 796 1250 804 1250 797 1250 797 1251 804 1251 805 1251 797 1252 805 1252 798 1252 798 1253 805 1253 806 1253 798 1254 806 1254 799 1254 799 1255 806 1255 807 1255 799 1256 807 1256 800 1256 800 1257 807 1257 808 1257 800 1258 808 1258 801 1258 801 1259 808 1259 809 1259 801 1260 809 1260 802 1260 802 1261 809 1261 189 1261 803 1262 810 1262 804 1262 804 1263 810 1263 811 1263 804 1264 811 1264 805 1264 805 1265 811 1265 812 1265 805 1266 812 1266 806 1266 806 1267 812 1267 813 1267 806 1268 813 1268 807 1268 807 1269 813 1269 814 1269 807 1270 814 1270 808 1270 808 1271 814 1271 815 1271 808 1272 815 1272 809 1272 809 1273 815 1273 816 1273 809 1274 816 1274 189 1274 810 1275 817 1275 811 1275 811 1276 817 1276 818 1276 811 1277 818 1277 812 1277 812 1278 818 1278 819 1278 812 1279 819 1279 813 1279 813 1280 819 1280 820 1280 813 1281 820 1281 814 1281 814 1282 820 1282 821 1282 814 1283 821 1283 815 1283 815 1284 821 1284 816 1284 817 1285 822 1285 818 1285 818 1286 822 1286 823 1286 818 1287 823 1287 819 1287 819 1288 823 1288 824 1288 819 1289 824 1289 820 1289 820 1290 824 1290 825 1290 820 1291 825 1291 821 1291 821 1292 825 1292 816 1292 822 1293 826 1293 823 1293 823 1294 826 1294 827 1294 823 1295 827 1295 824 1295 824 1296 827 1296 828 1296 824 1297 828 1297 825 1297 825 1298 828 1298 816 1298 826 1299 829 1299 827 1299 827 1300 829 1300 830 1300 827 1301 830 1301 828 1301 828 1302 830 1302 816 1302 829 1303 831 1303 830 1303 830 1304 831 1304 816 1304 174 1305 173 1305 709 1305 709 1306 173 1306 832 1306 709 1307 832 1307 707 1307 707 1308 832 1308 833 1308 707 1309 833 1309 705 1309 705 1310 833 1310 834 1310 705 1311 834 1311 703 1311 703 1312 834 1312 169 1312 173 1313 172 1313 832 1313 832 1314 172 1314 835 1314 832 1315 835 1315 833 1315 833 1316 835 1316 836 1316 833 1317 836 1317 834 1317 834 1318 836 1318 169 1318 172 1319 171 1319 835 1319 835 1320 171 1320 837 1320 835 1321 837 1321 836 1321 836 1322 837 1322 169 1322 171 1323 170 1323 837 1323 837 1324 170 1324 169 1324 757 1325 756 1325 838 1325 838 1326 756 1326 754 1326 838 1327 754 1327 839 1327 839 1328 754 1328 752 1328 839 1329 752 1329 840 1329 840 1330 752 1330 750 1330 840 1331 750 1331 841 1331 841 1332 750 1332 748 1332 841 1333 748 1333 842 1333 842 1334 748 1334 746 1334 842 1335 746 1335 843 1335 843 1336 746 1336 743 1336 843 1337 743 1337 741 1337 758 1338 844 1338 700 1338 700 1339 844 1339 845 1339 700 1340 845 1340 846 1340 846 1341 845 1341 847 1341 846 1342 847 1342 848 1342 848 1343 847 1343 849 1343 848 1344 849 1344 850 1344 850 1345 849 1345 851 1345 850 1346 851 1346 852 1346 852 1347 851 1347 853 1347 852 1348 853 1348 854 1348 854 1349 853 1349 855 1349 854 1350 855 1350 856 1350 856 1351 855 1351 857 1351 856 1352 857 1352 712 1352 712 1353 857 1353 713 1353 758 1354 760 1354 844 1354 844 1355 760 1355 858 1355 844 1356 858 1356 845 1356 845 1357 858 1357 847 1357 701 1358 700 1358 846 1358 846 1359 848 1359 701 1359 701 1360 848 1360 859 1360 701 1361 859 1361 702 1361 702 1362 859 1362 704 1362 757 1363 838 1363 759 1363 759 1364 838 1364 860 1364 759 1365 860 1365 761 1365 761 1366 860 1366 861 1366 761 1367 861 1367 763 1367 763 1368 861 1368 862 1368 763 1369 862 1369 765 1369 765 1370 862 1370 863 1370 765 1371 863 1371 767 1371 767 1372 863 1372 864 1372 767 1373 864 1373 769 1373 769 1374 864 1374 865 1374 769 1375 865 1375 771 1375 771 1376 865 1376 866 1376 771 1377 866 1377 773 1377 773 1378 866 1378 867 1378 773 1379 867 1379 775 1379 775 1380 867 1380 868 1380 775 1381 868 1381 716 1381 716 1382 868 1382 717 1382 860 1383 838 1383 839 1383 760 1384 762 1384 858 1384 858 1385 762 1385 869 1385 858 1386 869 1386 847 1386 847 1387 869 1387 849 1387 848 1388 850 1388 859 1388 859 1389 850 1389 870 1389 859 1390 870 1390 704 1390 704 1391 870 1391 706 1391 860 1392 839 1392 871 1392 871 1393 839 1393 840 1393 871 1394 840 1394 872 1394 872 1395 840 1395 841 1395 872 1396 841 1396 873 1396 873 1397 841 1397 842 1397 873 1398 842 1398 874 1398 874 1399 842 1399 843 1399 874 1400 843 1400 875 1400 875 1401 843 1401 741 1401 875 1402 741 1402 739 1402 762 1403 764 1403 869 1403 869 1404 764 1404 876 1404 869 1405 876 1405 849 1405 849 1406 876 1406 851 1406 850 1407 852 1407 870 1407 870 1408 852 1408 877 1408 870 1409 877 1409 706 1409 706 1410 877 1410 708 1410 860 1411 871 1411 861 1411 861 1412 871 1412 878 1412 861 1413 878 1413 862 1413 862 1414 878 1414 879 1414 862 1415 879 1415 863 1415 863 1416 879 1416 880 1416 863 1417 880 1417 864 1417 864 1418 880 1418 881 1418 864 1419 881 1419 865 1419 865 1420 881 1420 882 1420 865 1421 882 1421 866 1421 866 1422 882 1422 883 1422 866 1423 883 1423 867 1423 867 1424 883 1424 884 1424 867 1425 884 1425 868 1425 868 1426 884 1426 885 1426 868 1427 885 1427 717 1427 717 1428 885 1428 718 1428 878 1429 871 1429 872 1429 764 1430 766 1430 876 1430 876 1431 766 1431 886 1431 876 1432 886 1432 851 1432 851 1433 886 1433 853 1433 852 1434 854 1434 877 1434 877 1435 854 1435 887 1435 877 1436 887 1436 708 1436 708 1437 887 1437 710 1437 878 1438 872 1438 888 1438 888 1439 872 1439 873 1439 888 1440 873 1440 889 1440 889 1441 873 1441 874 1441 889 1442 874 1442 890 1442 890 1443 874 1443 875 1443 890 1444 875 1444 891 1444 891 1445 875 1445 739 1445 891 1446 739 1446 737 1446 766 1447 768 1447 886 1447 886 1448 768 1448 892 1448 886 1449 892 1449 853 1449 853 1450 892 1450 855 1450 711 1451 710 1451 887 1451 711 1452 887 1452 856 1452 856 1453 887 1453 854 1453 878 1454 888 1454 879 1454 879 1455 888 1455 893 1455 879 1456 893 1456 880 1456 880 1457 893 1457 894 1457 880 1458 894 1458 881 1458 881 1459 894 1459 895 1459 881 1460 895 1460 882 1460 882 1461 895 1461 896 1461 882 1462 896 1462 883 1462 883 1463 896 1463 897 1463 883 1464 897 1464 884 1464 884 1465 897 1465 898 1465 884 1466 898 1466 885 1466 885 1467 898 1467 899 1467 885 1468 899 1468 718 1468 718 1469 899 1469 719 1469 893 1470 888 1470 889 1470 768 1471 770 1471 892 1471 892 1472 770 1472 900 1472 892 1473 900 1473 855 1473 855 1474 900 1474 857 1474 712 1475 711 1475 856 1475 893 1476 889 1476 901 1476 901 1477 889 1477 890 1477 901 1478 890 1478 902 1478 902 1479 890 1479 891 1479 902 1480 891 1480 903 1480 903 1481 891 1481 737 1481 903 1482 737 1482 735 1482 770 1483 772 1483 900 1483 900 1484 772 1484 904 1484 900 1485 904 1485 857 1485 857 1486 904 1486 713 1486 893 1487 901 1487 894 1487 894 1488 901 1488 905 1488 894 1489 905 1489 895 1489 895 1490 905 1490 906 1490 895 1491 906 1491 896 1491 896 1492 906 1492 907 1492 896 1493 907 1493 897 1493 897 1494 907 1494 908 1494 897 1495 908 1495 898 1495 898 1496 908 1496 909 1496 898 1497 909 1497 899 1497 899 1498 909 1498 910 1498 899 1499 910 1499 719 1499 719 1500 910 1500 720 1500 905 1501 901 1501 902 1501 714 1502 713 1502 904 1502 714 1503 904 1503 774 1503 774 1504 904 1504 772 1504 905 1505 902 1505 911 1505 911 1506 902 1506 903 1506 911 1507 903 1507 912 1507 912 1508 903 1508 735 1508 912 1509 735 1509 733 1509 715 1510 714 1510 774 1510 905 1511 911 1511 906 1511 906 1512 911 1512 913 1512 906 1513 913 1513 907 1513 907 1514 913 1514 914 1514 907 1515 914 1515 908 1515 908 1516 914 1516 915 1516 908 1517 915 1517 909 1517 909 1518 915 1518 916 1518 909 1519 916 1519 910 1519 910 1520 916 1520 917 1520 910 1521 917 1521 720 1521 720 1522 917 1522 721 1522 913 1523 911 1523 912 1523 913 1524 912 1524 918 1524 918 1525 912 1525 733 1525 918 1526 733 1526 731 1526 913 1527 918 1527 914 1527 914 1528 918 1528 919 1528 914 1529 919 1529 915 1529 915 1530 919 1530 920 1530 915 1531 920 1531 916 1531 916 1532 920 1532 921 1532 916 1533 921 1533 917 1533 917 1534 921 1534 922 1534 917 1535 922 1535 721 1535 721 1536 922 1536 722 1536 919 1537 918 1537 731 1537 920 1538 919 1538 729 1538 729 1539 919 1539 731 1539 921 1540 920 1540 727 1540 727 1541 920 1541 729 1541 922 1542 921 1542 725 1542 725 1543 921 1543 727 1543 722 1544 922 1544 723 1544 723 1545 922 1545 725 1545 923 1546 924 1546 925 1546 925 1547 924 1547 926 1547 925 1548 926 1548 927 1548 927 1549 926 1549 928 1549 928 1550 926 1550 929 1550 929 1551 926 1551 930 1551 930 1552 926 1552 931 1552 931 1553 926 1553 932 1553 932 1554 926 1554 933 1554 932 1555 933 1555 934 1555 934 1556 933 1556 935 1556 935 1557 933 1557 936 1557 936 1558 933 1558 937 1558 937 1559 933 1559 938 1559 938 1560 933 1560 939 1560 939 1561 933 1561 940 1561 939 1562 940 1562 941 1562 941 1563 940 1563 942 1563 942 1564 940 1564 943 1564 943 1565 940 1565 944 1565 944 1566 940 1566 945 1566 945 1567 940 1567 946 1567 946 1568 940 1568 924 1568 946 1569 924 1569 947 1569 947 1570 924 1570 948 1570 948 1571 924 1571 949 1571 949 1572 924 1572 950 1572 950 1573 924 1573 923 1573 478 1574 940 1574 163 1574 163 1575 940 1575 933 1575 163 1576 933 1576 159 1576 478 1577 951 1577 940 1577 952 1578 700 1578 924 1578 924 1579 700 1579 169 1579 924 1580 169 1580 926 1580 926 1581 169 1581 166 1581 121 1582 189 1582 119 1582 119 1583 189 1583 816 1583 62 1584 953 1584 61 1584 61 1585 953 1585 505 1585 61 1586 505 1586 507 1586 62 1587 63 1587 953 1587 953 1588 63 1588 65 1588 953 1589 65 1589 67 1589 67 1590 69 1590 953 1590 953 1591 69 1591 71 1591 953 1592 71 1592 73 1592 73 1593 75 1593 953 1593 953 1594 75 1594 77 1594 953 1595 77 1595 954 1595 954 1596 77 1596 955 1596 955 1597 77 1597 956 1597 956 1598 77 1598 957 1598 957 1599 77 1599 958 1599 958 1600 77 1600 79 1600 959 1601 501 1601 953 1601 953 1602 501 1602 503 1602 953 1603 503 1603 505 1603 960 1604 961 1604 959 1604 959 1605 961 1605 962 1605 959 1606 962 1606 952 1606 952 1607 962 1607 963 1607 952 1608 963 1608 964 1608 964 1609 963 1609 965 1609 964 1610 965 1610 966 1610 966 1611 965 1611 967 1611 967 1612 965 1612 968 1612 968 1613 965 1613 969 1613 969 1614 965 1614 970 1614 970 1615 965 1615 385 1615 385 1616 965 1616 971 1616 385 1617 971 1617 365 1617 963 1618 972 1618 965 1618 965 1619 972 1619 973 1619 973 1620 972 1620 974 1620 973 1621 974 1621 975 1621 975 1622 974 1622 976 1622 975 1623 976 1623 977 1623 977 1624 976 1624 978 1624 977 1625 978 1625 979 1625 979 1626 978 1626 980 1626 980 1627 978 1627 981 1627 980 1628 981 1628 982 1628 982 1629 981 1629 983 1629 982 1630 983 1630 984 1630 985 1631 986 1631 981 1631 981 1632 986 1632 987 1632 981 1633 987 1633 988 1633 988 1634 989 1634 981 1634 981 1635 989 1635 983 1635 982 1636 984 1636 990 1636 990 1637 984 1637 991 1637 990 1638 991 1638 992 1638 992 1639 993 1639 990 1639 990 1640 993 1640 994 1640 990 1641 994 1641 995 1641 261 1642 803 1642 964 1642 964 1643 803 1643 795 1643 964 1644 795 1644 786 1644 264 1645 102 1645 261 1645 261 1646 102 1646 103 1646 261 1647 103 1647 105 1647 264 1648 262 1648 102 1648 102 1649 262 1649 258 1649 102 1650 258 1650 254 1650 254 1651 246 1651 102 1651 102 1652 246 1652 101 1652 105 1653 107 1653 261 1653 261 1654 107 1654 109 1654 261 1655 109 1655 111 1655 111 1656 113 1656 261 1656 261 1657 113 1657 115 1657 261 1658 115 1658 117 1658 117 1659 119 1659 261 1659 261 1660 119 1660 822 1660 261 1661 822 1661 817 1661 816 1662 831 1662 119 1662 119 1663 831 1663 829 1663 119 1664 829 1664 826 1664 826 1665 822 1665 119 1665 817 1666 810 1666 261 1666 261 1667 810 1667 803 1667 786 1668 776 1668 964 1668 964 1669 776 1669 744 1669 964 1670 744 1670 745 1670 745 1671 747 1671 964 1671 964 1672 747 1672 952 1672 747 1673 749 1673 952 1673 952 1674 749 1674 751 1674 952 1675 751 1675 753 1675 753 1676 755 1676 952 1676 952 1677 755 1677 700 1677 959 1678 952 1678 951 1678 951 1679 952 1679 996 1679 951 1680 996 1680 997 1680 478 1681 614 1681 951 1681 951 1682 614 1682 612 1682 951 1683 612 1683 609 1683 609 1684 605 1684 951 1684 951 1685 605 1685 959 1685 605 1686 488 1686 959 1686 959 1687 488 1687 489 1687 959 1688 489 1688 491 1688 491 1689 493 1689 959 1689 959 1690 493 1690 495 1690 959 1691 495 1691 497 1691 497 1692 499 1692 959 1692 959 1693 499 1693 501 1693 507 1694 509 1694 61 1694 61 1695 509 1695 511 1695 61 1696 511 1696 513 1696 381 1697 998 1697 380 1697 380 1698 998 1698 999 1698 380 1699 999 1699 379 1699 379 1700 999 1700 1000 1700 379 1701 1000 1701 378 1701 378 1702 1000 1702 1001 1702 378 1703 1001 1703 377 1703 377 1704 1001 1704 1002 1704 377 1705 1002 1705 376 1705 376 1706 1002 1706 1003 1706 376 1707 1003 1707 375 1707 375 1708 1003 1708 1004 1708 375 1709 1004 1709 374 1709 374 1710 1004 1710 1005 1710 374 1711 1005 1711 373 1711 373 1712 1005 1712 1006 1712 373 1713 1006 1713 371 1713 371 1714 1006 1714 1007 1714 371 1715 1007 1715 370 1715 370 1716 1007 1716 1008 1716 370 1717 1008 1717 369 1717 369 1718 1008 1718 1009 1718 369 1719 1009 1719 368 1719 368 1720 1009 1720 1010 1720 368 1721 1010 1721 367 1721 367 1722 1010 1722 1011 1722 367 1723 1011 1723 366 1723 366 1724 1011 1724 1012 1724 366 1725 1012 1725 361 1725 361 1726 1012 1726 1013 1726 361 1727 1013 1727 359 1727 359 1728 1013 1728 1014 1728 359 1729 1014 1729 357 1729 357 1730 1014 1730 1015 1730 357 1731 1015 1731 355 1731 355 1732 1015 1732 1016 1732 355 1733 1016 1733 354 1733 354 1734 1016 1734 1017 1734 354 1735 1017 1735 352 1735 352 1736 1017 1736 1018 1736 352 1737 1018 1737 350 1737 350 1738 1018 1738 1019 1738 350 1739 1019 1739 347 1739 347 1740 1019 1740 1020 1740 347 1741 1020 1741 348 1741 348 1742 1020 1742 1021 1742 348 1743 1021 1743 381 1743 381 1744 1021 1744 998 1744 1022 1745 1012 1745 1023 1745 1023 1746 1012 1746 1011 1746 1023 1747 1011 1747 1024 1747 1024 1748 1011 1748 1010 1748 1024 1749 1010 1749 1025 1749 1025 1750 1010 1750 1009 1750 1025 1751 1009 1751 1026 1751 1026 1752 1009 1752 1008 1752 1026 1753 1008 1753 1027 1753 1027 1754 1008 1754 1007 1754 1027 1755 1007 1755 1028 1755 1028 1756 1007 1756 1006 1756 1028 1757 1006 1757 1029 1757 1029 1758 1006 1758 1005 1758 1029 1759 1005 1759 1030 1759 1030 1760 1005 1760 1004 1760 1030 1761 1004 1761 1031 1761 1031 1762 1004 1762 1003 1762 1031 1763 1003 1763 1032 1763 1032 1764 1003 1764 1002 1764 1032 1765 1002 1765 1033 1765 1033 1766 1002 1766 1001 1766 1033 1767 1001 1767 1034 1767 1034 1768 1001 1768 1000 1768 1034 1769 1000 1769 1035 1769 1035 1770 1000 1770 999 1770 1035 1771 999 1771 1036 1771 1036 1772 999 1772 998 1772 1036 1773 998 1773 1037 1773 1037 1774 998 1774 1021 1774 1037 1775 1021 1775 1038 1775 1038 1776 1021 1776 1020 1776 1038 1777 1020 1777 1039 1777 1039 1778 1020 1778 1019 1778 1039 1779 1019 1779 1040 1779 1040 1780 1019 1780 1018 1780 1040 1781 1018 1781 1041 1781 1041 1782 1018 1782 1017 1782 1041 1783 1017 1783 1042 1783 1042 1784 1017 1784 1016 1784 1042 1785 1016 1785 1043 1785 1043 1786 1016 1786 1015 1786 1043 1787 1015 1787 1044 1787 1044 1788 1015 1788 1014 1788 1044 1789 1014 1789 1045 1789 1045 1790 1014 1790 1013 1790 1045 1791 1013 1791 1022 1791 1022 1792 1013 1792 1012 1792 340 1793 1046 1793 341 1793 341 1794 1046 1794 1047 1794 341 1795 1047 1795 343 1795 343 1796 1047 1796 1048 1796 343 1797 1048 1797 344 1797 344 1798 1048 1798 1049 1798 344 1799 1049 1799 345 1799 345 1800 1049 1800 1050 1800 345 1801 1050 1801 349 1801 349 1802 1050 1802 1051 1802 349 1803 1051 1803 351 1803 351 1804 1051 1804 1052 1804 351 1805 1052 1805 353 1805 353 1806 1052 1806 1053 1806 353 1807 1053 1807 356 1807 356 1808 1053 1808 1054 1808 356 1809 1054 1809 358 1809 358 1810 1054 1810 1055 1810 358 1811 1055 1811 360 1811 360 1812 1055 1812 1056 1812 360 1813 1056 1813 362 1813 362 1814 1056 1814 1057 1814 362 1815 1057 1815 363 1815 363 1816 1057 1816 1058 1816 363 1817 1058 1817 364 1817 364 1818 1058 1818 1059 1818 364 1819 1059 1819 382 1819 382 1820 1059 1820 1060 1820 382 1821 1060 1821 383 1821 383 1822 1060 1822 1061 1822 383 1823 1061 1823 384 1823 384 1824 1061 1824 1062 1824 384 1825 1062 1825 386 1825 386 1826 1062 1826 1063 1826 386 1827 1063 1827 387 1827 387 1828 1063 1828 1064 1828 387 1829 1064 1829 388 1829 388 1830 1064 1830 1065 1830 388 1831 1065 1831 389 1831 389 1832 1065 1832 1066 1832 389 1833 1066 1833 390 1833 390 1834 1066 1834 1067 1834 390 1835 1067 1835 391 1835 391 1836 1067 1836 1068 1836 391 1837 1068 1837 392 1837 392 1838 1068 1838 1069 1838 392 1839 1069 1839 340 1839 340 1840 1069 1840 1046 1840 1070 1841 1060 1841 1071 1841 1071 1842 1060 1842 1059 1842 1071 1843 1059 1843 1072 1843 1072 1844 1059 1844 1058 1844 1072 1845 1058 1845 1073 1845 1073 1846 1058 1846 1057 1846 1073 1847 1057 1847 1074 1847 1074 1848 1057 1848 1056 1848 1074 1849 1056 1849 1075 1849 1075 1850 1056 1850 1055 1850 1075 1851 1055 1851 1076 1851 1076 1852 1055 1852 1054 1852 1076 1853 1054 1853 1077 1853 1077 1854 1054 1854 1053 1854 1077 1855 1053 1855 1078 1855 1078 1856 1053 1856 1052 1856 1078 1857 1052 1857 1079 1857 1079 1858 1052 1858 1051 1858 1079 1859 1051 1859 1080 1859 1080 1860 1051 1860 1050 1860 1080 1861 1050 1861 1081 1861 1081 1862 1050 1862 1049 1862 1081 1863 1049 1863 1082 1863 1082 1864 1049 1864 1048 1864 1082 1865 1048 1865 1083 1865 1083 1866 1048 1866 1047 1866 1083 1867 1047 1867 1084 1867 1084 1868 1047 1868 1046 1868 1084 1869 1046 1869 1085 1869 1085 1870 1046 1870 1069 1870 1085 1871 1069 1871 1086 1871 1086 1872 1069 1872 1068 1872 1086 1873 1068 1873 1087 1873 1087 1874 1068 1874 1067 1874 1087 1875 1067 1875 1088 1875 1088 1876 1067 1876 1066 1876 1088 1877 1066 1877 1089 1877 1089 1878 1066 1878 1065 1878 1089 1879 1065 1879 1090 1879 1090 1880 1065 1880 1064 1880 1090 1881 1064 1881 1091 1881 1091 1882 1064 1882 1063 1882 1091 1883 1063 1883 1092 1883 1092 1884 1063 1884 1062 1884 1092 1885 1062 1885 1093 1885 1093 1886 1062 1886 1061 1886 1093 1887 1061 1887 1070 1887 1070 1888 1061 1888 1060 1888 1094 1889 1095 1889 449 1889 449 1890 1095 1890 450 1890 450 1891 1095 1891 1096 1891 450 1892 1096 1892 1097 1892 450 1893 1097 1893 452 1893 452 1894 1097 1894 1098 1894 452 1895 1098 1895 442 1895 442 1896 1098 1896 1099 1896 442 1897 1099 1897 1100 1897 442 1898 1100 1898 440 1898 440 1899 1100 1899 1101 1899 440 1900 1101 1900 438 1900 438 1901 1101 1901 1102 1901 438 1902 1102 1902 394 1902 394 1903 1102 1903 395 1903 456 1904 461 1904 197 1904 197 1905 461 1905 460 1905 197 1906 460 1906 458 1906 458 1907 457 1907 197 1907 197 1908 457 1908 167 1908 167 1909 457 1909 468 1909 393 1910 1103 1910 268 1910 268 1911 1103 1911 336 1911 336 1912 1103 1912 1104 1912 336 1913 1104 1913 337 1913 337 1914 1104 1914 1105 1914 337 1915 1105 1915 338 1915 338 1916 1105 1916 1106 1916 338 1917 1106 1917 1107 1917 338 1918 1107 1918 339 1918 339 1919 1107 1919 1108 1919 339 1920 1108 1920 290 1920 290 1921 1108 1921 1109 1921 290 1922 1109 1922 1110 1922 1111 1923 288 1923 1110 1923 1110 1924 288 1924 290 1924 299 1925 963 1925 301 1925 301 1926 963 1926 302 1926 302 1927 963 1927 304 1927 304 1928 963 1928 306 1928 306 1929 963 1929 962 1929 306 1930 962 1930 1112 1930 1113 1931 976 1931 293 1931 293 1932 976 1932 974 1932 293 1933 974 1933 295 1933 295 1934 974 1934 972 1934 295 1935 972 1935 297 1935 297 1936 972 1936 963 1936 297 1937 963 1937 299 1937 1114 1938 978 1938 1113 1938 1113 1939 978 1939 976 1939 418 1940 1115 1940 416 1940 416 1941 1115 1941 448 1941 448 1942 1115 1942 1116 1942 448 1943 1116 1943 449 1943 456 1944 197 1944 421 1944 421 1945 197 1945 205 1945 421 1946 205 1946 420 1946 420 1947 205 1947 207 1947 420 1948 207 1948 418 1948 418 1949 207 1949 209 1949 418 1950 209 1950 1115 1950 1115 1951 209 1951 211 1951 1115 1952 211 1952 1116 1952 449 1953 1116 1953 1094 1953 1094 1954 1116 1954 1117 1954 1117 1955 1116 1955 214 1955 214 1956 1116 1956 211 1956 288 1957 1114 1957 289 1957 289 1958 1114 1958 1113 1958 289 1959 1113 1959 291 1959 291 1960 1113 1960 293 1960 288 1961 1111 1961 1114 1961 1114 1962 1111 1962 1118 1962 1114 1963 1118 1963 981 1963 981 1964 978 1964 1114 1964 313 1965 1119 1965 284 1965 284 1966 1119 1966 1120 1966 284 1967 1120 1967 1121 1967 1119 1968 313 1968 1112 1968 1112 1969 313 1969 311 1969 1112 1970 311 1970 309 1970 309 1971 307 1971 1112 1971 1112 1972 307 1972 306 1972 1122 1973 1123 1973 1112 1973 1112 1974 1123 1974 1119 1974 1119 1975 1124 1975 1120 1975 1121 1976 1125 1976 284 1976 284 1977 1125 1977 1126 1977 284 1978 1126 1978 287 1978 1110 1979 393 1979 1111 1979 1111 1980 393 1980 1127 1980 1111 1981 1127 1981 1128 1981 1110 1982 1109 1982 393 1982 393 1983 1109 1983 1108 1983 393 1984 1108 1984 1107 1984 1107 1985 1106 1985 393 1985 393 1986 1106 1986 1105 1986 393 1987 1105 1987 1104 1987 1104 1988 1103 1988 393 1988 342 1989 1129 1989 393 1989 393 1990 1129 1990 1130 1990 393 1991 1130 1991 1131 1991 342 1992 1132 1992 1129 1992 1131 1993 1127 1993 393 1993 1128 1994 1133 1994 1111 1994 1111 1995 1133 1995 1118 1995 1118 1996 1133 1996 1134 1996 1118 1997 1134 1997 1135 1997 1135 1998 1136 1998 1118 1998 1118 1999 1136 1999 1137 1999 1118 2000 1137 2000 1138 2000 1138 2001 1137 2001 1139 2001 1139 2002 1137 2002 1140 2002 1140 2003 1137 2003 1141 2003 1141 2004 1137 2004 1142 2004 1141 2005 1142 2005 1143 2005 1143 2006 1142 2006 1144 2006 1144 2007 1142 2007 1145 2007 1144 2008 1145 2008 1146 2008 1146 2009 1147 2009 1144 2009 1144 2010 1147 2010 1148 2010 1144 2011 1148 2011 1149 2011 1149 2012 1150 2012 1144 2012 1144 2013 1150 2013 1151 2013 1144 2014 1151 2014 1152 2014 1153 2015 1154 2015 1143 2015 1143 2016 1154 2016 1155 2016 1143 2017 1155 2017 1156 2017 1156 2018 1157 2018 1143 2018 1143 2019 1157 2019 1141 2019 1102 2020 1101 2020 395 2020 395 2021 1101 2021 1100 2021 395 2022 1100 2022 1099 2022 1099 2023 1098 2023 395 2023 395 2024 1098 2024 1097 2024 395 2025 1097 2025 1096 2025 1096 2026 1095 2026 395 2026 395 2027 1095 2027 1094 2027 395 2028 1094 2028 1158 2028 1158 2029 1094 2029 1159 2029 1159 2030 1094 2030 1160 2030 1160 2031 1094 2031 1117 2031 1160 2032 1117 2032 1161 2032 1161 2033 1117 2033 1162 2033 1162 2034 1117 2034 1163 2034 1163 2035 1117 2035 1164 2035 1164 2036 1117 2036 1165 2036 1164 2037 1165 2037 1166 2037 1166 2038 1167 2038 1164 2038 1164 2039 1167 2039 1168 2039 1164 2040 1168 2040 1169 2040 1169 2041 1168 2041 1170 2041 1169 2042 1170 2042 1171 2042 1168 2043 1172 2043 1170 2043 1170 2044 1172 2044 1173 2044 1170 2045 1173 2045 1174 2045 1174 2046 1175 2046 1170 2046 1170 2047 1175 2047 1176 2047 1177 2048 1178 2048 1171 2048 1171 2049 1178 2049 1179 2049 1171 2050 1179 2050 1180 2050 1180 2051 1181 2051 1171 2051 1171 2052 1181 2052 1182 2052 1171 2053 1182 2053 1183 2053 1183 2054 1184 2054 1171 2054 1171 2055 1184 2055 1169 2055 1158 2056 1185 2056 395 2056 395 2057 1185 2057 1186 2057 395 2058 1186 2058 1187 2058 1188 2059 346 2059 1187 2059 1187 2060 346 2060 395 2060 261 2061 1189 2061 182 2061 182 2062 1189 2062 1190 2062 182 2063 1190 2063 1191 2063 964 2064 1120 2064 261 2064 261 2065 1120 2065 1192 2065 261 2066 1192 2066 1193 2066 964 2067 1121 2067 1120 2067 1193 2068 1194 2068 261 2068 261 2069 1194 2069 1195 2069 261 2070 1195 2070 1196 2070 1196 2071 1197 2071 261 2071 261 2072 1197 2072 1189 2072 1191 2073 1198 2073 182 2073 182 2074 1198 2074 1199 2074 182 2075 1199 2075 1200 2075 1200 2076 471 2076 182 2076 182 2077 471 2077 175 2077 175 2078 471 2078 475 2078 81 2079 1201 2079 79 2079 79 2080 1201 2080 1202 2080 79 2081 1202 2081 1203 2081 1203 2082 1202 2082 1204 2082 1203 2083 1204 2083 957 2083 957 2084 1204 2084 956 2084 956 2085 1204 2085 1205 2085 956 2086 1205 2086 955 2086 955 2087 1205 2087 1206 2087 955 2088 1206 2088 954 2088 954 2089 1206 2089 1207 2089 954 2090 1207 2090 953 2090 953 2091 1207 2091 1208 2091 953 2092 1208 2092 1209 2092 1209 2093 1208 2093 1210 2093 1209 2094 1210 2094 1211 2094 1211 2095 1210 2095 1212 2095 1211 2096 1212 2096 1213 2096 1213 2097 1212 2097 1214 2097 1213 2098 1214 2098 1215 2098 1215 2099 1214 2099 1216 2099 1215 2100 1216 2100 137 2100 137 2101 1216 2101 81 2101 81 2102 1216 2102 1217 2102 81 2103 1217 2103 1218 2103 1218 2104 1217 2104 1219 2104 1218 2105 1219 2105 1220 2105 1220 2106 1219 2106 1221 2106 1220 2107 1221 2107 1222 2107 1222 2108 1221 2108 1223 2108 1222 2109 1223 2109 1206 2109 1206 2110 1223 2110 1207 2110 137 2111 138 2111 1215 2111 1215 2112 138 2112 1224 2112 1215 2113 1224 2113 1213 2113 1213 2114 1224 2114 1225 2114 1213 2115 1225 2115 1211 2115 1211 2116 1225 2116 1226 2116 1211 2117 1226 2117 1209 2117 1209 2118 1226 2118 953 2118 138 2119 139 2119 1224 2119 1224 2120 139 2120 1227 2120 1224 2121 1227 2121 1225 2121 1225 2122 1227 2122 1228 2122 1225 2123 1228 2123 1226 2123 1226 2124 1228 2124 142 2124 1226 2125 142 2125 953 2125 139 2126 140 2126 1227 2126 1227 2127 140 2127 1229 2127 1227 2128 1229 2128 1228 2128 1228 2129 1229 2129 142 2129 140 2130 141 2130 1229 2130 1229 2131 141 2131 142 2131 957 2132 958 2132 1203 2132 1203 2133 958 2133 79 2133 1201 2134 81 2134 1218 2134 1219 2135 1217 2135 1214 2135 1214 2136 1217 2136 1216 2136 1218 2137 1220 2137 1201 2137 1201 2138 1220 2138 1230 2138 1201 2139 1230 2139 1202 2139 1202 2140 1230 2140 1204 2140 1221 2141 1219 2141 1212 2141 1212 2142 1219 2142 1214 2142 1205 2143 1204 2143 1230 2143 1205 2144 1230 2144 1222 2144 1222 2145 1230 2145 1220 2145 1223 2146 1221 2146 1210 2146 1210 2147 1221 2147 1212 2147 1206 2148 1205 2148 1222 2148 1207 2149 1223 2149 1208 2149 1208 2150 1223 2150 1210 2150 142 2151 1231 2151 953 2151 953 2152 1231 2152 1232 2152 953 2153 1232 2153 1233 2153 150 2154 472 2154 142 2154 142 2155 472 2155 1234 2155 142 2156 1234 2156 1235 2156 150 2157 469 2157 472 2157 1235 2158 1236 2158 142 2158 142 2159 1236 2159 1237 2159 142 2160 1237 2160 1238 2160 1238 2161 1239 2161 142 2161 142 2162 1239 2162 1231 2162 1233 2163 1240 2163 953 2163 953 2164 1240 2164 1241 2164 953 2165 1241 2165 1242 2165 1242 2166 1124 2166 953 2166 953 2167 1124 2167 959 2167 959 2168 1124 2168 1119 2168 469 2169 150 2169 470 2169 470 2170 150 2170 229 2170 470 2171 229 2171 476 2171 476 2172 229 2172 168 2172 476 2173 168 2173 468 2173 468 2174 168 2174 167 2174 1112 2175 962 2175 1122 2175 1122 2176 962 2176 961 2176 1122 2177 961 2177 1123 2177 1123 2178 961 2178 960 2178 1123 2179 960 2179 1119 2179 1119 2180 960 2180 959 2180 282 2181 287 2181 966 2181 966 2182 287 2182 1126 2182 966 2183 1126 2183 1125 2183 1121 2184 964 2184 1125 2184 1125 2185 964 2185 966 2185 966 2186 967 2186 282 2186 282 2187 967 2187 281 2187 281 2188 967 2188 279 2188 279 2189 967 2189 968 2189 279 2190 968 2190 277 2190 277 2191 968 2191 275 2191 275 2192 968 2192 969 2192 275 2193 969 2193 274 2193 274 2194 969 2194 970 2194 274 2195 970 2195 273 2195 273 2196 970 2196 269 2196 269 2197 970 2197 385 2197 269 2198 385 2198 270 2198 475 2199 474 2199 175 2199 175 2200 474 2200 195 2200 195 2201 474 2201 473 2201 195 2202 473 2202 400 2202 400 2203 399 2203 195 2203 195 2204 399 2204 198 2204 198 2205 399 2205 415 2205 198 2206 415 2206 414 2206 198 2207 414 2207 199 2207 199 2208 414 2208 413 2208 199 2209 413 2209 412 2209 199 2210 412 2210 200 2210 200 2211 412 2211 411 2211 200 2212 411 2212 201 2212 201 2213 411 2213 410 2213 201 2214 410 2214 409 2214 372 2215 202 2215 409 2215 409 2216 202 2216 201 2216 1188 2217 1132 2217 346 2217 346 2218 1132 2218 342 2218 982 2219 1137 2219 1243 2219 1243 2220 1137 2220 1136 2220 1243 2221 1136 2221 1135 2221 1135 2222 1134 2222 1243 2222 1243 2223 1134 2223 1244 2223 1243 2224 1244 2224 979 2224 979 2225 1244 2225 977 2225 977 2226 1244 2226 1245 2226 977 2227 1245 2227 975 2227 975 2228 1245 2228 1246 2228 975 2229 1246 2229 973 2229 973 2230 1246 2230 1247 2230 973 2231 1247 2231 965 2231 965 2232 1247 2232 1130 2232 965 2233 1130 2233 1129 2233 1134 2234 1133 2234 1244 2234 1244 2235 1133 2235 1245 2235 1133 2236 1128 2236 1245 2236 1245 2237 1128 2237 1127 2237 1245 2238 1127 2238 1246 2238 1246 2239 1127 2239 1131 2239 1246 2240 1131 2240 1247 2240 1247 2241 1131 2241 1130 2241 979 2242 980 2242 1243 2242 1243 2243 980 2243 982 2243 1137 2244 982 2244 1142 2244 1142 2245 982 2245 990 2245 1152 2246 1248 2246 1144 2246 1144 2247 1248 2247 1249 2247 1144 2248 1249 2248 984 2248 984 2249 1249 2249 1250 2249 984 2250 1250 2250 991 2250 991 2251 1250 2251 992 2251 992 2252 1250 2252 1251 2252 992 2253 1251 2253 993 2253 993 2254 1251 2254 1252 2254 993 2255 1252 2255 994 2255 994 2256 1252 2256 1253 2256 994 2257 1253 2257 995 2257 995 2258 1253 2258 1254 2258 995 2259 1254 2259 990 2259 990 2260 1254 2260 1255 2260 990 2261 1255 2261 1145 2261 1145 2262 1255 2262 1256 2262 1145 2263 1256 2263 1146 2263 1146 2264 1256 2264 1147 2264 1147 2265 1256 2265 1257 2265 1147 2266 1257 2266 1148 2266 1148 2267 1257 2267 1258 2267 1148 2268 1258 2268 1149 2268 1149 2269 1258 2269 1150 2269 1150 2270 1258 2270 1259 2270 1150 2271 1259 2271 1151 2271 1151 2272 1259 2272 1248 2272 1151 2273 1248 2273 1152 2273 1145 2274 1142 2274 990 2274 1251 2275 1250 2275 1249 2275 1249 2276 1248 2276 1260 2276 1260 2277 1248 2277 1259 2277 1260 2278 1259 2278 1261 2278 1261 2279 1259 2279 1258 2279 1261 2280 1258 2280 1262 2280 1262 2281 1258 2281 1257 2281 1262 2282 1257 2282 1255 2282 1255 2283 1257 2283 1256 2283 1252 2284 1251 2284 1260 2284 1260 2285 1251 2285 1249 2285 1252 2286 1260 2286 1261 2286 1253 2287 1252 2287 1261 2287 1253 2288 1261 2288 1262 2288 1254 2289 1253 2289 1262 2289 1254 2290 1262 2290 1255 2290 1118 2291 1138 2291 981 2291 981 2292 1138 2292 985 2292 985 2293 1138 2293 1263 2293 985 2294 1263 2294 986 2294 986 2295 1263 2295 1264 2295 986 2296 1264 2296 987 2296 987 2297 1264 2297 1265 2297 987 2298 1265 2298 988 2298 988 2299 1265 2299 1266 2299 988 2300 1266 2300 989 2300 989 2301 1266 2301 1267 2301 989 2302 1267 2302 983 2302 983 2303 1267 2303 1153 2303 983 2304 1153 2304 1143 2304 1138 2305 1139 2305 1263 2305 1263 2306 1139 2306 1140 2306 1263 2307 1140 2307 1141 2307 1263 2308 1141 2308 1264 2308 1264 2309 1141 2309 1157 2309 1264 2310 1157 2310 1265 2310 1265 2311 1157 2311 1156 2311 1265 2312 1156 2312 1155 2312 1265 2313 1155 2313 1266 2313 1266 2314 1155 2314 1154 2314 1266 2315 1154 2315 1267 2315 1267 2316 1154 2316 1153 2316 216 2317 1170 2317 1268 2317 1268 2318 1170 2318 1176 2318 1268 2319 1176 2319 1175 2319 1268 2320 1175 2320 1269 2320 1269 2321 1175 2321 1174 2321 1269 2322 1174 2322 1270 2322 1270 2323 1174 2323 1173 2323 1270 2324 1173 2324 1172 2324 1270 2325 1172 2325 1271 2325 1271 2326 1172 2326 1168 2326 1271 2327 1168 2327 1272 2327 1272 2328 1168 2328 1167 2328 1272 2329 1167 2329 1166 2329 1166 2330 1165 2330 1272 2330 1272 2331 1165 2331 214 2331 1272 2332 214 2332 228 2332 1165 2333 1117 2333 214 2333 1272 2334 228 2334 1271 2334 1271 2335 228 2335 227 2335 1271 2336 227 2336 1270 2336 1270 2337 227 2337 226 2337 1270 2338 226 2338 1269 2338 1269 2339 226 2339 225 2339 1269 2340 225 2340 1268 2340 1268 2341 225 2341 224 2341 1268 2342 224 2342 216 2342 1144 2343 984 2343 1143 2343 1143 2344 984 2344 983 2344 1171 2345 1170 2345 217 2345 217 2346 1170 2346 216 2346 0 2347 1273 2347 1 2347 1 2348 1273 2348 1274 2348 1 2349 1274 2349 3 2349 3 2350 1274 2350 1275 2350 3 2351 1275 2351 5 2351 5 2352 1275 2352 1276 2352 5 2353 1276 2353 7 2353 7 2354 1276 2354 1277 2354 7 2355 1277 2355 9 2355 9 2356 1277 2356 1278 2356 9 2357 1278 2357 1279 2357 1273 2358 0 2358 1280 2358 1280 2359 0 2359 55 2359 1280 2360 55 2360 1281 2360 1281 2361 55 2361 53 2361 1281 2362 53 2362 1282 2362 1282 2363 53 2363 52 2363 1282 2364 52 2364 1283 2364 1283 2365 52 2365 1284 2365 1284 2366 52 2366 50 2366 1284 2367 50 2367 1285 2367 1285 2368 50 2368 48 2368 1285 2369 48 2369 1286 2369 1286 2370 48 2370 47 2370 1286 2371 47 2371 1287 2371 1287 2372 47 2372 45 2372 1287 2373 45 2373 1288 2373 1288 2374 45 2374 43 2374 1288 2375 43 2375 1289 2375 1289 2376 43 2376 41 2376 1289 2377 41 2377 1290 2377 1290 2378 41 2378 40 2378 1290 2379 40 2379 1291 2379 1291 2380 40 2380 38 2380 1291 2381 38 2381 1292 2381 1292 2382 38 2382 1293 2382 1293 2383 38 2383 36 2383 1293 2384 36 2384 1294 2384 1294 2385 36 2385 34 2385 1294 2386 34 2386 1295 2386 1295 2387 34 2387 33 2387 1295 2388 33 2388 1296 2388 1296 2389 33 2389 31 2389 1296 2390 31 2390 1297 2390 1297 2391 31 2391 29 2391 1297 2392 29 2392 1298 2392 1298 2393 29 2393 28 2393 1298 2394 28 2394 1299 2394 1299 2395 28 2395 26 2395 1299 2396 26 2396 1300 2396 1300 2397 26 2397 24 2397 1300 2398 24 2398 1301 2398 1301 2399 24 2399 22 2399 1301 2400 22 2400 1302 2400 1302 2401 22 2401 1303 2401 1303 2402 22 2402 21 2402 1303 2403 21 2403 1304 2403 1304 2404 21 2404 19 2404 1304 2405 19 2405 1305 2405 1305 2406 19 2406 17 2406 1305 2407 17 2407 1306 2407 1306 2408 17 2408 15 2408 1306 2409 15 2409 1307 2409 1307 2410 15 2410 14 2410 1307 2411 14 2411 1308 2411 1308 2412 14 2412 12 2412 1308 2413 12 2413 1309 2413 1309 2414 12 2414 10 2414 1309 2415 10 2415 1279 2415 1279 2416 10 2416 9 2416 1242 2417 1310 2417 1124 2417 1124 2418 1310 2418 1311 2418 1124 2419 1311 2419 1120 2419 1120 2420 1311 2420 1192 2420 1192 2421 1311 2421 1193 2421 1193 2422 1311 2422 1312 2422 1193 2423 1312 2423 1194 2423 1194 2424 1312 2424 1313 2424 1194 2425 1313 2425 1195 2425 1195 2426 1313 2426 1314 2426 1195 2427 1314 2427 1196 2427 1196 2428 1314 2428 1315 2428 1196 2429 1315 2429 1197 2429 1197 2430 1315 2430 1316 2430 1197 2431 1316 2431 1231 2431 1231 2432 1316 2432 1232 2432 1232 2433 1316 2433 1233 2433 1233 2434 1316 2434 1317 2434 1233 2435 1317 2435 1240 2435 1240 2436 1317 2436 1318 2436 1240 2437 1318 2437 1241 2437 1241 2438 1318 2438 1319 2438 1241 2439 1319 2439 1242 2439 1242 2440 1319 2440 1310 2440 1312 2441 1311 2441 1310 2441 1312 2442 1310 2442 1319 2442 1313 2443 1312 2443 1319 2443 1313 2444 1319 2444 1318 2444 1314 2445 1313 2445 1318 2445 1314 2446 1318 2446 1317 2446 1315 2447 1314 2447 1317 2447 1315 2448 1317 2448 1316 2448 1320 2449 1189 2449 1321 2449 1321 2450 1189 2450 1197 2450 1321 2451 1197 2451 1322 2451 1322 2452 1197 2452 1323 2452 1323 2453 1197 2453 1324 2453 1324 2454 1197 2454 1325 2454 1325 2455 1197 2455 1326 2455 1326 2456 1197 2456 1327 2456 1327 2457 1197 2457 1328 2457 1328 2458 1197 2458 1329 2458 1329 2459 1197 2459 1330 2459 1330 2460 1197 2460 1331 2460 1331 2461 1197 2461 1231 2461 1331 2462 1231 2462 1332 2462 1332 2463 1231 2463 1333 2463 1333 2464 1231 2464 1334 2464 1334 2465 1231 2465 1335 2465 1335 2466 1231 2466 1336 2466 1336 2467 1231 2467 1337 2467 1337 2468 1231 2468 1338 2468 1338 2469 1231 2469 1339 2469 1339 2470 1231 2470 1340 2470 1340 2471 1231 2471 1341 2471 1341 2472 1231 2472 1239 2472 1341 2473 1239 2473 1342 2473 1342 2474 1239 2474 1343 2474 1343 2475 1239 2475 1344 2475 1344 2476 1239 2476 1345 2476 1345 2477 1239 2477 1346 2477 1346 2478 1239 2478 1347 2478 1347 2479 1239 2479 1348 2479 1348 2480 1239 2480 1349 2480 1349 2481 1239 2481 1350 2481 1350 2482 1239 2482 1351 2482 1351 2483 1239 2483 1352 2483 1352 2484 1239 2484 1189 2484 1352 2485 1189 2485 1353 2485 1353 2486 1189 2486 1354 2486 1354 2487 1189 2487 1355 2487 1355 2488 1189 2488 1356 2488 1356 2489 1189 2489 1357 2489 1357 2490 1189 2490 1358 2490 1358 2491 1189 2491 1359 2491 1359 2492 1189 2492 1360 2492 1360 2493 1189 2493 1320 2493 1238 2494 1361 2494 1239 2494 1239 2495 1361 2495 1362 2495 1239 2496 1362 2496 1189 2496 1189 2497 1362 2497 1190 2497 1190 2498 1362 2498 1191 2498 1191 2499 1362 2499 1363 2499 1191 2500 1363 2500 1198 2500 1198 2501 1363 2501 1364 2501 1198 2502 1364 2502 1199 2502 1199 2503 1364 2503 1365 2503 1199 2504 1365 2504 1200 2504 1200 2505 1365 2505 1366 2505 1200 2506 1366 2506 471 2506 471 2507 1366 2507 1367 2507 471 2508 1367 2508 472 2508 472 2509 1367 2509 1234 2509 1234 2510 1367 2510 1235 2510 1235 2511 1367 2511 1368 2511 1235 2512 1368 2512 1236 2512 1236 2513 1368 2513 1369 2513 1236 2514 1369 2514 1237 2514 1237 2515 1369 2515 1370 2515 1237 2516 1370 2516 1238 2516 1238 2517 1370 2517 1361 2517 1363 2518 1362 2518 1361 2518 1363 2519 1361 2519 1370 2519 1364 2520 1363 2520 1370 2520 1364 2521 1370 2521 1369 2521 1365 2522 1364 2522 1369 2522 1365 2523 1369 2523 1368 2523 1366 2524 1365 2524 1368 2524 1366 2525 1368 2525 1367 2525 1371 2526 1372 2526 940 2526 940 2527 1372 2527 924 2527 1373 2528 1374 2528 926 2528 926 2529 1374 2529 933 2529 997 2530 996 2530 1371 2530 1371 2531 996 2531 1372 2531 165 2532 164 2532 1373 2532 1373 2533 164 2533 1374 2533 61 2534 513 2534 59 2534 59 2535 513 2535 145 2535 1375 2536 1376 2536 1377 2536 1377 2537 1376 2537 1378 2537 1377 2538 1378 2538 1379 2538 1379 2539 1378 2539 1380 2539 1379 2540 1380 2540 1381 2540 1381 2541 1380 2541 1382 2541 1381 2542 1382 2542 1383 2542 1383 2543 1382 2543 1384 2543 1383 2544 1384 2544 1385 2544 1385 2545 1384 2545 1386 2545 1385 2546 1386 2546 1387 2546 1387 2547 1386 2547 1321 2547 1387 2548 1321 2548 1322 2548 1376 2549 1375 2549 1388 2549 1388 2550 1375 2550 1389 2550 1388 2551 1389 2551 1390 2551 1390 2552 1389 2552 1391 2552 1390 2553 1391 2553 1392 2553 1392 2554 1391 2554 1393 2554 1392 2555 1393 2555 1394 2555 1394 2556 1393 2556 1395 2556 1394 2557 1395 2557 1396 2557 1396 2558 1395 2558 1397 2558 1396 2559 1397 2559 1398 2559 1398 2560 1397 2560 1399 2560 1398 2561 1399 2561 1400 2561 1400 2562 1399 2562 1401 2562 1400 2563 1401 2563 1402 2563 1402 2564 1401 2564 1403 2564 1402 2565 1403 2565 1404 2565 1404 2566 1403 2566 1405 2566 1404 2567 1405 2567 1352 2567 1352 2568 1405 2568 1406 2568 1352 2569 1406 2569 1351 2569 1351 2570 1406 2570 1407 2570 1351 2571 1407 2571 1350 2571 1350 2572 1407 2572 1408 2572 1350 2573 1408 2573 1349 2573 1349 2574 1408 2574 1409 2574 1349 2575 1409 2575 1348 2575 1348 2576 1409 2576 1410 2576 1348 2577 1410 2577 1347 2577 1347 2578 1410 2578 1411 2578 1347 2579 1411 2579 1346 2579 1346 2580 1411 2580 1412 2580 1346 2581 1412 2581 1345 2581 1345 2582 1412 2582 1413 2582 1345 2583 1413 2583 1344 2583 1344 2584 1413 2584 1414 2584 1344 2585 1414 2585 1343 2585 1343 2586 1414 2586 1415 2586 1343 2587 1415 2587 1342 2587 1342 2588 1415 2588 1416 2588 1342 2589 1416 2589 1417 2589 1417 2590 1416 2590 1418 2590 1417 2591 1418 2591 1419 2591 1419 2592 1418 2592 1420 2592 1419 2593 1420 2593 1421 2593 1421 2594 1420 2594 1422 2594 1421 2595 1422 2595 1423 2595 1423 2596 1422 2596 1424 2596 1423 2597 1424 2597 1425 2597 1425 2598 1424 2598 1426 2598 1425 2599 1426 2599 1427 2599 1427 2600 1426 2600 1428 2600 1427 2601 1428 2601 1429 2601 1429 2602 1428 2602 1430 2602 1429 2603 1430 2603 1431 2603 1431 2604 1430 2604 1432 2604 1431 2605 1432 2605 1433 2605 1433 2606 1432 2606 1434 2606 1433 2607 1434 2607 1435 2607 1435 2608 1434 2608 1436 2608 1435 2609 1436 2609 1437 2609 1437 2610 1436 2610 1438 2610 1437 2611 1438 2611 1439 2611 1439 2612 1438 2612 1440 2612 1439 2613 1440 2613 1441 2613 1441 2614 1440 2614 1442 2614 1441 2615 1442 2615 1443 2615 1443 2616 1442 2616 1444 2616 1443 2617 1444 2617 1332 2617 1332 2618 1444 2618 1331 2618 1331 2619 1444 2619 1445 2619 1331 2620 1445 2620 1446 2620 1446 2621 1445 2621 1447 2621 1446 2622 1447 2622 1448 2622 1448 2623 1447 2623 1449 2623 1448 2624 1449 2624 1450 2624 1450 2625 1449 2625 1451 2625 1450 2626 1451 2626 1452 2626 1452 2627 1451 2627 1453 2627 1452 2628 1453 2628 1454 2628 1454 2629 1453 2629 1455 2629 1454 2630 1455 2630 1456 2630 1395 2631 1457 2631 1397 2631 1397 2632 1457 2632 1458 2632 1397 2633 1458 2633 1399 2633 1399 2634 1458 2634 1459 2634 1399 2635 1459 2635 1401 2635 1401 2636 1459 2636 1460 2636 1401 2637 1460 2637 1403 2637 1403 2638 1460 2638 1461 2638 1403 2639 1461 2639 1405 2639 1405 2640 1461 2640 1406 2640 1457 2641 1462 2641 1458 2641 1458 2642 1462 2642 1463 2642 1458 2643 1463 2643 1459 2643 1459 2644 1463 2644 1464 2644 1459 2645 1464 2645 1460 2645 1460 2646 1464 2646 1465 2646 1460 2647 1465 2647 1461 2647 1461 2648 1465 2648 1466 2648 1461 2649 1466 2649 1406 2649 1406 2650 1466 2650 1407 2650 1462 2651 1467 2651 1463 2651 1463 2652 1467 2652 1468 2652 1463 2653 1468 2653 1464 2653 1464 2654 1468 2654 1469 2654 1464 2655 1469 2655 1465 2655 1465 2656 1469 2656 1470 2656 1465 2657 1470 2657 1466 2657 1466 2658 1470 2658 1471 2658 1466 2659 1471 2659 1407 2659 1407 2660 1471 2660 1408 2660 1467 2661 1472 2661 1468 2661 1468 2662 1472 2662 1473 2662 1468 2663 1473 2663 1469 2663 1469 2664 1473 2664 1474 2664 1469 2665 1474 2665 1470 2665 1470 2666 1474 2666 1475 2666 1470 2667 1475 2667 1471 2667 1471 2668 1475 2668 1476 2668 1471 2669 1476 2669 1408 2669 1408 2670 1476 2670 1409 2670 1473 2671 1472 2671 1477 2671 1477 2672 1472 2672 1478 2672 1477 2673 1478 2673 1479 2673 1479 2674 1478 2674 1480 2674 1479 2675 1480 2675 1481 2675 1481 2676 1480 2676 1482 2676 1481 2677 1482 2677 1483 2677 1483 2678 1482 2678 1484 2678 1483 2679 1484 2679 1485 2679 1485 2680 1484 2680 1486 2680 1485 2681 1486 2681 1487 2681 1487 2682 1486 2682 1488 2682 1487 2683 1488 2683 1489 2683 1489 2684 1488 2684 1490 2684 1489 2685 1490 2685 1491 2685 1491 2686 1490 2686 1492 2686 1491 2687 1492 2687 1493 2687 1493 2688 1492 2688 1494 2688 1493 2689 1494 2689 1415 2689 1415 2690 1494 2690 1416 2690 1486 2691 1495 2691 1488 2691 1488 2692 1495 2692 1496 2692 1488 2693 1496 2693 1490 2693 1490 2694 1496 2694 1497 2694 1490 2695 1497 2695 1492 2695 1492 2696 1497 2696 1498 2696 1492 2697 1498 2697 1494 2697 1494 2698 1498 2698 1418 2698 1494 2699 1418 2699 1416 2699 1495 2700 1499 2700 1496 2700 1496 2701 1499 2701 1500 2701 1496 2702 1500 2702 1497 2702 1497 2703 1500 2703 1501 2703 1497 2704 1501 2704 1498 2704 1498 2705 1501 2705 1420 2705 1498 2706 1420 2706 1418 2706 1499 2707 1502 2707 1500 2707 1500 2708 1502 2708 1503 2708 1500 2709 1503 2709 1501 2709 1501 2710 1503 2710 1422 2710 1501 2711 1422 2711 1420 2711 1502 2712 1504 2712 1503 2712 1503 2713 1504 2713 1424 2713 1503 2714 1424 2714 1422 2714 1504 2715 1426 2715 1424 2715 1434 2716 1505 2716 1436 2716 1436 2717 1505 2717 1506 2717 1436 2718 1506 2718 1438 2718 1438 2719 1506 2719 1507 2719 1438 2720 1507 2720 1440 2720 1440 2721 1507 2721 1508 2721 1440 2722 1508 2722 1442 2722 1442 2723 1508 2723 1509 2723 1442 2724 1509 2724 1444 2724 1444 2725 1509 2725 1445 2725 1505 2726 1510 2726 1506 2726 1506 2727 1510 2727 1511 2727 1506 2728 1511 2728 1507 2728 1507 2729 1511 2729 1512 2729 1507 2730 1512 2730 1508 2730 1508 2731 1512 2731 1513 2731 1508 2732 1513 2732 1509 2732 1509 2733 1513 2733 1447 2733 1509 2734 1447 2734 1445 2734 1510 2735 1514 2735 1511 2735 1511 2736 1514 2736 1515 2736 1511 2737 1515 2737 1512 2737 1512 2738 1515 2738 1516 2738 1512 2739 1516 2739 1513 2739 1513 2740 1516 2740 1449 2740 1513 2741 1449 2741 1447 2741 1514 2742 1517 2742 1515 2742 1515 2743 1517 2743 1518 2743 1515 2744 1518 2744 1516 2744 1516 2745 1518 2745 1451 2745 1516 2746 1451 2746 1449 2746 1517 2747 1455 2747 1518 2747 1518 2748 1455 2748 1453 2748 1518 2749 1453 2749 1451 2749 1454 2750 1456 2750 1519 2750 1519 2751 1456 2751 1520 2751 1519 2752 1520 2752 1521 2752 1521 2753 1520 2753 1522 2753 1521 2754 1522 2754 1523 2754 1523 2755 1522 2755 1524 2755 1523 2756 1524 2756 1525 2756 1525 2757 1524 2757 1526 2757 1525 2758 1526 2758 1527 2758 1527 2759 1526 2759 1528 2759 1527 2760 1528 2760 1529 2760 1529 2761 1528 2761 1530 2761 1529 2762 1530 2762 1531 2762 1531 2763 1530 2763 1532 2763 1531 2764 1532 2764 1533 2764 1533 2765 1532 2765 1387 2765 1533 2766 1387 2766 1322 2766 1524 2767 1534 2767 1526 2767 1526 2768 1534 2768 1535 2768 1526 2769 1535 2769 1528 2769 1528 2770 1535 2770 1536 2770 1528 2771 1536 2771 1530 2771 1530 2772 1536 2772 1537 2772 1530 2773 1537 2773 1532 2773 1532 2774 1537 2774 1385 2774 1532 2775 1385 2775 1387 2775 1534 2776 1538 2776 1535 2776 1535 2777 1538 2777 1539 2777 1535 2778 1539 2778 1536 2778 1536 2779 1539 2779 1540 2779 1536 2780 1540 2780 1537 2780 1537 2781 1540 2781 1383 2781 1537 2782 1383 2782 1385 2782 1538 2783 1541 2783 1539 2783 1539 2784 1541 2784 1542 2784 1539 2785 1542 2785 1540 2785 1540 2786 1542 2786 1381 2786 1540 2787 1381 2787 1383 2787 1541 2788 1543 2788 1542 2788 1542 2789 1543 2789 1379 2789 1542 2790 1379 2790 1381 2790 1543 2791 1377 2791 1379 2791 1322 2792 1323 2792 1533 2792 1533 2793 1323 2793 1544 2793 1533 2794 1544 2794 1531 2794 1531 2795 1544 2795 1545 2795 1531 2796 1545 2796 1529 2796 1529 2797 1545 2797 1546 2797 1529 2798 1546 2798 1527 2798 1527 2799 1546 2799 1547 2799 1527 2800 1547 2800 1525 2800 1525 2801 1547 2801 1523 2801 1323 2802 1324 2802 1544 2802 1544 2803 1324 2803 1548 2803 1544 2804 1548 2804 1545 2804 1545 2805 1548 2805 1549 2805 1545 2806 1549 2806 1546 2806 1546 2807 1549 2807 1550 2807 1546 2808 1550 2808 1547 2808 1547 2809 1550 2809 1551 2809 1547 2810 1551 2810 1523 2810 1523 2811 1551 2811 1521 2811 1324 2812 1325 2812 1548 2812 1548 2813 1325 2813 1552 2813 1548 2814 1552 2814 1549 2814 1549 2815 1552 2815 1553 2815 1549 2816 1553 2816 1550 2816 1550 2817 1553 2817 1554 2817 1550 2818 1554 2818 1551 2818 1551 2819 1554 2819 1555 2819 1551 2820 1555 2820 1521 2820 1521 2821 1555 2821 1519 2821 1325 2822 1326 2822 1552 2822 1552 2823 1326 2823 1556 2823 1552 2824 1556 2824 1553 2824 1553 2825 1556 2825 1557 2825 1553 2826 1557 2826 1554 2826 1554 2827 1557 2827 1558 2827 1554 2828 1558 2828 1555 2828 1555 2829 1558 2829 1559 2829 1555 2830 1559 2830 1519 2830 1519 2831 1559 2831 1454 2831 1326 2832 1327 2832 1556 2832 1556 2833 1327 2833 1560 2833 1556 2834 1560 2834 1557 2834 1557 2835 1560 2835 1561 2835 1557 2836 1561 2836 1558 2836 1558 2837 1561 2837 1562 2837 1558 2838 1562 2838 1559 2838 1559 2839 1562 2839 1452 2839 1559 2840 1452 2840 1454 2840 1327 2841 1328 2841 1560 2841 1560 2842 1328 2842 1563 2842 1560 2843 1563 2843 1561 2843 1561 2844 1563 2844 1564 2844 1561 2845 1564 2845 1562 2845 1562 2846 1564 2846 1450 2846 1562 2847 1450 2847 1452 2847 1328 2848 1329 2848 1563 2848 1563 2849 1329 2849 1565 2849 1563 2850 1565 2850 1564 2850 1564 2851 1565 2851 1448 2851 1564 2852 1448 2852 1450 2852 1329 2853 1330 2853 1565 2853 1565 2854 1330 2854 1446 2854 1565 2855 1446 2855 1448 2855 1330 2856 1331 2856 1446 2856 1332 2857 1333 2857 1443 2857 1443 2858 1333 2858 1566 2858 1443 2859 1566 2859 1441 2859 1441 2860 1566 2860 1567 2860 1441 2861 1567 2861 1439 2861 1439 2862 1567 2862 1568 2862 1439 2863 1568 2863 1437 2863 1437 2864 1568 2864 1569 2864 1437 2865 1569 2865 1435 2865 1435 2866 1569 2866 1433 2866 1333 2867 1334 2867 1566 2867 1566 2868 1334 2868 1570 2868 1566 2869 1570 2869 1567 2869 1567 2870 1570 2870 1571 2870 1567 2871 1571 2871 1568 2871 1568 2872 1571 2872 1572 2872 1568 2873 1572 2873 1569 2873 1569 2874 1572 2874 1573 2874 1569 2875 1573 2875 1433 2875 1433 2876 1573 2876 1431 2876 1334 2877 1335 2877 1570 2877 1570 2878 1335 2878 1574 2878 1570 2879 1574 2879 1571 2879 1571 2880 1574 2880 1575 2880 1571 2881 1575 2881 1572 2881 1572 2882 1575 2882 1576 2882 1572 2883 1576 2883 1573 2883 1573 2884 1576 2884 1577 2884 1573 2885 1577 2885 1431 2885 1431 2886 1577 2886 1429 2886 1335 2887 1336 2887 1574 2887 1574 2888 1336 2888 1578 2888 1574 2889 1578 2889 1575 2889 1575 2890 1578 2890 1579 2890 1575 2891 1579 2891 1576 2891 1576 2892 1579 2892 1580 2892 1576 2893 1580 2893 1577 2893 1577 2894 1580 2894 1581 2894 1577 2895 1581 2895 1429 2895 1429 2896 1581 2896 1427 2896 1336 2897 1337 2897 1578 2897 1578 2898 1337 2898 1582 2898 1578 2899 1582 2899 1579 2899 1579 2900 1582 2900 1583 2900 1579 2901 1583 2901 1580 2901 1580 2902 1583 2902 1584 2902 1580 2903 1584 2903 1581 2903 1581 2904 1584 2904 1585 2904 1581 2905 1585 2905 1427 2905 1427 2906 1585 2906 1425 2906 1337 2907 1338 2907 1582 2907 1582 2908 1338 2908 1586 2908 1582 2909 1586 2909 1583 2909 1583 2910 1586 2910 1587 2910 1583 2911 1587 2911 1584 2911 1584 2912 1587 2912 1588 2912 1584 2913 1588 2913 1585 2913 1585 2914 1588 2914 1423 2914 1585 2915 1423 2915 1425 2915 1338 2916 1339 2916 1586 2916 1586 2917 1339 2917 1589 2917 1586 2918 1589 2918 1587 2918 1587 2919 1589 2919 1590 2919 1587 2920 1590 2920 1588 2920 1588 2921 1590 2921 1421 2921 1588 2922 1421 2922 1423 2922 1339 2923 1340 2923 1589 2923 1589 2924 1340 2924 1591 2924 1589 2925 1591 2925 1590 2925 1590 2926 1591 2926 1419 2926 1590 2927 1419 2927 1421 2927 1340 2928 1341 2928 1591 2928 1591 2929 1341 2929 1417 2929 1591 2930 1417 2930 1419 2930 1341 2931 1342 2931 1417 2931 1352 2932 1353 2932 1404 2932 1404 2933 1353 2933 1592 2933 1404 2934 1592 2934 1402 2934 1402 2935 1592 2935 1593 2935 1402 2936 1593 2936 1400 2936 1400 2937 1593 2937 1594 2937 1400 2938 1594 2938 1398 2938 1398 2939 1594 2939 1595 2939 1398 2940 1595 2940 1396 2940 1396 2941 1595 2941 1394 2941 1353 2942 1354 2942 1592 2942 1592 2943 1354 2943 1596 2943 1592 2944 1596 2944 1593 2944 1593 2945 1596 2945 1597 2945 1593 2946 1597 2946 1594 2946 1594 2947 1597 2947 1598 2947 1594 2948 1598 2948 1595 2948 1595 2949 1598 2949 1599 2949 1595 2950 1599 2950 1394 2950 1394 2951 1599 2951 1392 2951 1354 2952 1355 2952 1596 2952 1596 2953 1355 2953 1600 2953 1596 2954 1600 2954 1597 2954 1597 2955 1600 2955 1601 2955 1597 2956 1601 2956 1598 2956 1598 2957 1601 2957 1602 2957 1598 2958 1602 2958 1599 2958 1599 2959 1602 2959 1603 2959 1599 2960 1603 2960 1392 2960 1392 2961 1603 2961 1390 2961 1355 2962 1356 2962 1600 2962 1600 2963 1356 2963 1604 2963 1600 2964 1604 2964 1601 2964 1601 2965 1604 2965 1605 2965 1601 2966 1605 2966 1602 2966 1602 2967 1605 2967 1606 2967 1602 2968 1606 2968 1603 2968 1603 2969 1606 2969 1607 2969 1603 2970 1607 2970 1390 2970 1390 2971 1607 2971 1388 2971 1356 2972 1357 2972 1604 2972 1604 2973 1357 2973 1608 2973 1604 2974 1608 2974 1605 2974 1605 2975 1608 2975 1609 2975 1605 2976 1609 2976 1606 2976 1606 2977 1609 2977 1610 2977 1606 2978 1610 2978 1607 2978 1607 2979 1610 2979 1611 2979 1607 2980 1611 2980 1388 2980 1388 2981 1611 2981 1376 2981 1357 2982 1358 2982 1608 2982 1608 2983 1358 2983 1612 2983 1608 2984 1612 2984 1609 2984 1609 2985 1612 2985 1613 2985 1609 2986 1613 2986 1610 2986 1610 2987 1613 2987 1614 2987 1610 2988 1614 2988 1611 2988 1611 2989 1614 2989 1615 2989 1611 2990 1615 2990 1376 2990 1376 2991 1615 2991 1378 2991 1358 2992 1359 2992 1612 2992 1612 2993 1359 2993 1616 2993 1612 2994 1616 2994 1613 2994 1613 2995 1616 2995 1617 2995 1613 2996 1617 2996 1614 2996 1614 2997 1617 2997 1618 2997 1614 2998 1618 2998 1615 2998 1615 2999 1618 2999 1380 2999 1615 3000 1380 3000 1378 3000 1359 3001 1360 3001 1616 3001 1616 3002 1360 3002 1619 3002 1616 3003 1619 3003 1617 3003 1617 3004 1619 3004 1620 3004 1617 3005 1620 3005 1618 3005 1618 3006 1620 3006 1382 3006 1618 3007 1382 3007 1380 3007 1360 3008 1320 3008 1619 3008 1619 3009 1320 3009 1621 3009 1619 3010 1621 3010 1620 3010 1620 3011 1621 3011 1384 3011 1620 3012 1384 3012 1382 3012 1320 3013 1321 3013 1621 3013 1621 3014 1321 3014 1386 3014 1621 3015 1386 3015 1384 3015 1479 3016 1622 3016 1477 3016 1477 3017 1622 3017 1474 3017 1477 3018 1474 3018 1473 3018 1474 3019 1622 3019 1475 3019 1475 3020 1622 3020 1623 3020 1475 3021 1623 3021 1476 3021 1476 3022 1623 3022 1624 3022 1476 3023 1624 3023 1409 3023 1409 3024 1624 3024 1410 3024 1622 3025 1479 3025 1625 3025 1625 3026 1479 3026 1481 3026 1625 3027 1481 3027 1626 3027 1626 3028 1481 3028 1483 3028 1626 3029 1483 3029 1627 3029 1627 3030 1483 3030 1485 3030 1627 3031 1485 3031 1628 3031 1628 3032 1485 3032 1487 3032 1628 3033 1487 3033 1489 3033 1622 3034 1625 3034 1623 3034 1623 3035 1625 3035 1629 3035 1623 3036 1629 3036 1624 3036 1624 3037 1629 3037 1630 3037 1624 3038 1630 3038 1410 3038 1410 3039 1630 3039 1411 3039 1629 3040 1625 3040 1626 3040 1629 3041 1626 3041 1631 3041 1631 3042 1626 3042 1627 3042 1631 3043 1627 3043 1632 3043 1632 3044 1627 3044 1628 3044 1632 3045 1628 3045 1633 3045 1633 3046 1628 3046 1489 3046 1633 3047 1489 3047 1491 3047 1629 3048 1631 3048 1630 3048 1630 3049 1631 3049 1634 3049 1630 3050 1634 3050 1411 3050 1411 3051 1634 3051 1412 3051 1634 3052 1631 3052 1632 3052 1634 3053 1632 3053 1635 3053 1635 3054 1632 3054 1633 3054 1635 3055 1633 3055 1636 3055 1636 3056 1633 3056 1491 3056 1636 3057 1491 3057 1493 3057 1413 3058 1412 3058 1635 3058 1635 3059 1412 3059 1634 3059 1413 3060 1635 3060 1636 3060 1414 3061 1413 3061 1636 3061 1414 3062 1636 3062 1493 3062 1415 3063 1414 3063 1493 3063 1298 3064 1375 3064 1297 3064 1297 3065 1375 3065 1377 3065 1297 3066 1377 3066 1296 3066 1296 3067 1377 3067 1543 3067 1296 3068 1543 3068 1295 3068 1295 3069 1543 3069 1541 3069 1295 3070 1541 3070 1294 3070 1294 3071 1541 3071 1538 3071 1294 3072 1538 3072 1293 3072 1293 3073 1538 3073 1534 3073 1293 3074 1534 3074 1292 3074 1292 3075 1534 3075 1524 3075 1292 3076 1524 3076 1291 3076 1291 3077 1524 3077 1522 3077 1291 3078 1522 3078 1290 3078 1290 3079 1522 3079 1520 3079 1290 3080 1520 3080 1289 3080 1289 3081 1520 3081 1456 3081 1289 3082 1456 3082 1288 3082 1288 3083 1456 3083 1455 3083 1288 3084 1455 3084 1287 3084 1287 3085 1455 3085 1517 3085 1287 3086 1517 3086 1286 3086 1286 3087 1517 3087 1514 3087 1286 3088 1514 3088 1285 3088 1285 3089 1514 3089 1510 3089 1285 3090 1510 3090 1284 3090 1284 3091 1510 3091 1505 3091 1284 3092 1505 3092 1283 3092 1283 3093 1505 3093 1434 3093 1283 3094 1434 3094 1282 3094 1282 3095 1434 3095 1432 3095 1282 3096 1432 3096 1281 3096 1281 3097 1432 3097 1430 3097 1281 3098 1430 3098 1280 3098 1280 3099 1430 3099 1428 3099 1280 3100 1428 3100 1273 3100 1273 3101 1428 3101 1426 3101 1273 3102 1426 3102 1274 3102 1274 3103 1426 3103 1504 3103 1274 3104 1504 3104 1275 3104 1275 3105 1504 3105 1502 3105 1275 3106 1502 3106 1276 3106 1276 3107 1502 3107 1499 3107 1276 3108 1499 3108 1277 3108 1277 3109 1499 3109 1495 3109 1277 3110 1495 3110 1278 3110 1278 3111 1495 3111 1486 3111 1278 3112 1486 3112 1279 3112 1279 3113 1486 3113 1484 3113 1279 3114 1484 3114 1309 3114 1309 3115 1484 3115 1482 3115 1309 3116 1482 3116 1308 3116 1308 3117 1482 3117 1480 3117 1308 3118 1480 3118 1307 3118 1307 3119 1480 3119 1478 3119 1307 3120 1478 3120 1306 3120 1306 3121 1478 3121 1472 3121 1306 3122 1472 3122 1305 3122 1305 3123 1472 3123 1467 3123 1305 3124 1467 3124 1304 3124 1304 3125 1467 3125 1462 3125 1304 3126 1462 3126 1303 3126 1303 3127 1462 3127 1457 3127 1303 3128 1457 3128 1302 3128 1302 3129 1457 3129 1395 3129 1302 3130 1395 3130 1301 3130 1301 3131 1395 3131 1393 3131 1301 3132 1393 3132 1300 3132 1300 3133 1393 3133 1391 3133 1300 3134 1391 3134 1299 3134 1299 3135 1391 3135 1389 3135 1299 3136 1389 3136 1298 3136 1298 3137 1389 3137 1375 3137 32 3138 923 3138 30 3138 30 3139 923 3139 925 3139 30 3140 925 3140 27 3140 27 3141 925 3141 927 3141 27 3142 927 3142 25 3142 25 3143 927 3143 928 3143 25 3144 928 3144 23 3144 23 3145 928 3145 929 3145 23 3146 929 3146 20 3146 20 3147 929 3147 930 3147 20 3148 930 3148 18 3148 18 3149 930 3149 931 3149 18 3150 931 3150 16 3150 16 3151 931 3151 932 3151 16 3152 932 3152 13 3152 13 3153 932 3153 934 3153 13 3154 934 3154 11 3154 11 3155 934 3155 935 3155 11 3156 935 3156 8 3156 8 3157 935 3157 936 3157 8 3158 936 3158 6 3158 6 3159 936 3159 937 3159 6 3160 937 3160 4 3160 4 3161 937 3161 938 3161 4 3162 938 3162 2 3162 2 3163 938 3163 939 3163 2 3164 939 3164 56 3164 56 3165 939 3165 941 3165 56 3166 941 3166 54 3166 54 3167 941 3167 942 3167 54 3168 942 3168 51 3168 51 3169 942 3169 943 3169 51 3170 943 3170 49 3170 49 3171 943 3171 944 3171 49 3172 944 3172 46 3172 46 3173 944 3173 945 3173 46 3174 945 3174 44 3174 44 3175 945 3175 946 3175 44 3176 946 3176 42 3176 42 3177 946 3177 947 3177 42 3178 947 3178 39 3178 39 3179 947 3179 948 3179 39 3180 948 3180 37 3180 37 3181 948 3181 949 3181 37 3182 949 3182 35 3182 35 3183 949 3183 950 3183 35 3184 950 3184 32 3184 32 3185 950 3185 923 3185 926 3186 166 3186 1373 3186 1373 3187 166 3187 165 3187 164 3188 159 3188 1374 3188 1374 3189 159 3189 933 3189 940 3190 951 3190 1371 3190 1371 3191 951 3191 997 3191 996 3192 952 3192 1372 3192 1372 3193 952 3193 924 3193 204 3194 365 3194 203 3194 203 3195 365 3195 971 3195 1022 3196 1023 3196 203 3196 203 3197 1023 3197 1024 3197 203 3198 1024 3198 1025 3198 1025 3199 1026 3199 203 3199 203 3200 1026 3200 1027 3200 203 3201 1027 3201 1028 3201 1028 3202 1029 3202 203 3202 203 3203 1029 3203 1030 3203 203 3204 1030 3204 196 3204 196 3205 1030 3205 1031 3205 196 3206 1031 3206 1032 3206 1032 3207 1033 3207 196 3207 196 3208 1033 3208 1034 3208 196 3209 1034 3209 1188 3209 1188 3210 1034 3210 1035 3210 1188 3211 1035 3211 1036 3211 1036 3212 1037 3212 1188 3212 1188 3213 1037 3213 1038 3213 1188 3214 1038 3214 1132 3214 1132 3215 1038 3215 1080 3215 1132 3216 1080 3216 1081 3216 1038 3217 1039 3217 1080 3217 1080 3218 1039 3218 1079 3218 1079 3219 1039 3219 1040 3219 1079 3220 1040 3220 1078 3220 1078 3221 1040 3221 1041 3221 1078 3222 1041 3222 1077 3222 1077 3223 1041 3223 1076 3223 1076 3224 1041 3224 1042 3224 1076 3225 1042 3225 1075 3225 1075 3226 1042 3226 1043 3226 1075 3227 1043 3227 1074 3227 1074 3228 1043 3228 1044 3228 1074 3229 1044 3229 1073 3229 1073 3230 1044 3230 1045 3230 1073 3231 1045 3231 1022 3231 1070 3232 1071 3232 971 3232 971 3233 1071 3233 1072 3233 971 3234 1072 3234 1022 3234 1022 3235 1072 3235 1073 3235 1081 3236 1082 3236 1132 3236 1132 3237 1082 3237 1083 3237 1132 3238 1083 3238 1084 3238 1132 3239 1084 3239 965 3239 965 3240 1084 3240 1085 3240 965 3241 1085 3241 1086 3241 1086 3242 1087 3242 965 3242 965 3243 1087 3243 1088 3243 965 3244 1088 3244 971 3244 971 3245 1088 3245 1089 3245 971 3246 1089 3246 1090 3246 1090 3247 1091 3247 971 3247 971 3248 1091 3248 1092 3248 971 3249 1092 3249 1093 3249 1093 3250 1070 3250 971 3250 1188 3251 1187 3251 196 3251 203 3252 971 3252 1022 3252 965 3253 1129 3253 1132 3253 1164 3254 1169 3254 215 3254 215 3255 1169 3255 218 3255 196 3256 1187 3256 1637 3256 1637 3257 1187 3257 1186 3257 1637 3258 1186 3258 1185 3258 1637 3259 1185 3259 1638 3259 1638 3260 1185 3260 1158 3260 1638 3261 1158 3261 1639 3261 1639 3262 1158 3262 1159 3262 1639 3263 1159 3263 1160 3263 1639 3264 1160 3264 1640 3264 1640 3265 1160 3265 1161 3265 1640 3266 1161 3266 1641 3266 1641 3267 1161 3267 1162 3267 1641 3268 1162 3268 1163 3268 1164 3269 215 3269 1163 3269 1163 3270 215 3270 1641 3270 215 3271 213 3271 1641 3271 1641 3272 213 3272 1640 3272 213 3273 212 3273 1640 3273 1640 3274 212 3274 1639 3274 212 3275 210 3275 1639 3275 1639 3276 210 3276 1638 3276 210 3277 208 3277 1638 3277 1638 3278 208 3278 1637 3278 208 3279 206 3279 1637 3279 1637 3280 206 3280 196 3280 1184 3281 1642 3281 1169 3281 1169 3282 1642 3282 1643 3282 1169 3283 1643 3283 218 3283 218 3284 1643 3284 1644 3284 218 3285 1644 3285 223 3285 223 3286 1644 3286 222 3286 222 3287 1644 3287 1645 3287 222 3288 1645 3288 221 3288 221 3289 1645 3289 1646 3289 221 3290 1646 3290 220 3290 220 3291 1646 3291 1647 3291 220 3292 1647 3292 219 3292 219 3293 1647 3293 1648 3293 219 3294 1648 3294 217 3294 217 3295 1648 3295 1649 3295 217 3296 1649 3296 1650 3296 1650 3297 1649 3297 1651 3297 1650 3298 1651 3298 1178 3298 1178 3299 1651 3299 1179 3299 1179 3300 1651 3300 1652 3300 1179 3301 1652 3301 1180 3301 1180 3302 1652 3302 1181 3302 1181 3303 1652 3303 1653 3303 1181 3304 1653 3304 1182 3304 1182 3305 1653 3305 1642 3305 1182 3306 1642 3306 1183 3306 1183 3307 1642 3307 1184 3307 1178 3308 1177 3308 1650 3308 1650 3309 1177 3309 217 3309 1177 3310 1171 3310 217 3310 1645 3311 1644 3311 1643 3311 1643 3312 1642 3312 1654 3312 1654 3313 1642 3313 1653 3313 1654 3314 1653 3314 1655 3314 1655 3315 1653 3315 1652 3315 1655 3316 1652 3316 1656 3316 1656 3317 1652 3317 1651 3317 1656 3318 1651 3318 1649 3318 1646 3319 1645 3319 1654 3319 1654 3320 1645 3320 1643 3320 1646 3321 1654 3321 1655 3321 1647 3322 1646 3322 1655 3322 1647 3323 1655 3323 1656 3323 1648 3324 1647 3324 1656 3324 1648 3325 1656 3325 1649 3325 1657 3326 1658 3326 1659 3326 1659 3327 1658 3327 1660 3327 1659 3328 1660 3328 1661 3328 1661 3329 1660 3329 1662 3329 1661 3330 1662 3330 1663 3330 1663 3331 1662 3331 1664 3331 1663 3332 1664 3332 1665 3332 1665 3333 1664 3333 1666 3333 1665 3334 1666 3334 1667 3334 1667 3335 1666 3335 1668 3335 1667 3336 1668 3336 1669 3336 1669 3337 1668 3337 1670 3337 1669 3338 1670 3338 1671 3338 1671 3339 1670 3339 1672 3339 1671 3340 1672 3340 1673 3340 1673 3341 1672 3341 1674 3341 1673 3342 1674 3342 1675 3342 1675 3343 1674 3343 1676 3343 1675 3344 1676 3344 1677 3344 1677 3345 1676 3345 1678 3345 1677 3346 1678 3346 1679 3346 1679 3347 1678 3347 1680 3347 1679 3348 1680 3348 1681 3348 1681 3349 1680 3349 1682 3349 1681 3350 1682 3350 1683 3350 1683 3351 1682 3351 1684 3351 1683 3352 1684 3352 1685 3352 1685 3353 1684 3353 1686 3353 1685 3354 1686 3354 1687 3354 1687 3355 1686 3355 1688 3355 1687 3356 1688 3356 1689 3356 1689 3357 1688 3357 1690 3357 1689 3358 1690 3358 1691 3358 1691 3359 1690 3359 1692 3359 1691 3360 1692 3360 1693 3360 1693 3361 1692 3361 1694 3361 1693 3362 1694 3362 1695 3362 1695 3363 1694 3363 1696 3363 1695 3364 1696 3364 1697 3364 1697 3365 1696 3365 1698 3365 1697 3366 1698 3366 1699 3366 1699 3367 1698 3367 1700 3367 1699 3368 1700 3368 1701 3368 1701 3369 1700 3369 1702 3369 1701 3370 1702 3370 1703 3370 1703 3371 1702 3371 1704 3371 1703 3372 1704 3372 1657 3372 1657 3373 1704 3373 1658 3373 1705 3374 1706 3374 1707 3374 1707 3375 1706 3375 1708 3375 1707 3376 1708 3376 1709 3376 1709 3377 1708 3377 1710 3377 1709 3378 1710 3378 1711 3378 1711 3379 1710 3379 1712 3379 1711 3380 1712 3380 1713 3380 1713 3381 1712 3381 1714 3381 1713 3382 1714 3382 1715 3382 1715 3383 1714 3383 1716 3383 1715 3384 1716 3384 1717 3384 1717 3385 1716 3385 1718 3385 1717 3386 1718 3386 1719 3386 1719 3387 1718 3387 1720 3387 1719 3388 1720 3388 1721 3388 1721 3389 1720 3389 1722 3389 1721 3390 1722 3390 1723 3390 1723 3391 1722 3391 1724 3391 1723 3392 1724 3392 1725 3392 1725 3393 1724 3393 1726 3393 1725 3394 1726 3394 1727 3394 1727 3395 1726 3395 1728 3395 1727 3396 1728 3396 1729 3396 1729 3397 1728 3397 1730 3397 1729 3398 1730 3398 1731 3398 1731 3399 1730 3399 1732 3399 1731 3400 1732 3400 1733 3400 1733 3401 1732 3401 1734 3401 1733 3402 1734 3402 1735 3402 1735 3403 1734 3403 1736 3403 1735 3404 1736 3404 1737 3404 1737 3405 1736 3405 1738 3405 1737 3406 1738 3406 1739 3406 1739 3407 1738 3407 1740 3407 1739 3408 1740 3408 1741 3408 1741 3409 1740 3409 1742 3409 1741 3410 1742 3410 1743 3410 1743 3411 1742 3411 1744 3411 1743 3412 1744 3412 1745 3412 1745 3413 1744 3413 1746 3413 1745 3414 1746 3414 1747 3414 1747 3415 1746 3415 1748 3415 1747 3416 1748 3416 1749 3416 1749 3417 1748 3417 1750 3417 1749 3418 1750 3418 1751 3418 1751 3419 1750 3419 1752 3419 1751 3420 1752 3420 1705 3420 1705 3421 1752 3421 1706 3421 1753 3422 1754 3422 1755 3422 1755 3423 1754 3423 1756 3423 1755 3424 1756 3424 1757 3424 1757 3425 1756 3425 1758 3425 1757 3426 1758 3426 1759 3426 1759 3427 1758 3427 1760 3427 1759 3428 1760 3428 1761 3428 1761 3429 1760 3429 1762 3429 1761 3430 1762 3430 1763 3430 1763 3431 1762 3431 1764 3431 1763 3432 1764 3432 1765 3432 1765 3433 1764 3433 1766 3433 1765 3434 1766 3434 1767 3434 1767 3435 1766 3435 1768 3435 1767 3436 1768 3436 1769 3436 1769 3437 1768 3437 1770 3437 1769 3438 1770 3438 1771 3438 1771 3439 1770 3439 1772 3439 1771 3440 1772 3440 1773 3440 1773 3441 1772 3441 1774 3441 1773 3442 1774 3442 1775 3442 1775 3443 1774 3443 1776 3443 1775 3444 1776 3444 1777 3444 1777 3445 1776 3445 1778 3445 1777 3446 1778 3446 1779 3446 1779 3447 1778 3447 1780 3447 1779 3448 1780 3448 1781 3448 1781 3449 1780 3449 1782 3449 1781 3450 1782 3450 1783 3450 1783 3451 1782 3451 1784 3451 1783 3452 1784 3452 1785 3452 1785 3453 1784 3453 1786 3453 1785 3454 1786 3454 1787 3454 1787 3455 1786 3455 1788 3455 1787 3456 1788 3456 1789 3456 1789 3457 1788 3457 1790 3457 1789 3458 1790 3458 1791 3458 1791 3459 1790 3459 1792 3459 1791 3460 1792 3460 1793 3460 1793 3461 1792 3461 1794 3461 1793 3462 1794 3462 1795 3462 1795 3463 1794 3463 1796 3463 1795 3464 1796 3464 1797 3464 1797 3465 1796 3465 1798 3465 1797 3466 1798 3466 1799 3466 1799 3467 1798 3467 1800 3467 1799 3468 1800 3468 1753 3468 1753 3469 1800 3469 1754 3469 1708 3470 1756 3470 1710 3470 1710 3471 1756 3471 1754 3471 1710 3472 1754 3472 1712 3472 1712 3473 1754 3473 1800 3473 1712 3474 1800 3474 1714 3474 1714 3475 1800 3475 1798 3475 1714 3476 1798 3476 1716 3476 1716 3477 1798 3477 1796 3477 1716 3478 1796 3478 1718 3478 1718 3479 1796 3479 1794 3479 1718 3480 1794 3480 1720 3480 1720 3481 1794 3481 1792 3481 1720 3482 1792 3482 1722 3482 1722 3483 1792 3483 1790 3483 1722 3484 1790 3484 1724 3484 1724 3485 1790 3485 1788 3485 1724 3486 1788 3486 1726 3486 1726 3487 1788 3487 1786 3487 1726 3488 1786 3488 1728 3488 1728 3489 1786 3489 1784 3489 1728 3490 1784 3490 1730 3490 1730 3491 1784 3491 1782 3491 1730 3492 1782 3492 1732 3492 1732 3493 1782 3493 1780 3493 1732 3494 1780 3494 1734 3494 1734 3495 1780 3495 1778 3495 1734 3496 1778 3496 1736 3496 1736 3497 1778 3497 1776 3497 1736 3498 1776 3498 1738 3498 1738 3499 1776 3499 1774 3499 1738 3500 1774 3500 1740 3500 1740 3501 1774 3501 1772 3501 1740 3502 1772 3502 1742 3502 1742 3503 1772 3503 1770 3503 1742 3504 1770 3504 1744 3504 1744 3505 1770 3505 1768 3505 1744 3506 1768 3506 1746 3506 1746 3507 1768 3507 1766 3507 1746 3508 1766 3508 1748 3508 1748 3509 1766 3509 1764 3509 1748 3510 1764 3510 1750 3510 1750 3511 1764 3511 1762 3511 1750 3512 1762 3512 1752 3512 1752 3513 1762 3513 1760 3513 1752 3514 1760 3514 1706 3514 1706 3515 1760 3515 1758 3515 1706 3516 1758 3516 1708 3516 1708 3517 1758 3517 1756 3517 1801 3518 1729 3518 1802 3518 1802 3519 1729 3519 1731 3519 1802 3520 1731 3520 1803 3520 1803 3521 1731 3521 1733 3521 1803 3522 1733 3522 1804 3522 1804 3523 1733 3523 1735 3523 1804 3524 1735 3524 1805 3524 1805 3525 1735 3525 1737 3525 1805 3526 1737 3526 1806 3526 1806 3527 1737 3527 1739 3527 1806 3528 1739 3528 1807 3528 1807 3529 1739 3529 1741 3529 1807 3530 1741 3530 1808 3530 1808 3531 1741 3531 1743 3531 1808 3532 1743 3532 1809 3532 1809 3533 1743 3533 1745 3533 1809 3534 1745 3534 1810 3534 1810 3535 1745 3535 1747 3535 1810 3536 1747 3536 1811 3536 1811 3537 1747 3537 1749 3537 1811 3538 1749 3538 1812 3538 1812 3539 1749 3539 1751 3539 1812 3540 1751 3540 1813 3540 1813 3541 1751 3541 1705 3541 1813 3542 1705 3542 1814 3542 1814 3543 1705 3543 1707 3543 1814 3544 1707 3544 1815 3544 1815 3545 1707 3545 1709 3545 1815 3546 1709 3546 1816 3546 1816 3547 1709 3547 1711 3547 1816 3548 1711 3548 1817 3548 1817 3549 1711 3549 1713 3549 1817 3550 1713 3550 1818 3550 1818 3551 1713 3551 1715 3551 1818 3552 1715 3552 1819 3552 1819 3553 1715 3553 1717 3553 1819 3554 1717 3554 1820 3554 1820 3555 1717 3555 1719 3555 1820 3556 1719 3556 1821 3556 1821 3557 1719 3557 1721 3557 1821 3558 1721 3558 1822 3558 1822 3559 1721 3559 1723 3559 1822 3560 1723 3560 1823 3560 1823 3561 1723 3561 1725 3561 1823 3562 1725 3562 1824 3562 1824 3563 1725 3563 1727 3563 1824 3564 1727 3564 1801 3564 1801 3565 1727 3565 1729 3565 1661 3566 1825 3566 1659 3566 1659 3567 1825 3567 1826 3567 1659 3568 1826 3568 1657 3568 1657 3569 1826 3569 1827 3569 1657 3570 1827 3570 1703 3570 1703 3571 1827 3571 1828 3571 1703 3572 1828 3572 1701 3572 1701 3573 1828 3573 1829 3573 1701 3574 1829 3574 1699 3574 1699 3575 1829 3575 1830 3575 1699 3576 1830 3576 1697 3576 1697 3577 1830 3577 1831 3577 1697 3578 1831 3578 1695 3578 1695 3579 1831 3579 1832 3579 1695 3580 1832 3580 1693 3580 1693 3581 1832 3581 1833 3581 1693 3582 1833 3582 1691 3582 1691 3583 1833 3583 1834 3583 1691 3584 1834 3584 1689 3584 1689 3585 1834 3585 1835 3585 1689 3586 1835 3586 1687 3586 1687 3587 1835 3587 1836 3587 1687 3588 1836 3588 1685 3588 1685 3589 1836 3589 1837 3589 1685 3590 1837 3590 1683 3590 1683 3591 1837 3591 1838 3591 1683 3592 1838 3592 1681 3592 1681 3593 1838 3593 1839 3593 1681 3594 1839 3594 1679 3594 1679 3595 1839 3595 1840 3595 1679 3596 1840 3596 1677 3596 1677 3597 1840 3597 1841 3597 1677 3598 1841 3598 1675 3598 1675 3599 1841 3599 1842 3599 1675 3600 1842 3600 1673 3600 1673 3601 1842 3601 1843 3601 1673 3602 1843 3602 1671 3602 1671 3603 1843 3603 1844 3603 1671 3604 1844 3604 1669 3604 1669 3605 1844 3605 1845 3605 1669 3606 1845 3606 1667 3606 1667 3607 1845 3607 1846 3607 1667 3608 1846 3608 1665 3608 1665 3609 1846 3609 1847 3609 1665 3610 1847 3610 1663 3610 1663 3611 1847 3611 1848 3611 1663 3612 1848 3612 1661 3612 1661 3613 1848 3613 1825 3613 1757 3614 1827 3614 1755 3614 1755 3615 1827 3615 1826 3615 1755 3616 1826 3616 1753 3616 1753 3617 1826 3617 1825 3617 1753 3618 1825 3618 1799 3618 1799 3619 1825 3619 1848 3619 1799 3620 1848 3620 1797 3620 1797 3621 1848 3621 1847 3621 1797 3622 1847 3622 1795 3622 1795 3623 1847 3623 1846 3623 1795 3624 1846 3624 1793 3624 1793 3625 1846 3625 1845 3625 1793 3626 1845 3626 1791 3626 1791 3627 1845 3627 1844 3627 1791 3628 1844 3628 1789 3628 1789 3629 1844 3629 1843 3629 1789 3630 1843 3630 1787 3630 1787 3631 1843 3631 1842 3631 1787 3632 1842 3632 1785 3632 1785 3633 1842 3633 1841 3633 1785 3634 1841 3634 1783 3634 1783 3635 1841 3635 1840 3635 1783 3636 1840 3636 1781 3636 1781 3637 1840 3637 1839 3637 1781 3638 1839 3638 1779 3638 1779 3639 1839 3639 1838 3639 1779 3640 1838 3640 1777 3640 1777 3641 1838 3641 1837 3641 1777 3642 1837 3642 1775 3642 1775 3643 1837 3643 1836 3643 1775 3644 1836 3644 1773 3644 1773 3645 1836 3645 1835 3645 1773 3646 1835 3646 1771 3646 1771 3647 1835 3647 1834 3647 1771 3648 1834 3648 1769 3648 1769 3649 1834 3649 1833 3649 1769 3650 1833 3650 1767 3650 1767 3651 1833 3651 1832 3651 1767 3652 1832 3652 1765 3652 1765 3653 1832 3653 1831 3653 1765 3654 1831 3654 1763 3654 1763 3655 1831 3655 1830 3655 1763 3656 1830 3656 1761 3656 1761 3657 1830 3657 1829 3657 1761 3658 1829 3658 1759 3658 1759 3659 1829 3659 1828 3659 1759 3660 1828 3660 1757 3660 1757 3661 1828 3661 1827 3661 1849 3662 1850 3662 1851 3662 1849 3663 1851 3663 1852 3663 1849 3664 1852 3664 1853 3664 1849 3665 1853 3665 1854 3665 1849 3666 1854 3666 1855 3666 1849 3667 1855 3667 1850 3667 1856 3668 1857 3668 1850 3668 1850 3669 1857 3669 1851 3669 1857 3670 1858 3670 1851 3670 1851 3671 1858 3671 1852 3671 1858 3672 1859 3672 1852 3672 1852 3673 1859 3673 1853 3673 1859 3674 1860 3674 1853 3674 1853 3675 1860 3675 1854 3675 1860 3676 1861 3676 1854 3676 1854 3677 1861 3677 1855 3677 1861 3678 1856 3678 1855 3678 1855 3679 1856 3679 1850 3679 1856 3680 1862 3680 1857 3680 1857 3681 1862 3681 1863 3681 1857 3682 1863 3682 1864 3682 1861 3683 1865 3683 1856 3683 1856 3684 1865 3684 1866 3684 1856 3685 1866 3685 1867 3685 1860 3686 1868 3686 1861 3686 1861 3687 1868 3687 1869 3687 1861 3688 1869 3688 1870 3688 1859 3689 1871 3689 1860 3689 1860 3690 1871 3690 1872 3690 1860 3691 1872 3691 1873 3691 1858 3692 1874 3692 1859 3692 1859 3693 1874 3693 1875 3693 1859 3694 1875 3694 1876 3694 1857 3695 1877 3695 1858 3695 1858 3696 1877 3696 1878 3696 1858 3697 1878 3697 1879 3697 1876 3698 1880 3698 1859 3698 1859 3699 1880 3699 1871 3699 1873 3700 1881 3700 1860 3700 1860 3701 1881 3701 1868 3701 1870 3702 1882 3702 1861 3702 1861 3703 1882 3703 1865 3703 1867 3704 1883 3704 1856 3704 1856 3705 1883 3705 1862 3705 1864 3706 1884 3706 1857 3706 1857 3707 1884 3707 1877 3707 1879 3708 1885 3708 1858 3708 1858 3709 1885 3709 1874 3709 1885 3710 1801 3710 1874 3710 1874 3711 1801 3711 1802 3711 1874 3712 1802 3712 1875 3712 1875 3713 1802 3713 1803 3713 1875 3714 1803 3714 1876 3714 1876 3715 1803 3715 1804 3715 1876 3716 1804 3716 1880 3716 1880 3717 1804 3717 1805 3717 1880 3718 1805 3718 1871 3718 1871 3719 1805 3719 1806 3719 1871 3720 1806 3720 1872 3720 1872 3721 1806 3721 1807 3721 1872 3722 1807 3722 1873 3722 1873 3723 1807 3723 1808 3723 1873 3724 1808 3724 1881 3724 1881 3725 1808 3725 1809 3725 1881 3726 1809 3726 1868 3726 1868 3727 1809 3727 1810 3727 1868 3728 1810 3728 1869 3728 1869 3729 1810 3729 1811 3729 1869 3730 1811 3730 1870 3730 1870 3731 1811 3731 1812 3731 1870 3732 1812 3732 1882 3732 1882 3733 1812 3733 1813 3733 1882 3734 1813 3734 1865 3734 1865 3735 1813 3735 1814 3735 1865 3736 1814 3736 1866 3736 1866 3737 1814 3737 1815 3737 1866 3738 1815 3738 1867 3738 1867 3739 1815 3739 1816 3739 1867 3740 1816 3740 1883 3740 1883 3741 1816 3741 1817 3741 1883 3742 1817 3742 1862 3742 1862 3743 1817 3743 1818 3743 1862 3744 1818 3744 1863 3744 1863 3745 1818 3745 1819 3745 1863 3746 1819 3746 1864 3746 1864 3747 1819 3747 1820 3747 1864 3748 1820 3748 1884 3748 1884 3749 1820 3749 1821 3749 1884 3750 1821 3750 1877 3750 1877 3751 1821 3751 1822 3751 1877 3752 1822 3752 1878 3752 1878 3753 1822 3753 1823 3753 1878 3754 1823 3754 1879 3754 1879 3755 1823 3755 1824 3755 1879 3756 1824 3756 1885 3756 1885 3757 1824 3757 1801 3757 1682 3758 1662 3758 1684 3758 1684 3759 1662 3759 1660 3759 1684 3760 1660 3760 1686 3760 1686 3761 1660 3761 1658 3761 1686 3762 1658 3762 1688 3762 1688 3763 1658 3763 1704 3763 1688 3764 1704 3764 1690 3764 1690 3765 1704 3765 1702 3765 1690 3766 1702 3766 1692 3766 1692 3767 1702 3767 1700 3767 1692 3768 1700 3768 1694 3768 1694 3769 1700 3769 1698 3769 1694 3770 1698 3770 1696 3770 1662 3771 1682 3771 1664 3771 1664 3772 1682 3772 1680 3772 1664 3773 1680 3773 1666 3773 1666 3774 1680 3774 1678 3774 1666 3775 1678 3775 1668 3775 1668 3776 1678 3776 1676 3776 1668 3777 1676 3777 1670 3777 1670 3778 1676 3778 1674 3778 1670 3779 1674 3779 1672 3779 1886 3780 1887 3780 1888 3780 1888 3781 1887 3781 1889 3781 1888 3782 1889 3782 1890 3782 1890 3783 1889 3783 1891 3783 1890 3784 1891 3784 1892 3784 1892 3785 1891 3785 1893 3785 1892 3786 1893 3786 1894 3786 1894 3787 1893 3787 1895 3787 1894 3788 1895 3788 1896 3788 1896 3789 1895 3789 1897 3789 1896 3790 1897 3790 1898 3790 1898 3791 1897 3791 1899 3791 1898 3792 1899 3792 1900 3792 1900 3793 1899 3793 1901 3793 1900 3794 1901 3794 1902 3794 1902 3795 1901 3795 1903 3795 1902 3796 1903 3796 1904 3796 1904 3797 1903 3797 1905 3797 1904 3798 1905 3798 1906 3798 1906 3799 1905 3799 1907 3799 1906 3800 1907 3800 1908 3800 1908 3801 1907 3801 1909 3801 1908 3802 1909 3802 1910 3802 1910 3803 1909 3803 1911 3803 1910 3804 1911 3804 1912 3804 1912 3805 1911 3805 1913 3805 1912 3806 1913 3806 1914 3806 1914 3807 1913 3807 1915 3807 1914 3808 1915 3808 1916 3808 1916 3809 1915 3809 1917 3809 1916 3810 1917 3810 1918 3810 1918 3811 1917 3811 1919 3811 1918 3812 1919 3812 1920 3812 1920 3813 1919 3813 1921 3813 1920 3814 1921 3814 1922 3814 1922 3815 1921 3815 1923 3815 1922 3816 1923 3816 1924 3816 1924 3817 1923 3817 1925 3817 1924 3818 1925 3818 1926 3818 1926 3819 1925 3819 1927 3819 1926 3820 1927 3820 1928 3820 1928 3821 1927 3821 1929 3821 1928 3822 1929 3822 1930 3822 1930 3823 1929 3823 1931 3823 1930 3824 1931 3824 1932 3824 1932 3825 1931 3825 1933 3825 1932 3826 1933 3826 1886 3826 1886 3827 1933 3827 1887 3827 1934 3828 1935 3828 1936 3828 1936 3829 1935 3829 1937 3829 1936 3830 1937 3830 1938 3830 1938 3831 1937 3831 1939 3831 1938 3832 1939 3832 1940 3832 1940 3833 1939 3833 1941 3833 1940 3834 1941 3834 1942 3834 1942 3835 1941 3835 1943 3835 1942 3836 1943 3836 1944 3836 1944 3837 1943 3837 1945 3837 1944 3838 1945 3838 1946 3838 1946 3839 1945 3839 1947 3839 1946 3840 1947 3840 1948 3840 1948 3841 1947 3841 1949 3841 1948 3842 1949 3842 1950 3842 1950 3843 1949 3843 1951 3843 1950 3844 1951 3844 1952 3844 1952 3845 1951 3845 1953 3845 1952 3846 1953 3846 1954 3846 1954 3847 1953 3847 1955 3847 1954 3848 1955 3848 1956 3848 1956 3849 1955 3849 1957 3849 1956 3850 1957 3850 1958 3850 1958 3851 1957 3851 1959 3851 1958 3852 1959 3852 1960 3852 1960 3853 1959 3853 1961 3853 1960 3854 1961 3854 1962 3854 1962 3855 1961 3855 1963 3855 1962 3856 1963 3856 1964 3856 1964 3857 1963 3857 1965 3857 1964 3858 1965 3858 1966 3858 1966 3859 1965 3859 1967 3859 1966 3860 1967 3860 1968 3860 1968 3861 1967 3861 1969 3861 1968 3862 1969 3862 1970 3862 1970 3863 1969 3863 1971 3863 1970 3864 1971 3864 1972 3864 1972 3865 1971 3865 1973 3865 1972 3866 1973 3866 1974 3866 1974 3867 1973 3867 1975 3867 1974 3868 1975 3868 1976 3868 1976 3869 1975 3869 1977 3869 1976 3870 1977 3870 1978 3870 1978 3871 1977 3871 1979 3871 1978 3872 1979 3872 1980 3872 1980 3873 1979 3873 1981 3873 1980 3874 1981 3874 1934 3874 1934 3875 1981 3875 1935 3875 1982 3876 1983 3876 1984 3876 1984 3877 1983 3877 1985 3877 1984 3878 1985 3878 1986 3878 1986 3879 1985 3879 1987 3879 1986 3880 1987 3880 1988 3880 1988 3881 1987 3881 1989 3881 1988 3882 1989 3882 1990 3882 1990 3883 1989 3883 1991 3883 1990 3884 1991 3884 1992 3884 1992 3885 1991 3885 1993 3885 1992 3886 1993 3886 1994 3886 1994 3887 1993 3887 1995 3887 1994 3888 1995 3888 1996 3888 1996 3889 1995 3889 1997 3889 1996 3890 1997 3890 1998 3890 1998 3891 1997 3891 1999 3891 1998 3892 1999 3892 2000 3892 2000 3893 1999 3893 2001 3893 2000 3894 2001 3894 2002 3894 2002 3895 2001 3895 2003 3895 2002 3896 2003 3896 2004 3896 2004 3897 2003 3897 2005 3897 2004 3898 2005 3898 2006 3898 2006 3899 2005 3899 2007 3899 2006 3900 2007 3900 2008 3900 2008 3901 2007 3901 2009 3901 2008 3902 2009 3902 2010 3902 2010 3903 2009 3903 2011 3903 2010 3904 2011 3904 2012 3904 2012 3905 2011 3905 2013 3905 2012 3906 2013 3906 2014 3906 2014 3907 2013 3907 2015 3907 2014 3908 2015 3908 2016 3908 2016 3909 2015 3909 2017 3909 2016 3910 2017 3910 2018 3910 2018 3911 2017 3911 2019 3911 2018 3912 2019 3912 2020 3912 2020 3913 2019 3913 2021 3913 2020 3914 2021 3914 2022 3914 2022 3915 2021 3915 2023 3915 2022 3916 2023 3916 2024 3916 2024 3917 2023 3917 2025 3917 2024 3918 2025 3918 2026 3918 2026 3919 2025 3919 2027 3919 2026 3920 2027 3920 2028 3920 2028 3921 2027 3921 2029 3921 2028 3922 2029 3922 1982 3922 1982 3923 2029 3923 1983 3923 1937 3924 1985 3924 1939 3924 1939 3925 1985 3925 1983 3925 1939 3926 1983 3926 1941 3926 1941 3927 1983 3927 2029 3927 1941 3928 2029 3928 1943 3928 1943 3929 2029 3929 2027 3929 1943 3930 2027 3930 1945 3930 1945 3931 2027 3931 2025 3931 1945 3932 2025 3932 1947 3932 1947 3933 2025 3933 2023 3933 1947 3934 2023 3934 1949 3934 1949 3935 2023 3935 2021 3935 1949 3936 2021 3936 1951 3936 1951 3937 2021 3937 2019 3937 1951 3938 2019 3938 1953 3938 1953 3939 2019 3939 2017 3939 1953 3940 2017 3940 1955 3940 1955 3941 2017 3941 2015 3941 1955 3942 2015 3942 1957 3942 1957 3943 2015 3943 2013 3943 1957 3944 2013 3944 1959 3944 1959 3945 2013 3945 2011 3945 1959 3946 2011 3946 1961 3946 1961 3947 2011 3947 2009 3947 1961 3948 2009 3948 1963 3948 1963 3949 2009 3949 2007 3949 1963 3950 2007 3950 1965 3950 1965 3951 2007 3951 2005 3951 1965 3952 2005 3952 1967 3952 1967 3953 2005 3953 2003 3953 1967 3954 2003 3954 1969 3954 1969 3955 2003 3955 2001 3955 1969 3956 2001 3956 1971 3956 1971 3957 2001 3957 1999 3957 1971 3958 1999 3958 1973 3958 1973 3959 1999 3959 1997 3959 1973 3960 1997 3960 1975 3960 1975 3961 1997 3961 1995 3961 1975 3962 1995 3962 1977 3962 1977 3963 1995 3963 1993 3963 1977 3964 1993 3964 1979 3964 1979 3965 1993 3965 1991 3965 1979 3966 1991 3966 1981 3966 1981 3967 1991 3967 1989 3967 1981 3968 1989 3968 1935 3968 1935 3969 1989 3969 1987 3969 1935 3970 1987 3970 1937 3970 1937 3971 1987 3971 1985 3971 2030 3972 1958 3972 2031 3972 2031 3973 1958 3973 1960 3973 2031 3974 1960 3974 2032 3974 2032 3975 1960 3975 1962 3975 2032 3976 1962 3976 2033 3976 2033 3977 1962 3977 1964 3977 2033 3978 1964 3978 2034 3978 2034 3979 1964 3979 1966 3979 2034 3980 1966 3980 2035 3980 2035 3981 1966 3981 1968 3981 2035 3982 1968 3982 2036 3982 2036 3983 1968 3983 1970 3983 2036 3984 1970 3984 2037 3984 2037 3985 1970 3985 1972 3985 2037 3986 1972 3986 2038 3986 2038 3987 1972 3987 1974 3987 2038 3988 1974 3988 2039 3988 2039 3989 1974 3989 1976 3989 2039 3990 1976 3990 2040 3990 2040 3991 1976 3991 1978 3991 2040 3992 1978 3992 2041 3992 2041 3993 1978 3993 1980 3993 2041 3994 1980 3994 2042 3994 2042 3995 1980 3995 1934 3995 2042 3996 1934 3996 2043 3996 2043 3997 1934 3997 1936 3997 2043 3998 1936 3998 2044 3998 2044 3999 1936 3999 1938 3999 2044 4000 1938 4000 2045 4000 2045 4001 1938 4001 1940 4001 2045 4002 1940 4002 2046 4002 2046 4003 1940 4003 1942 4003 2046 4004 1942 4004 2047 4004 2047 4005 1942 4005 1944 4005 2047 4006 1944 4006 2048 4006 2048 4007 1944 4007 1946 4007 2048 4008 1946 4008 2049 4008 2049 4009 1946 4009 1948 4009 2049 4010 1948 4010 2050 4010 2050 4011 1948 4011 1950 4011 2050 4012 1950 4012 2051 4012 2051 4013 1950 4013 1952 4013 2051 4014 1952 4014 2052 4014 2052 4015 1952 4015 1954 4015 2052 4016 1954 4016 2053 4016 2053 4017 1954 4017 1956 4017 2053 4018 1956 4018 2030 4018 2030 4019 1956 4019 1958 4019 1890 4020 2054 4020 1888 4020 1888 4021 2054 4021 2055 4021 1888 4022 2055 4022 1886 4022 1886 4023 2055 4023 2056 4023 1886 4024 2056 4024 1932 4024 1932 4025 2056 4025 2057 4025 1932 4026 2057 4026 1930 4026 1930 4027 2057 4027 2058 4027 1930 4028 2058 4028 1928 4028 1928 4029 2058 4029 2059 4029 1928 4030 2059 4030 1926 4030 1926 4031 2059 4031 2060 4031 1926 4032 2060 4032 1924 4032 1924 4033 2060 4033 2061 4033 1924 4034 2061 4034 1922 4034 1922 4035 2061 4035 2062 4035 1922 4036 2062 4036 1920 4036 1920 4037 2062 4037 2063 4037 1920 4038 2063 4038 1918 4038 1918 4039 2063 4039 2064 4039 1918 4040 2064 4040 1916 4040 1916 4041 2064 4041 2065 4041 1916 4042 2065 4042 1914 4042 1914 4043 2065 4043 2066 4043 1914 4044 2066 4044 1912 4044 1912 4045 2066 4045 2067 4045 1912 4046 2067 4046 1910 4046 1910 4047 2067 4047 2068 4047 1910 4048 2068 4048 1908 4048 1908 4049 2068 4049 2069 4049 1908 4050 2069 4050 1906 4050 1906 4051 2069 4051 2070 4051 1906 4052 2070 4052 1904 4052 1904 4053 2070 4053 2071 4053 1904 4054 2071 4054 1902 4054 1902 4055 2071 4055 2072 4055 1902 4056 2072 4056 1900 4056 1900 4057 2072 4057 2073 4057 1900 4058 2073 4058 1898 4058 1898 4059 2073 4059 2074 4059 1898 4060 2074 4060 1896 4060 1896 4061 2074 4061 2075 4061 1896 4062 2075 4062 1894 4062 1894 4063 2075 4063 2076 4063 1894 4064 2076 4064 1892 4064 1892 4065 2076 4065 2077 4065 1892 4066 2077 4066 1890 4066 1890 4067 2077 4067 2054 4067 1986 4068 2056 4068 1984 4068 1984 4069 2056 4069 2055 4069 1984 4070 2055 4070 1982 4070 1982 4071 2055 4071 2054 4071 1982 4072 2054 4072 2028 4072 2028 4073 2054 4073 2077 4073 2028 4074 2077 4074 2026 4074 2026 4075 2077 4075 2076 4075 2026 4076 2076 4076 2024 4076 2024 4077 2076 4077 2075 4077 2024 4078 2075 4078 2022 4078 2022 4079 2075 4079 2074 4079 2022 4080 2074 4080 2020 4080 2020 4081 2074 4081 2073 4081 2020 4082 2073 4082 2018 4082 2018 4083 2073 4083 2072 4083 2018 4084 2072 4084 2016 4084 2016 4085 2072 4085 2071 4085 2016 4086 2071 4086 2014 4086 2014 4087 2071 4087 2070 4087 2014 4088 2070 4088 2012 4088 2012 4089 2070 4089 2069 4089 2012 4090 2069 4090 2010 4090 2010 4091 2069 4091 2068 4091 2010 4092 2068 4092 2008 4092 2008 4093 2068 4093 2067 4093 2008 4094 2067 4094 2006 4094 2006 4095 2067 4095 2066 4095 2006 4096 2066 4096 2004 4096 2004 4097 2066 4097 2065 4097 2004 4098 2065 4098 2002 4098 2002 4099 2065 4099 2064 4099 2002 4100 2064 4100 2000 4100 2000 4101 2064 4101 2063 4101 2000 4102 2063 4102 1998 4102 1998 4103 2063 4103 2062 4103 1998 4104 2062 4104 1996 4104 1996 4105 2062 4105 2061 4105 1996 4106 2061 4106 1994 4106 1994 4107 2061 4107 2060 4107 1994 4108 2060 4108 1992 4108 1992 4109 2060 4109 2059 4109 1992 4110 2059 4110 1990 4110 1990 4111 2059 4111 2058 4111 1990 4112 2058 4112 1988 4112 1988 4113 2058 4113 2057 4113 1988 4114 2057 4114 1986 4114 1986 4115 2057 4115 2056 4115 2078 4116 2079 4116 2080 4116 2078 4117 2080 4117 2081 4117 2078 4118 2081 4118 2082 4118 2078 4119 2082 4119 2083 4119 2078 4120 2083 4120 2084 4120 2078 4121 2084 4121 2079 4121 2085 4122 2086 4122 2079 4122 2079 4123 2086 4123 2080 4123 2086 4124 2087 4124 2080 4124 2080 4125 2087 4125 2081 4125 2087 4126 2088 4126 2081 4126 2081 4127 2088 4127 2082 4127 2088 4128 2089 4128 2082 4128 2082 4129 2089 4129 2083 4129 2089 4130 2090 4130 2083 4130 2083 4131 2090 4131 2084 4131 2090 4132 2085 4132 2084 4132 2084 4133 2085 4133 2079 4133 2085 4134 2091 4134 2086 4134 2086 4135 2091 4135 2092 4135 2086 4136 2092 4136 2093 4136 2090 4137 2094 4137 2085 4137 2085 4138 2094 4138 2095 4138 2085 4139 2095 4139 2096 4139 2089 4140 2097 4140 2090 4140 2090 4141 2097 4141 2098 4141 2090 4142 2098 4142 2099 4142 2088 4143 2100 4143 2089 4143 2089 4144 2100 4144 2101 4144 2089 4145 2101 4145 2102 4145 2087 4146 2103 4146 2088 4146 2088 4147 2103 4147 2104 4147 2088 4148 2104 4148 2105 4148 2086 4149 2106 4149 2087 4149 2087 4150 2106 4150 2107 4150 2087 4151 2107 4151 2108 4151 2105 4152 2109 4152 2088 4152 2088 4153 2109 4153 2100 4153 2102 4154 2110 4154 2089 4154 2089 4155 2110 4155 2097 4155 2099 4156 2111 4156 2090 4156 2090 4157 2111 4157 2094 4157 2096 4158 2112 4158 2085 4158 2085 4159 2112 4159 2091 4159 2093 4160 2113 4160 2086 4160 2086 4161 2113 4161 2106 4161 2108 4162 2114 4162 2087 4162 2087 4163 2114 4163 2103 4163 2114 4164 2030 4164 2103 4164 2103 4165 2030 4165 2031 4165 2103 4166 2031 4166 2104 4166 2104 4167 2031 4167 2032 4167 2104 4168 2032 4168 2105 4168 2105 4169 2032 4169 2033 4169 2105 4170 2033 4170 2109 4170 2109 4171 2033 4171 2034 4171 2109 4172 2034 4172 2100 4172 2100 4173 2034 4173 2035 4173 2100 4174 2035 4174 2101 4174 2101 4175 2035 4175 2036 4175 2101 4176 2036 4176 2102 4176 2102 4177 2036 4177 2037 4177 2102 4178 2037 4178 2110 4178 2110 4179 2037 4179 2038 4179 2110 4180 2038 4180 2097 4180 2097 4181 2038 4181 2039 4181 2097 4182 2039 4182 2098 4182 2098 4183 2039 4183 2040 4183 2098 4184 2040 4184 2099 4184 2099 4185 2040 4185 2041 4185 2099 4186 2041 4186 2111 4186 2111 4187 2041 4187 2042 4187 2111 4188 2042 4188 2094 4188 2094 4189 2042 4189 2043 4189 2094 4190 2043 4190 2095 4190 2095 4191 2043 4191 2044 4191 2095 4192 2044 4192 2096 4192 2096 4193 2044 4193 2045 4193 2096 4194 2045 4194 2112 4194 2112 4195 2045 4195 2046 4195 2112 4196 2046 4196 2091 4196 2091 4197 2046 4197 2047 4197 2091 4198 2047 4198 2092 4198 2092 4199 2047 4199 2048 4199 2092 4200 2048 4200 2093 4200 2093 4201 2048 4201 2049 4201 2093 4202 2049 4202 2113 4202 2113 4203 2049 4203 2050 4203 2113 4204 2050 4204 2106 4204 2106 4205 2050 4205 2051 4205 2106 4206 2051 4206 2107 4206 2107 4207 2051 4207 2052 4207 2107 4208 2052 4208 2108 4208 2108 4209 2052 4209 2053 4209 2108 4210 2053 4210 2114 4210 2114 4211 2053 4211 2030 4211 1911 4212 1891 4212 1913 4212 1913 4213 1891 4213 1889 4213 1913 4214 1889 4214 1915 4214 1915 4215 1889 4215 1887 4215 1915 4216 1887 4216 1917 4216 1917 4217 1887 4217 1933 4217 1917 4218 1933 4218 1919 4218 1919 4219 1933 4219 1931 4219 1919 4220 1931 4220 1921 4220 1921 4221 1931 4221 1929 4221 1921 4222 1929 4222 1923 4222 1923 4223 1929 4223 1927 4223 1923 4224 1927 4224 1925 4224 1891 4225 1911 4225 1893 4225 1893 4226 1911 4226 1909 4226 1893 4227 1909 4227 1895 4227 1895 4228 1909 4228 1907 4228 1895 4229 1907 4229 1897 4229 1897 4230 1907 4230 1905 4230 1897 4231 1905 4231 1899 4231 1899 4232 1905 4232 1903 4232 1899 4233 1903 4233 1901 4233 2115 4234 2116 4234 2117 4234 2117 4235 2116 4235 2118 4235 2117 4236 2118 4236 2119 4236 2119 4237 2118 4237 2120 4237 2119 4238 2120 4238 2121 4238 2121 4239 2120 4239 2122 4239 2121 4240 2122 4240 2123 4240 2123 4241 2122 4241 2124 4241 2123 4242 2124 4242 2125 4242 2125 4243 2124 4243 2126 4243 2125 4244 2126 4244 2127 4244 2127 4245 2126 4245 2128 4245 2127 4246 2128 4246 2129 4246 2129 4247 2128 4247 2130 4247 2129 4248 2130 4248 2131 4248 2131 4249 2130 4249 2132 4249 2131 4250 2132 4250 2133 4250 2133 4251 2132 4251 2134 4251 2133 4252 2134 4252 2135 4252 2135 4253 2134 4253 2136 4253 2135 4254 2136 4254 2137 4254 2137 4255 2136 4255 2138 4255 2137 4256 2138 4256 2139 4256 2139 4257 2138 4257 2140 4257 2139 4258 2140 4258 2141 4258 2141 4259 2140 4259 2142 4259 2141 4260 2142 4260 2143 4260 2143 4261 2142 4261 2144 4261 2143 4262 2144 4262 2145 4262 2145 4263 2144 4263 2146 4263 2145 4264 2146 4264 2147 4264 2147 4265 2146 4265 2148 4265 2147 4266 2148 4266 2149 4266 2149 4267 2148 4267 2150 4267 2149 4268 2150 4268 2151 4268 2151 4269 2150 4269 2152 4269 2151 4270 2152 4270 2153 4270 2153 4271 2152 4271 2154 4271 2153 4272 2154 4272 2155 4272 2155 4273 2154 4273 2156 4273 2155 4274 2156 4274 2157 4274 2157 4275 2156 4275 2158 4275 2157 4276 2158 4276 2159 4276 2159 4277 2158 4277 2160 4277 2159 4278 2160 4278 2161 4278 2161 4279 2160 4279 2162 4279 2161 4280 2162 4280 2115 4280 2115 4281 2162 4281 2116 4281 2163 4282 2164 4282 2165 4282 2165 4283 2164 4283 2166 4283 2165 4284 2166 4284 2167 4284 2167 4285 2166 4285 2168 4285 2167 4286 2168 4286 2169 4286 2169 4287 2168 4287 2170 4287 2169 4288 2170 4288 2171 4288 2171 4289 2170 4289 2172 4289 2171 4290 2172 4290 2173 4290 2173 4291 2172 4291 2174 4291 2173 4292 2174 4292 2175 4292 2175 4293 2174 4293 2176 4293 2175 4294 2176 4294 2177 4294 2177 4295 2176 4295 2178 4295 2177 4296 2178 4296 2179 4296 2179 4297 2178 4297 2180 4297 2179 4298 2180 4298 2181 4298 2181 4299 2180 4299 2182 4299 2181 4300 2182 4300 2183 4300 2183 4301 2182 4301 2184 4301 2183 4302 2184 4302 2185 4302 2185 4303 2184 4303 2186 4303 2185 4304 2186 4304 2187 4304 2187 4305 2186 4305 2188 4305 2187 4306 2188 4306 2189 4306 2189 4307 2188 4307 2190 4307 2189 4308 2190 4308 2191 4308 2191 4309 2190 4309 2192 4309 2191 4310 2192 4310 2193 4310 2193 4311 2192 4311 2194 4311 2193 4312 2194 4312 2195 4312 2195 4313 2194 4313 2196 4313 2195 4314 2196 4314 2197 4314 2197 4315 2196 4315 2198 4315 2197 4316 2198 4316 2199 4316 2199 4317 2198 4317 2200 4317 2199 4318 2200 4318 2201 4318 2201 4319 2200 4319 2202 4319 2201 4320 2202 4320 2203 4320 2203 4321 2202 4321 2204 4321 2203 4322 2204 4322 2205 4322 2205 4323 2204 4323 2206 4323 2205 4324 2206 4324 2207 4324 2207 4325 2206 4325 2208 4325 2207 4326 2208 4326 2209 4326 2209 4327 2208 4327 2210 4327 2209 4328 2210 4328 2163 4328 2163 4329 2210 4329 2164 4329 2211 4330 2212 4330 2213 4330 2213 4331 2212 4331 2214 4331 2213 4332 2214 4332 2215 4332 2215 4333 2214 4333 2216 4333 2215 4334 2216 4334 2217 4334 2217 4335 2216 4335 2218 4335 2217 4336 2218 4336 2219 4336 2219 4337 2218 4337 2220 4337 2219 4338 2220 4338 2221 4338 2221 4339 2220 4339 2222 4339 2221 4340 2222 4340 2223 4340 2223 4341 2222 4341 2224 4341 2223 4342 2224 4342 2225 4342 2225 4343 2224 4343 2226 4343 2225 4344 2226 4344 2227 4344 2227 4345 2226 4345 2228 4345 2227 4346 2228 4346 2229 4346 2229 4347 2228 4347 2230 4347 2229 4348 2230 4348 2231 4348 2231 4349 2230 4349 2232 4349 2231 4350 2232 4350 2233 4350 2233 4351 2232 4351 2234 4351 2233 4352 2234 4352 2235 4352 2235 4353 2234 4353 2236 4353 2235 4354 2236 4354 2237 4354 2237 4355 2236 4355 2238 4355 2237 4356 2238 4356 2239 4356 2239 4357 2238 4357 2240 4357 2239 4358 2240 4358 2241 4358 2241 4359 2240 4359 2242 4359 2241 4360 2242 4360 2243 4360 2243 4361 2242 4361 2244 4361 2243 4362 2244 4362 2245 4362 2245 4363 2244 4363 2246 4363 2245 4364 2246 4364 2247 4364 2247 4365 2246 4365 2248 4365 2247 4366 2248 4366 2249 4366 2249 4367 2248 4367 2250 4367 2249 4368 2250 4368 2251 4368 2251 4369 2250 4369 2252 4369 2251 4370 2252 4370 2253 4370 2253 4371 2252 4371 2254 4371 2253 4372 2254 4372 2255 4372 2255 4373 2254 4373 2256 4373 2255 4374 2256 4374 2257 4374 2257 4375 2256 4375 2258 4375 2257 4376 2258 4376 2211 4376 2211 4377 2258 4377 2212 4377 2166 4378 2214 4378 2168 4378 2168 4379 2214 4379 2212 4379 2168 4380 2212 4380 2170 4380 2170 4381 2212 4381 2258 4381 2170 4382 2258 4382 2172 4382 2172 4383 2258 4383 2256 4383 2172 4384 2256 4384 2174 4384 2174 4385 2256 4385 2254 4385 2174 4386 2254 4386 2176 4386 2176 4387 2254 4387 2252 4387 2176 4388 2252 4388 2178 4388 2178 4389 2252 4389 2250 4389 2178 4390 2250 4390 2180 4390 2180 4391 2250 4391 2248 4391 2180 4392 2248 4392 2182 4392 2182 4393 2248 4393 2246 4393 2182 4394 2246 4394 2184 4394 2184 4395 2246 4395 2244 4395 2184 4396 2244 4396 2186 4396 2186 4397 2244 4397 2242 4397 2186 4398 2242 4398 2188 4398 2188 4399 2242 4399 2240 4399 2188 4400 2240 4400 2190 4400 2190 4401 2240 4401 2238 4401 2190 4402 2238 4402 2192 4402 2192 4403 2238 4403 2236 4403 2192 4404 2236 4404 2194 4404 2194 4405 2236 4405 2234 4405 2194 4406 2234 4406 2196 4406 2196 4407 2234 4407 2232 4407 2196 4408 2232 4408 2198 4408 2198 4409 2232 4409 2230 4409 2198 4410 2230 4410 2200 4410 2200 4411 2230 4411 2228 4411 2200 4412 2228 4412 2202 4412 2202 4413 2228 4413 2226 4413 2202 4414 2226 4414 2204 4414 2204 4415 2226 4415 2224 4415 2204 4416 2224 4416 2206 4416 2206 4417 2224 4417 2222 4417 2206 4418 2222 4418 2208 4418 2208 4419 2222 4419 2220 4419 2208 4420 2220 4420 2210 4420 2210 4421 2220 4421 2218 4421 2210 4422 2218 4422 2164 4422 2164 4423 2218 4423 2216 4423 2164 4424 2216 4424 2166 4424 2166 4425 2216 4425 2214 4425 2259 4426 2260 4426 2189 4426 2189 4427 2260 4427 2261 4427 2189 4428 2261 4428 2187 4428 2187 4429 2261 4429 2262 4429 2187 4430 2262 4430 2185 4430 2185 4431 2262 4431 2263 4431 2185 4432 2263 4432 2183 4432 2183 4433 2263 4433 2264 4433 2183 4434 2264 4434 2181 4434 2181 4435 2264 4435 2265 4435 2181 4436 2265 4436 2179 4436 2179 4437 2265 4437 2266 4437 2179 4438 2266 4438 2177 4438 2177 4439 2266 4439 2267 4439 2177 4440 2267 4440 2175 4440 2175 4441 2267 4441 2268 4441 2175 4442 2268 4442 2173 4442 2173 4443 2268 4443 2269 4443 2173 4444 2269 4444 2171 4444 2171 4445 2269 4445 2270 4445 2171 4446 2270 4446 2169 4446 2169 4447 2270 4447 2271 4447 2169 4448 2271 4448 2167 4448 2167 4449 2271 4449 2272 4449 2167 4450 2272 4450 2165 4450 2165 4451 2272 4451 2273 4451 2165 4452 2273 4452 2274 4452 2165 4453 2274 4453 2163 4453 2163 4454 2274 4454 2275 4454 2163 4455 2275 4455 2209 4455 2209 4456 2275 4456 2276 4456 2209 4457 2276 4457 2207 4457 2207 4458 2276 4458 2277 4458 2207 4459 2277 4459 2205 4459 2205 4460 2277 4460 2278 4460 2205 4461 2278 4461 2203 4461 2203 4462 2278 4462 2279 4462 2203 4463 2279 4463 2201 4463 2201 4464 2279 4464 2280 4464 2201 4465 2280 4465 2199 4465 2199 4466 2280 4466 2281 4466 2199 4467 2281 4467 2197 4467 2197 4468 2281 4468 2282 4468 2197 4469 2282 4469 2195 4469 2195 4470 2282 4470 2283 4470 2195 4471 2283 4471 2193 4471 2193 4472 2283 4472 2284 4472 2193 4473 2284 4473 2191 4473 2191 4474 2284 4474 2259 4474 2191 4475 2259 4475 2189 4475 2119 4476 2285 4476 2117 4476 2117 4477 2285 4477 2286 4477 2117 4478 2286 4478 2115 4478 2115 4479 2286 4479 2287 4479 2115 4480 2287 4480 2161 4480 2161 4481 2287 4481 2288 4481 2161 4482 2288 4482 2159 4482 2159 4483 2288 4483 2289 4483 2159 4484 2289 4484 2157 4484 2157 4485 2289 4485 2290 4485 2157 4486 2290 4486 2155 4486 2155 4487 2290 4487 2291 4487 2155 4488 2291 4488 2153 4488 2153 4489 2291 4489 2292 4489 2153 4490 2292 4490 2151 4490 2151 4491 2292 4491 2293 4491 2151 4492 2293 4492 2149 4492 2149 4493 2293 4493 2294 4493 2149 4494 2294 4494 2147 4494 2147 4495 2294 4495 2295 4495 2147 4496 2295 4496 2145 4496 2145 4497 2295 4497 2296 4497 2145 4498 2296 4498 2143 4498 2143 4499 2296 4499 2297 4499 2143 4500 2297 4500 2141 4500 2141 4501 2297 4501 2298 4501 2141 4502 2298 4502 2139 4502 2139 4503 2298 4503 2299 4503 2139 4504 2299 4504 2137 4504 2137 4505 2299 4505 2300 4505 2137 4506 2300 4506 2135 4506 2135 4507 2300 4507 2301 4507 2135 4508 2301 4508 2133 4508 2133 4509 2301 4509 2302 4509 2133 4510 2302 4510 2131 4510 2131 4511 2302 4511 2303 4511 2131 4512 2303 4512 2129 4512 2129 4513 2303 4513 2304 4513 2129 4514 2304 4514 2127 4514 2127 4515 2304 4515 2305 4515 2127 4516 2305 4516 2125 4516 2125 4517 2305 4517 2306 4517 2125 4518 2306 4518 2123 4518 2123 4519 2306 4519 2307 4519 2123 4520 2307 4520 2121 4520 2121 4521 2307 4521 2308 4521 2121 4522 2308 4522 2119 4522 2119 4523 2308 4523 2285 4523 2215 4524 2287 4524 2213 4524 2213 4525 2287 4525 2286 4525 2213 4526 2286 4526 2211 4526 2211 4527 2286 4527 2285 4527 2211 4528 2285 4528 2257 4528 2257 4529 2285 4529 2308 4529 2257 4530 2308 4530 2255 4530 2255 4531 2308 4531 2307 4531 2255 4532 2307 4532 2253 4532 2253 4533 2307 4533 2306 4533 2253 4534 2306 4534 2251 4534 2251 4535 2306 4535 2305 4535 2251 4536 2305 4536 2249 4536 2249 4537 2305 4537 2304 4537 2249 4538 2304 4538 2247 4538 2247 4539 2304 4539 2303 4539 2247 4540 2303 4540 2245 4540 2245 4541 2303 4541 2302 4541 2245 4542 2302 4542 2243 4542 2243 4543 2302 4543 2301 4543 2243 4544 2301 4544 2241 4544 2241 4545 2301 4545 2300 4545 2241 4546 2300 4546 2239 4546 2239 4547 2300 4547 2299 4547 2239 4548 2299 4548 2237 4548 2237 4549 2299 4549 2298 4549 2237 4550 2298 4550 2235 4550 2235 4551 2298 4551 2297 4551 2235 4552 2297 4552 2233 4552 2233 4553 2297 4553 2296 4553 2233 4554 2296 4554 2231 4554 2231 4555 2296 4555 2295 4555 2231 4556 2295 4556 2229 4556 2229 4557 2295 4557 2294 4557 2229 4558 2294 4558 2227 4558 2227 4559 2294 4559 2293 4559 2227 4560 2293 4560 2225 4560 2225 4561 2293 4561 2292 4561 2225 4562 2292 4562 2223 4562 2223 4563 2292 4563 2291 4563 2223 4564 2291 4564 2221 4564 2221 4565 2291 4565 2290 4565 2221 4566 2290 4566 2219 4566 2219 4567 2290 4567 2289 4567 2219 4568 2289 4568 2217 4568 2217 4569 2289 4569 2288 4569 2217 4570 2288 4570 2215 4570 2215 4571 2288 4571 2287 4571 2309 4572 2310 4572 2311 4572 2309 4573 2311 4573 2312 4573 2309 4574 2312 4574 2313 4574 2309 4575 2313 4575 2314 4575 2309 4576 2314 4576 2315 4576 2309 4577 2315 4577 2310 4577 2316 4578 2317 4578 2310 4578 2310 4579 2317 4579 2311 4579 2317 4580 2318 4580 2311 4580 2311 4581 2318 4581 2312 4581 2318 4582 2319 4582 2312 4582 2312 4583 2319 4583 2313 4583 2319 4584 2320 4584 2313 4584 2313 4585 2320 4585 2314 4585 2320 4586 2321 4586 2314 4586 2314 4587 2321 4587 2315 4587 2321 4588 2316 4588 2315 4588 2315 4589 2316 4589 2310 4589 2316 4590 2322 4590 2317 4590 2317 4591 2322 4591 2323 4591 2317 4592 2323 4592 2324 4592 2321 4593 2325 4593 2316 4593 2316 4594 2325 4594 2326 4594 2316 4595 2326 4595 2327 4595 2320 4596 2328 4596 2321 4596 2321 4597 2328 4597 2329 4597 2321 4598 2329 4598 2330 4598 2319 4599 2331 4599 2320 4599 2320 4600 2331 4600 2332 4600 2320 4601 2332 4601 2333 4601 2318 4602 2334 4602 2319 4602 2319 4603 2334 4603 2335 4603 2319 4604 2335 4604 2336 4604 2317 4605 2337 4605 2318 4605 2318 4606 2337 4606 2338 4606 2318 4607 2338 4607 2339 4607 2336 4608 2340 4608 2319 4608 2319 4609 2340 4609 2331 4609 2333 4610 2341 4610 2320 4610 2320 4611 2341 4611 2342 4611 2320 4612 2342 4612 2328 4612 2330 4613 2343 4613 2321 4613 2321 4614 2343 4614 2325 4614 2327 4615 2344 4615 2316 4615 2316 4616 2344 4616 2322 4616 2324 4617 2345 4617 2317 4617 2317 4618 2345 4618 2346 4618 2317 4619 2346 4619 2337 4619 2339 4620 2347 4620 2318 4620 2318 4621 2347 4621 2334 4621 2347 4622 2261 4622 2334 4622 2334 4623 2261 4623 2260 4623 2334 4624 2260 4624 2335 4624 2335 4625 2260 4625 2259 4625 2335 4626 2259 4626 2336 4626 2336 4627 2259 4627 2284 4627 2336 4628 2284 4628 2340 4628 2340 4629 2284 4629 2283 4629 2340 4630 2283 4630 2331 4630 2331 4631 2283 4631 2282 4631 2331 4632 2282 4632 2332 4632 2332 4633 2282 4633 2281 4633 2332 4634 2281 4634 2333 4634 2333 4635 2281 4635 2280 4635 2333 4636 2280 4636 2341 4636 2341 4637 2280 4637 2279 4637 2341 4638 2279 4638 2342 4638 2342 4639 2279 4639 2278 4639 2342 4640 2278 4640 2328 4640 2328 4641 2278 4641 2277 4641 2328 4642 2277 4642 2329 4642 2329 4643 2277 4643 2276 4643 2329 4644 2276 4644 2330 4644 2330 4645 2276 4645 2275 4645 2330 4646 2275 4646 2343 4646 2343 4647 2275 4647 2274 4647 2343 4648 2274 4648 2325 4648 2325 4649 2274 4649 2273 4649 2325 4650 2273 4650 2326 4650 2326 4651 2273 4651 2272 4651 2326 4652 2272 4652 2327 4652 2327 4653 2272 4653 2271 4653 2327 4654 2271 4654 2344 4654 2344 4655 2271 4655 2270 4655 2344 4656 2270 4656 2322 4656 2322 4657 2270 4657 2269 4657 2322 4658 2269 4658 2323 4658 2323 4659 2269 4659 2268 4659 2323 4660 2268 4660 2324 4660 2324 4661 2268 4661 2267 4661 2324 4662 2267 4662 2345 4662 2345 4663 2267 4663 2266 4663 2345 4664 2266 4664 2346 4664 2346 4665 2266 4665 2265 4665 2346 4666 2265 4666 2337 4666 2337 4667 2265 4667 2264 4667 2337 4668 2264 4668 2338 4668 2338 4669 2264 4669 2263 4669 2338 4670 2263 4670 2339 4670 2339 4671 2263 4671 2262 4671 2339 4672 2262 4672 2347 4672 2347 4673 2262 4673 2261 4673 2140 4674 2120 4674 2142 4674 2142 4675 2120 4675 2118 4675 2142 4676 2118 4676 2144 4676 2144 4677 2118 4677 2116 4677 2144 4678 2116 4678 2146 4678 2146 4679 2116 4679 2162 4679 2146 4680 2162 4680 2148 4680 2148 4681 2162 4681 2160 4681 2148 4682 2160 4682 2150 4682 2150 4683 2160 4683 2158 4683 2150 4684 2158 4684 2152 4684 2152 4685 2158 4685 2156 4685 2152 4686 2156 4686 2154 4686 2120 4687 2140 4687 2122 4687 2122 4688 2140 4688 2138 4688 2122 4689 2138 4689 2124 4689 2124 4690 2138 4690 2136 4690 2124 4691 2136 4691 2126 4691 2126 4692 2136 4692 2134 4692 2126 4693 2134 4693 2128 4693 2128 4694 2134 4694 2132 4694 2128 4695 2132 4695 2130 4695</p>
        </triangles>
      </mesh>
    </geometry>
  </library_geometries>
  <library_visual_scenes>
    <visual_scene id="Scene" name="Scene">
      <node id="soporte_v4_20x20__IMPRESIÓN_3D_" name="soporte_v4_20x20 [IMPRESIÓN 3D]" type="NODE">
        <matrix sid="transform">0.001 0 0 0 0 0.001 0 -0.05 0 0 0.001 0 0 0 0 1</matrix>
        <instance_geometry url="#soporte_v4_20x20__IMPRESIÓN_3D_-mesh" name="soporte_v4_20x20 [IMPRESIÓN 3D]">
          <bind_material>
            <technique_common>
              <instance_material symbol="Material_001-material" target="#Material_001-material"/>
            </technique_common>
          </bind_material>
        </instance_geometry>
      </node>
      <node id="Camera" name="Camera" type="NODE">
        <matrix sid="transform">0.6859207 -0.3240135 0.6515582 7.358891 0.7276763 0.3054208 -0.6141704 -6.925791 0 0.8953956 0.4452714 4.958309 0 0 0 1</matrix>
        <instance_camera url="#Camera-camera"/>
      </node>
      <node id="Light" name="Light" type="NODE">
        <matrix sid="transform">-0.2908646 -0.7711008 0.5663932 4.076245 0.9551712 -0.1998834 0.2183912 1.005454 -0.05518906 0.6045247 0.7946723 5.903862 0 0 0 1</matrix>
        <instance_light url="#Light-light"/>
      </node>
    </visual_scene>
  </library_visual_scenes>
  <scene>
    <instance_visual_scene url="#Scene"/>
  </scene>
</COLLADA>